fee,slip,historical,n,net_pnl,closed_net,funding,pf,wr,mdd,worst30,mh,mh_net,sn,worst_trade,hours
4.0,0,False,269,7926.701053608433,7926.701053608431,-7.3889463915683145,2.989664924093395,63.19702602230484,368.53124739577197,-296.1102480460622,75,-3330.5362822248544,2,-167.78402024567558,1631
3.6,0,False,269,8034.301053608399,8034.301053608432,-7.3889463915683145,3.0367112393454003,63.94052044609665,365.3312473957749,-290.7102480460653,75,-3300.5362822248544,2,-167.38402024567557,1631
3.5,0,False,271,8095.582368039296,8095.582368039295,-6.967631960704377,3.0573050237363355,64.20664206642066,364.53124739577197,-289.3602480460622,75,-3293.0362822248544,2,-167.28402024567558,1647
3.0,0,False,273,8169.490547456876,8169.490547456877,-7.159452543123043,3.0621333210176536,64.46886446886447,360.53124739577197,-282.6102480460622,76,-3330.398102807273,2,-166.78402024567558,1654
2.0,0,False,277,8406.151814849176,8406.151814849172,-7.498185150827659,3.119004676157208,64.25992779783394,356.39892330966995,-269.1102480460622,79,-3356.117108463514,2,-165.78402024567558,1683
0.0,0,False,279,9132.448847731173,9132.44884773116,-7.77115226883938,3.4226229902572896,64.87455197132617,336.53124739577197,-242.11024804606222,79,-3198.117108463514,2,-163.78402024567558,1702
4.0,2,False,269,7584.532535028698,7584.532535028697,-7.277464971303248,2.8486663137490122,62.45353159851301,381.2718771909613,-308.4193224269875,77,-3460.782690566977,2,-167.99400504668492,1633
3.6,2,False,269,7692.132535028662,7692.132535028696,-7.277464971303248,2.8934040811193578,62.825278810408925,378.07187719096146,-303.0193224269897,77,-3429.982690566977,2,-167.5940050466849,1633
3.5,2,False,269,7719.032535028697,7719.032535028698,-7.277464971303248,2.9047138836732085,62.825278810408925,377.2718771909613,-301.6693224269875,77,-3422.282690566977,2,-167.49400504668492,1633
3.0,2,False,269,7853.532535028698,7853.532535028697,-7.277464971303248,2.961963336625538,63.19702602230484,373.2718771909613,-294.9193224269875,77,-3383.782690566977,2,-166.99400504668492,1633
2.0,2,False,269,8122.532535028696,8122.532535028698,-7.277464971303248,3.0804124845892145,63.94052044609665,365.2718771909613,-281.4193224269875,77,-3306.782690566977,2,-165.99400504668492,1633
0.0,2,False,278,8701.81505015572,8701.815050155717,-7.46494984428151,3.2387282855947688,64.38848920863309,349.95861676145796,-254.41932242698658,81,-3326.733503019054,2,-163.99400504668492,1695
4.0,5,False,267,7018.892180315112,7018.892180315107,-6.867819684892545,2.6579915992489056,61.42322097378277,400.3716378349627,-340.7502925427889,78,-3593.178874164472,2,-168.31398223679395,1632
3.6,5,False,267,7125.6921803150735,7125.692180315107,-6.867819684892545,2.6996412402835475,61.79775280898876,397.1716378349638,-335.35029254279107,78,-3561.978874164471,2,-167.91398223679397,1632
3.5,5,False,267,7152.3921803151125,7152.392180315107,-6.867819684892545,2.7101705359926616,61.79775280898876,396.3716378349627,-334.0002925427889,78,-3554.178874164472,2,-167.81398223679395,1632
3.0,5,False,269,7247.699429807108,7247.699429807103,-7.330570192896946,2.725771869726448,62.0817843866171,392.3716378349627,-327.2502925427889,79,-3583.4268057376553,2,-167.31398223679395,1642
2.0,5,False,269,7516.699429807109,7516.699429807103,-7.330570192896946,2.8343283161271393,62.45353159851301,384.3716378349627,-313.7502925427889,79,-3504.4268057376553,2,-166.31398223679395,1642
0.0,5,False,269,8054.69942980711,8054.699429807103,-7.330570192896946,3.066269859903467,63.19702602230484,368.3716378349627,-286.7502925427889,79,-3346.4268057376553,2,-164.31398223679395,1642
4.0,0,True,269,7869.645330759005,7869.645330759002,-8.504669240997945,2.8363730639878653,63.19702602230484,393.7191407811524,-328.9853117125922,75,-3623.2799577435007,2,-167.78402024567558,1631
3.6,0,True,269,7984.045330758964,7984.045330759002,-8.504669240997945,2.881683495215664,63.94052044609665,383.9191407811559,-321.8853117125964,75,-3590.2799577435007,2,-167.38402024567557,1631
3.5,0,True,271,8047.026645189866,8047.026645189866,-8.083354810134008,2.90123183409842,64.20664206642066,381.46914078115424,-320.1103117125931,75,-3582.0299577435007,2,-167.28402024567558,1647
3.0,0,True,273,8129.434824607448,8129.434824607447,-8.275175392552676,2.910488552866631,64.46886446886447,369.21914078115424,-311.235311712594,76,-3615.64177832592,2,-166.78402024567558,1654
2.0,0,True,277,8383.096091999749,8383.096091999743,-8.613908000257291,2.9713246938075404,64.25992779783394,356.39892330966995,-293.4853117125931,79,-3633.86078398216,2,-165.78402024567558,1683
0.0,0,True,279,9143.393124881746,9143.393124881732,-8.88687511826901,3.2636957033889016,64.87455197132617,336.53124739577197,-257.9853117125931,79,-3460.86078398216,2,-163.78402024567558,1702
4.0,2,True,269,7500.237328066414,7500.237328066414,-8.392671933585234,2.6978383262577337,62.45353159851301,432.97637083770405,-357.3486270670164,77,-3765.5462067888684,2,-167.99400504668492,1633
3.6,2,True,269,7614.637328066387,7614.637328066414,-8.392671933585234,2.7409522700349784,62.825278810408925,423.17637083770296,-350.24862706701515,77,-3731.746206788868,2,-167.5940050466849,1633
3.5,2,True,269,7643.237328066413,7643.237328066415,-8.392671933585234,2.751836867656989,62.825278810408925,420.72637083770405,-348.4736270670164,77,-3723.2962067888684,2,-167.49400504668492,1633
3.0,2,True,269,7786.237328066414,7786.237328066415,-8.392671933585234,2.8068889728313993,63.19702602230484,408.47637083770405,-339.5986270670164,77,-3681.0462067888684,2,-166.99400504668492,1633
2.0,2,True,269,8072.237328066416,8072.237328066414,-8.392671933585234,2.9207767732351337,63.94052044609665,383.97637083770223,-321.8486270670164,77,-3596.5462067888684,2,-165.99400504668492,1633
0.0,2,True,278,8685.519843193439,8685.519843193437,-8.580156806563497,3.083235070463702,64.38848920863309,349.95861676145796,-286.3486270670146,81,-3601.4970192409455,2,-163.99400504668492,1695
4.0,5,True,267,6900.967747016464,6900.967747016459,-7.982252983540695,2.511730329273403,61.42322097378277,491.8698205508508,-399.9021130713227,78,-3919.4291882101716,2,-168.31398223679395,1632
3.6,5,True,267,7014.567747016432,7014.567747016459,-7.982252983540695,2.5518802390409,61.79775280898876,482.0698205508488,-392.8021130713205,78,-3885.029188210171,2,-167.91398223679397,1632
3.5,5,True,267,7042.967747016464,7042.967747016459,-7.982252983540695,2.562033851263653,61.79775280898876,479.6198205508508,-391.0271130713227,78,-3876.4291882101716,2,-167.81398223679395,1632
3.0,5,True,269,7146.7749965084595,7146.774996508455,-8.445003491545096,2.5807036412249538,62.0817843866171,467.3698205508508,-382.1521130713236,79,-3901.6771197833546,2,-167.31398223679395,1642
2.0,5,True,269,7432.77499650846,7432.774996508455,-8.445003491545096,2.685677304336222,62.45353159851301,442.8698205508508,-364.4021130713236,79,-3814.6771197833546,2,-166.31398223679395,1642
0.0,5,True,269,8004.774996508462,8004.774996508455,-8.445003491545096,2.9093383516985996,63.19702602230484,393.8698205508481,-328.90211307131995,79,-3640.677119783355,2,-164.31398223679395,1642
