side,margin,qty_exact,fee_exact,entry_exact,entry_bar,exit_bar,entry_dt,exit_dt,entry_price,exit_price,pnl_pct,pnl,reason_code,bars_held,mfe_pct,mae_pct,gk_pctile,regime_code,funding,funding_low,funding_high,net,valid,F45,F15,F60,R15,strong,weak,divergent,V45,V15,B45,B15
S,200.0,1.5226320217127325,4.0,2627.03,381,391,2024-09-24 09:00:00,2024-09-24 19:00:00,2627.03,2646.25,-0.732,-33.26,MH,10,0.734,-1.529,33.3,MILD_UP,0.19302238923803686,0.19302238923803686,0.19302238923803686,-33.06697761076196,True,0.06795773302657349,0.07483855658488647,0.07009294422968548,0.006290521474016986,True,False,False,110484.277,49710.606,51488.008,22995.168
S,200.0,1.5287422655196004,4.0,2616.53,417,422,2024-09-25 21:00:00,2024-09-26 02:00:00,2616.53,2574.56,1.604,60.16,TP,5,2.116,-0.463,14.1,UP,0.1406210756994951,0.1406210756994951,0.1406210756994951,60.30062107569949,True,0.1274167195519078,0.12212208292954407,0.12603950898594152,0.0021699170931499534,False,False,False,29786.193,10471.635999999999,12995.467,4596.409
L,200.0,1.5061772092795578,4.0,2655.73,555,562,2024-10-01 15:00:00,2024-10-01 22:00:00,2655.73,2579.72,-2.862,-118.48,MH,7,0.045,-3.41,8.1,MILD_UP,-0.39835224213304815,-0.39835224213304815,-0.39835224213304815,-118.87835224213305,True,0.07056309433852026,0.2498875266495173,0.1624029839385548,0.004934366119370814,True,False,False,44294.727,46499.904,23710.15,29059.825
S,200.0,1.5505558742809298,4.0,2579.72,562,564,2024-10-01 22:00:00,2024-10-02 00:00:00,2579.72,2523.54,2.178,83.11,TP,2,3.866,-0.423,1.0,MILD_UP,0.32868175993197574,0.0,0.32868175993197574,83.43868175993198,True,0.07831140401344738,-0.09781944349557459,0.035361190483224725,0.0008559488444690455,False,False,False,310995.433,100294.764,143320.472,55052.77099999999
S,200.0,1.6428454082470838,4.0,2434.8,748,759,2024-10-09 16:00:00,2024-10-10 03:00:00,2434.8,2414.24,0.844,29.78,BE,11,1.101,-1.513,19.2,DOWN,0.40419582717266306,0.40419582717266306,0.5498027652823592,30.184195827172665,True,0.018355870684750863,0.2758940828863312,0.05196797003237652,0.0008863502068149343,True,False,False,61489.701,9229.821,30180.502000000004,3341.6839999999997
S,200.0,1.5416040390025822,4.0,2594.7,890,900,2024-10-15 14:00:00,2024-10-16 00:00:00,2594.7,2572.58,0.853,30.1,TP,10,2.238,-3.625,6.1,MILD_UP,0.7997502601456816,0.4031602882799553,0.7997502601456816,30.899750260145684,True,0.2726064389848464,0.05913424451756066,0.24454281533895006,-0.0008987914533804542,False,True,False,106680.015,16147.192,38799.178,7596.17
S,200.0,1.5163921996785248,4.0,2637.84,1053,1063,2024-10-22 09:00:00,2024-10-22 19:00:00,2637.84,2632.46,0.204,4.16,MHx,10,0.942,-0.825,34.3,UP,0.40132973810541955,0.40132973810541955,0.40132973810541955,4.56132973810542,True,0.2283115449389439,-0.009262209158190204,0.20070010940236183,-0.0019485625078341506,False,True,False,292649.22199999995,38485.311,112917.01299999999,19420.885
S,200.0,1.5372199377425926,4.0,2602.1,1084,1092,2024-10-23 16:00:00,2024-10-24 00:00:00,2602.1,2539.53,2.405,92.18,TP,8,2.809,-0.321,27.3,MILD_UP,0.3903915112855002,0.0,0.7904002117581954,92.57039151128551,True,0.1338414898323218,0.10203396708727563,0.12310311933403917,0.0017876597768878844,False,False,False,56064.61800000001,28574.602,24280.423000000003,12829.510999999999
S,200.0,1.516748697492056,4.0,2637.22,1277,1283,2024-10-31 17:00:00,2024-10-31 23:00:00,2637.22,2556.05,3.078,119.11,TP,6,3.653,-0.447,10.1,DOWN,0.0,0.0,0.0,119.11,True,0.25424933412315587,-0.15763468223615118,0.20576954333239528,-0.0021698568502492854,False,True,False,94460.035,12601.402,35221.817,7293.91
S,200.0,1.5989574797232204,4.0,2501.63,1294,1304,2024-11-01 10:00:00,2024-11-01 20:00:00,2501.63,2515.84,-0.568,-26.72,MH,10,1.372,-0.985,32.3,DOWN,0.4004153497983315,0.4004153497983315,0.4004153497983315,-26.319584650201666,True,0.19252073149020332,0.19613194877908446,0.19373863195546748,0.006982319924420888,True,False,False,138086.552,70268.87299999999,55751.013999999996,28243.451
L,200.0,1.5767772250297616,4.0,2536.82,1305,1307,2024-11-01 21:00:00,2024-11-01 23:00:00,2536.82,2562.0,0.993,35.7,MFE,2,2.012,-0.268,17.2,SIDE,0.0,0.0,0.0,35.7,True,0.13530972060274848,-0.17020258486352924,0.08810277373761966,0.0004061850547560919,False,False,False,172302.196,31489.322,97808.179,13064.879
L,200.0,1.637787022175636,4.0,2442.32,1396,1402,2024-11-05 16:00:00,2024-11-05 22:00:00,2442.32,2441.19,-0.046,-5.85,MH,6,0.215,-0.538,9.1,SIDE,0.0,-0.4000151296783386,0.0,-5.85,True,0.13621262837997583,0.12587570948757332,0.1332227694747239,0.0012914229020528634,False,False,False,77032.652,31348.153,43762.736000000004,17647.061999999998
L,200.0,1.5184414716734742,4.0,2634.28,1428,1435,2024-11-07 00:00:00,2024-11-07 07:00:00,2634.28,2736.27,3.872,150.87,TP,7,4.242,-0.024,14.1,SIDE,0.0,-0.4000059943923956,0.0,150.87,True,0.005655370766882051,0.2405248285808752,0.03884103243451276,-0.0032276251414213863,True,True,True,285995.042,47058.489,143806.225,29188.612
L,200.0,1.3676195555920254,4.0,2924.79,1471,1475,2024-11-08 19:00:00,2024-11-08 23:00:00,2924.79,2913.46,-0.387,-19.5,MFE,4,1.135,-0.565,2.0,MILD_UP,0.0,0.0,0.0,-19.5,True,0.08200083315232032,0.16267583726899693,0.12042610320503022,0.0026705519369214503,True,False,False,54213.376000000004,49305.958,29329.459000000003,28663.423
S,200.0,1.2458691650496323,4.0,3210.61,1584,1586,2024-11-13 12:00:00,2024-11-13 14:00:00,3210.61,3143.86,2.079,79.16,TP,2,2.35,-0.71,4.0,UP,0.0,0.0,0.0,79.16,True,0.08525315986662707,0.05037366033325208,0.07457008522346587,0.0017442836621871516,False,False,False,98843.175,43640.704,45208.241,20721.181
S,200.0,1.2623592863882953,4.0,3168.67,1618,1620,2024-11-14 22:00:00,2024-11-15 00:00:00,3168.67,3079.25,2.822,108.88,TP,2,3.52,-0.903,2.0,UP,0.3887119832611159,0.0,0.3887119832611159,109.26871198326111,True,0.01558131907114313,0.167574884294022,0.061331156261145714,0.007290237285161982,True,False,False,118746.044,51133.486,58447.912,21282.399
S,200.0,1.2818787214541632,4.0,3120.42,1732,1743,2024-11-19 16:00:00,2024-11-20 03:00:00,3120.42,3143.29,-0.733,-33.32,BE,11,1.393,-1.029,33.3,MILD_UP,0.6113745445805372,0.6113745445805372,1.460734544580537,-32.708625455419465,True,-0.016226865826255876,0.088448745666168,-0.0017420889510395554,0.0008773165639928138,True,False,False,87651.985,14077.034,44537.151,6415.969
L,200.0,1.2698372386119408,4.0,3150.01,1784,1785,2024-11-21 20:00:00,2024-11-21 21:00:00,3150.01,3288.05,4.382,171.29,TP,1,5.428,-0.047,6.1,DOWN,0.0,0.0,0.0,171.29,True,0.0761046489916859,-0.07718871222943346,0.047172413441418204,0.001911577608142645,False,False,False,142543.447,33162.297000000006,76695.83299999998,15301.271
L,200.0,1.175899930915879,4.0,3401.65,1876,1879,2024-11-25 16:00:00,2024-11-25 19:00:00,3401.65,3504.57,3.026,117.02,TP,3,3.83,-0.083,22.2,MILD_UP,0.0,-0.9574028145164846,0.0,117.02,True,0.18492590659259367,-0.14793729195159566,0.0748857289775493,-0.0037546090608497895,False,True,False,104222.228,51469.693,61747.809,21927.703
S,200.0,1.1775164999499554,4.0,3396.98,1900,1903,2024-11-26 16:00:00,2024-11-26 19:00:00,3396.98,3320.1,2.263,86.53,TP,3,2.354,-0.084,29.3,MILD_UP,0.0,0.0,0.49080144481274535,86.53,True,0.08914231018359342,0.008972754607574185,0.0671007544440052,0.0017572936502339154,False,False,False,156315.63700000002,59273.325,71190.65000000001,29370.74
L,200.0,1.1567480342513095,4.0,3457.97,1927,1935,2024-11-27 19:00:00,2024-11-28 03:00:00,3457.97,3587.98,3.76,146.39,TP,8,4.001,-0.595,24.2,MILD_UP,-0.6457629247217299,-0.6457629247217299,-0.6457629247217299,145.74423707527825,True,0.22587978702663714,-0.11418364802412206,0.10605592606116399,-0.005072505466682031,False,True,False,187765.641,102156.046,115089.052,45245.74799999999
S,200.0,1.1071101380843118,4.0,3613.01,2070,2074,2024-12-03 18:00:00,2024-12-03 22:00:00,3613.01,3548.21,1.794,67.74,TP,4,2.021,-0.233,15.2,UP,0.0,0.0,0.0,67.74,True,0.21365649093148342,0.07811194259692567,0.18886804352592002,-0.0005677160644261825,False,True,False,78237.492,17510.421000000002,30760.771999999997,8071.3240000000005
L,200.0,1.1002855240935023,4.0,3635.42,2083,2087,2024-12-04 07:00:00,2024-12-04 11:00:00,3635.42,3651.03,0.429,13.18,MFE,4,2.101,-0.592,11.1,MILD_UP,-0.7454401470886075,-0.7454401470886075,-0.7454401470886075,12.434559852911391,True,-0.09868557063820038,0.517690997592724,0.05561721164962519,0.005771103536806654,True,False,False,67177.136,22432.822,30273.861,17023.046000000002
L,200.0,1.0727513121089487,4.0,3728.73,2094,2100,2024-12-04 18:00:00,2024-12-05 00:00:00,3728.73,3824.39,2.565,98.62,MFE,6,3.472,-1.026,1.0,MILD_UP,-0.8140225663619525,-0.8140225663619525,0.0,97.80597743363805,True,0.03797457224979861,-0.17004616092860914,-0.006692815648949635,-0.0006378798802501029,False,True,False,108276.98000000001,29607.29,56194.376000000004,12286.342
L,200.0,1.0192796750536395,4.0,3924.34,2118,2125,2024-12-05 18:00:00,2024-12-06 01:00:00,3924.34,3904.55,-0.504,-24.17,MH,7,0.909,-1.579,22.2,MILD_UP,-1.2362945188235475,-1.2362945188235475,-1.2362945188235475,-25.40629451882355,True,-0.029030560915092818,-0.04703553057083809,-0.032071291158418336,0.0004716391883727855,False,False,False,148932.844,30263.122000000003,72304.62,14419.84
S,200.0,1.0433131452239732,4.0,3833.94,2128,2131,2024-12-06 04:00:00,2024-12-06 07:00:00,3833.94,3805.76,0.735,25.4,TP,3,5.711,-0.8,6.1,UP,0.0,0.0,0.0,25.4,True,0.16681318289238212,0.11825084910605888,0.14940803801097446,0.002575549450549497,False,False,False,181673.84900000002,101487.322,75684.128,44743.17999999999
S,200.0,1.0878463090734543,4.0,3676.99,2241,2244,2024-12-10 21:00:00,2024-12-11 00:00:00,3676.99,3568.08,2.962,114.48,TP,3,3.332,-1.509,6.1,MILD_UP,0.3880004618397113,0.0,0.3880004618397113,114.86800046183971,True,0.09184498476917013,0.011731732654379545,0.05767019029461473,0.004580512248538837,False,False,False,177921.691,132360.5,80790.238,65403.841
L,200.0,1.0885064602858416,4.0,3674.76,2259,2268,2024-12-11 15:00:00,2024-12-12 00:00:00,3674.76,3786.75,3.048,117.9,TP,9,3.952,-0.668,24.2,MILD_UP,-0.8096778589872535,-0.8096778589872535,-0.39754106390621424,117.09032214101275,True,0.05514923773936631,0.08654251305910976,0.06345836135077354,0.0009015511582617375,True,False,False,42698.65,15369.347999999998,22526.724,8349.725
L,200.0,1.031097913057824,4.0,3879.36,2279,2281,2024-12-12 11:00:00,2024-12-12 13:00:00,3879.36,3907.74,0.732,25.26,MFE,2,1.76,-0.807,22.2,MILD_UP,0.0,0.0,0.0,25.26,True,0.1495394204296634,0.3702338184807117,0.2829456729752624,0.014742348940622652,True,False,False,53605.50399999999,81927.61300000001,30810.82,56129.993
L,200.0,1.1581345926116804,4.0,3453.83,2579,2581,2024-12-24 23:00:00,2024-12-25 01:00:00,3453.83,3478.26,0.707,24.29,MFE,2,1.839,-0.35,23.2,DOWN,-0.11148045488148971,-0.11148045488148971,-0.11148045488148971,24.178519545118508,True,-0.0011660753047336714,-0.18774443661595475,-0.03977888929528506,-0.0021437342000723003,False,True,False,168142.657,43878.195,83973.295,17820.154
L,200.0,1.144990095835671,4.0,3493.48,2598,2599,2024-12-25 18:00:00,2024-12-25 19:00:00,3493.48,3513.09,0.561,18.45,MFE,1,1.532,-0.091,17.2,DOWN,0.0,0.0,0.0,18.45,True,0.05835590245786926,-0.11658004336901528,0.012573449901364775,0.000538435101386181,False,False,False,27210.478000000003,9645.596000000001,14399.185,4260.5560000000005
S,200.0,1.1886083773118432,4.0,3365.28,2621,2633,2024-12-26 17:00:00,2024-12-27 05:00:00,3365.28,3328.8,1.084,39.36,MHx,12,1.792,-0.522,32.3,DOWN,0.25048804353377074,0.25048804353377074,0.25048804353377074,39.61048804353377,True,0.10900021568508078,-0.13039756914219058,0.07533661086792531,-0.0011125853031646038,False,True,False,336152.13300000003,55003.46400000001,149755.73900000003,31087.891
S,200.0,1.0928513858721636,4.0,3660.15,2910,2915,2025-01-07 18:00:00,2025-01-07 23:00:00,3660.15,3567.95,2.519,96.76,TP,5,4.376,-0.13,6.1,MILD_UP,0.0,0.0,0.0,96.76,True,0.32433709862931703,-0.0042539545137016965,0.19264864349255895,-0.0007053863630770429,False,True,False,40004.292,26754.87,13514.708,13434.342
S,200.0,1.2093360744951023,4.0,3307.6,2931,2941,2025-01-08 15:00:00,2025-01-09 01:00:00,3307.6,3313.17,-0.168,-10.74,MH,10,0.033,-2.337,23.2,MILD_UP,0.8101949339811344,0.8101949339811344,0.8101949339811344,-9.929805066018865,True,0.10130751281100292,0.16938280669376282,0.12439620168045318,0.006007350665196198,True,False,False,161665.72,82972.465,72643.88399999999,34459.178
L,200.0,1.2746931972810793,4.0,3138.01,3070,3078,2025-01-14 10:00:00,2025-01-14 18:00:00,3138.01,3242.52,3.33,129.22,MHx,8,3.755,-0.244,22.2,DOWN,-0.30115578063804765,-0.30115578063804765,-0.30115578063804765,128.91884421936194,True,0.1782544940422719,-0.024976612130320208,0.15315628786896962,-0.0007833222415751795,False,True,False,93027.66300000002,13107.222000000002,54805.130999999994,6389.924000000001
L,200.0,1.1744326022490383,4.0,3405.9,3149,3156,2025-01-17 17:00:00,2025-01-18 00:00:00,3405.9,3420.44,0.427,13.08,MFE,7,1.295,-0.467,8.1,DOWN,-0.40170762500367013,-0.40170762500367013,0.0,12.67829237499633,True,0.032021172705320344,0.07354199777700021,0.0455473357960674,0.0038581588712600645,True,False,False,102394.095,49473.69,52836.43699999999,26556.042
S,200.0,1.2169521433569626,4.0,3286.9,3268,3279,2025-01-22 16:00:00,2025-01-23 03:00:00,3286.9,3248.92,1.155,42.22,BE,11,1.518,-1.364,18.2,MILD_UP,0.3988524141288144,0.3988524141288144,0.7988548480331011,42.61885241412881,True,0.1521877997586666,0.006384221940408663,0.12207450181400714,0.0003649524041239305,False,False,False,74685.08,19439.957,31659.461000000003,9657.923999999999
L,200.0,1.2494260449106194,4.0,3201.47,3408,3414,2025-01-28 12:00:00,2025-01-28 18:00:00,3201.47,3195.71,-0.18,-11.2,MH,6,0.641,-0.613,6.1,DOWN,-0.16149580618462647,-0.16149580618462647,-0.16149580618462647,-11.361495806184626,True,0.11745387143231367,-0.25242819060248467,0.03076329351467466,-0.004056605827948978,False,True,False,104211.83099999999,31901.326,58225.956999999995,11924.266
L,200.0,1.2498828234852981,4.0,3200.3,3456,3464,2025-01-30 12:00:00,2025-01-30 20:00:00,3200.3,3221.16,0.652,22.07,MHx,8,0.896,-0.728,23.2,DOWN,-0.3986763185401368,-0.3986763185401368,-0.3986763185401368,21.671323681459864,True,0.18181698347802344,0.3156307484374894,0.2589444493557975,0.00859430890978019,True,False,False,63952.095,87013.31899999999,37789.835999999996,57238.699
L,200.0,1.4480896077849297,4.0,2762.26,3568,3571,2025-02-04 04:00:00,2025-02-04 07:00:00,2762.26,2867.86,3.823,148.92,TP,3,5.687,-2.485,10.1,DOWN,0.0,0.0,0.0,148.92,True,0.06871329876814691,0.0806986723105716,0.07115556061926642,0.005430707520729161,True,False,False,275243.99700000003,70440.118,147078.46,38062.271
L,200.0,1.429296285973601,4.0,2798.58,3608,3611,2025-02-05 20:00:00,2025-02-05 23:00:00,2798.58,2785.76,-0.458,-22.32,MFE,3,1.051,-1.131,17.2,DOWN,0.0,0.0,0.0,-22.32,True,0.002006359360031462,0.10523434654414854,0.01875804732950148,0.0020947245168705386,True,False,False,177203.051,34326.748999999996,88779.29199999999,18969.551
S,200.0,1.4561869744075138,4.0,2746.9,3635,3636,2025-02-06 23:00:00,2025-02-07 00:00:00,2746.9,2704.25,1.553,58.11,TP,1,2.424,-0.461,20.2,DOWN,-0.30508328457533945,-0.30508328457533945,0.0,57.80491671542466,True,0.05793638368688203,-0.048153637041726594,0.03625146122481904,0.0009892276023595326,False,False,False,248303.261,63792.793,116958.734,33432.324
L,200.0,1.4417895491884527,4.0,2774.33,3658,3662,2025-02-07 22:00:00,2025-02-08 02:00:00,2774.33,2672.94,-3.655,-150.18,SN,4,0.785,-4.118,22.2,DOWN,0.046953797306073755,0.046953797306073755,0.046953797306073755,-150.13304620269395,True,-0.09316596253296394,0.10286232868434664,-0.05468689824068995,0.004780651399970193,True,False,False,284752.97500000003,69546.695,129111.845,38350.215000000004
L,200.0,1.5132656651370073,4.0,2643.29,3725,3731,2025-02-10 17:00:00,2025-02-10 23:00:00,2643.29,2649.48,0.234,5.37,MFE,6,1.603,-0.503,24.2,DOWN,0.0,0.0,0.0,5.37,True,0.027369624457003416,-0.03887333247154112,0.0165920800721977,-0.0009675529602962696,False,True,False,71740.334,13939.942,36851.92,6699.025
S,200.0,1.5192892764764643,4.0,2632.81,3754,3763,2025-02-11 22:00:00,2025-02-12 07:00:00,2632.81,2584.89,1.82,68.8,TP,9,3.036,-1.651,19.2,DOWN,-0.0499772504662319,-0.0499772504662319,-0.0499772504662319,68.75002274953377,True,0.1204322407217403,0.08523712982847409,0.10081349595792932,0.011140031624769398,False,False,False,113912.636,143475.244,50096.941000000006,65622.913
L,200.0,1.4577259475218658,4.0,2744.0,3787,3793,2025-02-13 07:00:00,2025-02-13 13:00:00,2744.0,2720.68,-0.85,-37.99,MH,6,0.456,-1.156,21.2,DOWN,-0.380646,-0.380646,-0.380646,-38.370646,True,0.12446995691375307,-0.1774325008086518,0.07963702587313626,-0.007250256870378169,False,True,False,459285.304,80099.367,258226.26299999998,32943.568
S,200.0,1.5067615926470035,4.0,2654.7,3800,3810,2025-02-13 20:00:00,2025-02-14 06:00:00,2654.7,2665.6,-0.411,-20.42,MH,10,1.657,-0.871,0.0,DOWN,0.040960456508756696,0.040960456508756696,0.040960456508756696,-20.379039543491245,True,0.1428041382092251,0.0502856040364853,0.11673383110409885,0.003476028168591161,False,False,False,114087.03,44760.922,48897.465,21255.046
L,200.0,1.491296421261413,4.0,2682.23,3814,3817,2025-02-14 10:00:00,2025-02-14 13:00:00,2682.23,2698.39,0.602,20.1,MFE,3,1.434,-0.132,24.2,DOWN,0.0,0.0,0.0,20.1,True,0.02136663251166948,0.28884017139554663,0.12134711472837822,0.005329815105640456,True,False,False,41929.44300000001,25028.655,21412.666999999998,16128.968
L,200.0,1.4826950948739523,4.0,2697.79,3939,3945,2025-02-19 15:00:00,2025-02-19 21:00:00,2697.79,2703.32,0.205,4.2,MFE,6,1.421,-0.054,21.2,SIDE,-0.29192348069460056,-0.29192348069460056,-0.29192348069460056,3.9080765193053995,True,0.037511292189553735,0.1202131646759601,0.08224705106159491,0.0040193673962314325,True,False,False,45611.172000000006,53743.989,23661.053,30102.361999999997
L,200.0,1.4575347257648412,4.0,2744.36,3967,3974,2025-02-20 19:00:00,2025-02-21 02:00:00,2744.36,2734.17,-0.371,-18.85,MH,7,0.952,-1.411,0.0,MILD_UP,-0.25307913903423745,-0.25307913903423745,-0.25307913903423745,-19.10307913903424,True,0.09695662475942934,0.16284405716710815,0.11054786220318258,0.0009081393355629963,True,False,False,50011.25,12997.403999999999,27430.086000000003,7556.977
S,200.0,1.475334255417243,4.0,2711.25,3972,3982,2025-02-21 00:00:00,2025-02-21 10:00:00,2711.25,2740.31,-1.072,-46.87,MH,10,0.207,-2.077,31.3,MILD_UP,0.14431090279391426,0.14431090279391426,0.4004806643430152,-46.725689097206086,True,-0.04000972102956446,0.30517177953299424,0.05696154046711199,0.005866715555962965,True,False,False,181198.914,70791.14600000001,94224.316,24593.843
L,200.0,1.4519108962282985,4.0,2754.99,3986,3990,2025-02-21 14:00:00,2025-02-21 18:00:00,2754.99,2780.72,0.934,33.36,MFE,4,2.755,-0.306,17.2,MILD_UP,-0.2649513442880011,-0.2649513442880011,-0.2649513442880011,33.095048655712,True,0.0575252973569218,0.2493799034257871,0.13896601783151596,0.00017425966868866993,True,False,False,34658.265,25563.760000000002,18325.996,15969.424
S,200.0,1.644770657291474,4.0,2431.95,4113,4115,2025-02-26 21:00:00,2025-02-26 23:00:00,2431.95,2434.73,-0.114,-8.57,TP,2,2.618,-0.29,3.0,DOWN,0.0,0.0,0.0,-8.57,True,0.09870539288874813,0.04271611824987509,0.07242404821082771,0.00612601861917339,False,False,False,152422.614,134841.817,68688.84,64540.94899999999
L,200.0,1.6961010876248226,4.0,2358.35,4134,4140,2025-02-27 18:00:00,2025-02-28 00:00:00,2358.35,2322.32,-1.528,-65.11,MH,6,0.979,-2.912,9.1,DOWN,-0.1980305389704044,-0.1980305389704044,0.0,-65.3080305389704,True,0.12005150338560311,-0.12785188397782477,0.07758437253342021,-0.0005848126692461486,False,True,False,90013.5,18607.305,50409.878,8114.1630000000005
S,200.0,1.733477789815818,4.0,2307.5,4139,4145,2025-02-27 23:00:00,2025-02-28 05:00:00,2307.5,2255.1,2.271,86.83,TP,6,2.962,-1.277,14.1,DOWN,0.20239450556049976,0.20239450556049976,0.20239450556049976,87.0323945055605,True,0.023768598582686207,0.07057004899983388,0.041524451146867314,0.008805841924398594,True,False,False,209528.466,128086.761,102274.13399999999,59523.835999999996
S,200.0,1.8972901952785934,4.0,2108.27,4240,4246,2025-03-04 04:00:00,2025-03-04 10:00:00,2108.27,2055.65,2.496,95.84,TP,6,4.005,-3.057,26.3,DOWN,-0.17558532370142343,-0.17558532370142343,-0.17558532370142343,95.66441467629858,True,0.017467253726233145,0.14721313492454502,0.07866732110348251,0.03505046113005461,True,False,False,453182.86,404617.292,222633.5,172526.156
L,200.0,1.8268176835951773,4.0,2189.6,4275,4278,2025-03-05 15:00:00,2025-03-05 18:00:00,2189.6,2238.03,2.212,84.47,MFE,3,3.297,-0.107,1.0,DOWN,-0.288110787575258,-0.288110787575258,-0.288110787575258,84.18188921242474,True,-0.1198240892514989,0.38257235210230234,0.14550669593388177,0.004477392836171434,True,False,False,50667.967000000004,56709.064,22298.362,39202.191999999995
L,200.0,1.9284543438434096,4.0,2074.2,4396,4398,2025-03-10 16:00:00,2025-03-10 18:00:00,2074.2,2100.98,1.291,47.64,MFE,2,3.799,-1.323,19.2,DOWN,0.0,-0.10300996031005206,0.0,47.64,True,0.027448198588416295,0.018008148617737696,0.02573158715553925,0.0020967601673542724,False,False,False,67962.675,15105.384,34914.064,7688.701999999999
L,200.0,2.0874974558624757,4.0,1916.17,4422,4426,2025-03-11 18:00:00,2025-03-11 22:00:00,1916.17,1902.49,-0.714,-32.56,MFE,4,2.797,-2.673,10.1,DOWN,0.0,0.0,0.0,-32.56,True,0.09030233034938684,-0.09874416373720052,0.06609179251931208,-0.0013186011361859817,False,True,False,234012.034,34370.882,127571.93299999999,15488.479
L,200.0,2.111029601912593,4.0,1894.81,4490,4497,2025-03-14 14:00:00,2025-03-14 21:00:00,1894.81,1901.8,0.369,10.76,BE,7,0.707,-0.393,23.2,DOWN,-0.3068054428676227,-0.3068054428676227,-0.3068054428676227,10.453194557132377,True,0.026881826715195345,-0.03287589446502426,0.017332543327418515,-0.0008805787564329925,False,True,False,67175.792,12776.352,34490.8,6178.159
S,200.0,2.108048000252966,4.0,1897.49,4587,4599,2025-03-18 15:00:00,2025-03-19 03:00:00,1897.49,1889.46,0.423,12.93,MHx,12,1.389,-0.781,24.2,DOWN,0.22259508748136309,0.22259508748136309,0.22259508748136309,13.152595087481362,True,0.19367053818529179,-0.018864136887750682,0.15050424244678662,-0.0003637705609447206,False,True,False,115942.875,29549.934,46744.077999999994,15053.684000000001
L,200.0,2.0274928024005514,4.0,1972.88,4615,4617,2025-03-19 19:00:00,2025-03-19 21:00:00,1972.88,2003.11,1.532,57.29,MFE,2,3.034,-0.009,20.2,DOWN,0.0,0.0,0.0,57.29,True,0.1703065724549242,-0.027117372331516898,0.12678505195479062,0.001975632176902886,False,False,False,499619.25,141285.555,292353.84599999996,68727.131
S,200.0,1.9840187291368032,4.0,2016.11,4634,4639,2025-03-20 14:00:00,2025-03-20 19:00:00,2016.11,1981.71,1.706,64.25,TP,5,2.272,-0.271,26.3,DOWN,0.06182297414327591,0.06182297414327591,0.06182297414327591,64.31182297414328,True,-0.12646613497130388,-0.2289017394149091,-0.1522098891950492,-0.0006948890907374494,False,True,False,79114.47600000001,26556.976000000002,44559.888999999996,16317.956999999999
S,200.0,1.9732525615284815,4.0,2027.11,4786,4792,2025-03-26 22:00:00,2025-03-27 04:00:00,2027.11,1998.9,1.392,51.67,TP,6,2.304,-0.482,10.1,MILD_UP,-0.08872842717927198,-0.08872842717927198,-0.08872842717927198,51.58127157282073,True,0.032734353104706404,0.10999014725046796,0.07886330446857026,0.012846422432054694,True,False,False,166706.059,247052.865,80624.522,109939.742
S,200.0,2.0009804804354134,4.0,1999.02,4824,4825,2025-03-28 12:00:00,2025-03-28 13:00:00,1999.02,1936.31,3.137,121.48,TP,1,5.119,-0.243,25.3,MILD_UP,0.0,0.0,0.0,121.48,True,0.11456198217738556,-0.1358064257532785,0.08947226319890877,-0.0005155180956861738,False,True,False,103605.33899999999,11538.725,45868.053,6552.879
L,200.0,2.154243860404998,4.0,1856.8,4923,4927,2025-04-01 15:00:00,2025-04-01 19:00:00,1856.8,1872.49,0.845,29.8,MFE,4,1.864,-0.288,4.0,DOWN,-0.11486887725464735,-0.11486887725464735,-0.11486887725464735,29.685131122745354,True,0.19736841307964093,-0.07947659901234749,0.12556804453592663,-0.0021549755214127497,False,True,False,151828.388,53165.662000000004,90897.258,24470.118000000002
S,200.0,2.1562412402699613,4.0,1855.08,4946,4956,2025-04-02 14:00:00,2025-04-03 00:00:00,1855.08,1900.09,-2.426,-101.05,MH,10,0.237,-3.392,24.2,DOWN,0.17280833721456645,-0.0018089558401804772,0.17280833721456645,-100.87719166278544,True,0.21439460243083985,0.16414519640277925,0.2063172152949122,0.0026397991387050457,False,False,False,281498.56999999995,53916.625,110573.398,22533.235
S,200.0,2.2316571728251104,4.0,1792.39,4975,4977,2025-04-03 19:00:00,2025-04-03 21:00:00,1792.39,1758.57,1.887,71.47,TP,2,2.506,-0.526,4.0,DOWN,0.0,0.0,0.0,71.47,True,0.09300958065372944,0.07503436421313936,0.08926978919340611,0.0032254656070827004,False,False,False,219241.51100000003,57596.98299999999,99424.975,26637.614999999998
L,200.0,2.2015763286513144,4.0,1816.88,4996,5002,2025-04-04 16:00:00,2025-04-04 22:00:00,1816.88,1801.33,-0.856,-38.23,MH,6,0.981,-3.267,10.1,DOWN,0.0,0.0,0.08371953921007441,-38.23,True,0.09952953402268383,0.07555301453355168,0.09220221363612979,0.0015986945831818478,False,False,False,156792.847,69004.606,86199.18299999999,37109.056000000004
L,200.0,2.54741373820229,4.0,1570.22,5081,5087,2025-04-08 05:00:00,2025-04-08 11:00:00,1570.22,1588.95,1.193,43.71,MFE,6,3.043,-1.912,15.2,DOWN,0.017321616588758266,0.017321616588758266,0.017321616588758266,43.72732161658876,True,0.16742814786635085,-0.30071234821030735,0.10287711158607293,-0.004160377478151678,False,True,False,236566.35700000002,37836.973,138087.112,13229.464
S,200.0,2.613798240913784,4.0,1530.34,5099,5101,2025-04-08 23:00:00,2025-04-09 01:00:00,1530.34,1486.0,2.897,111.9,TP,2,3.208,-0.531,26.3,DOWN,-0.05718054314727447,-0.05718054314727447,-0.05718054314727447,111.84281945685274,True,0.04660476397732094,0.1195397728912353,0.06896281649739988,0.010353412875480972,True,False,False,465166.86600000004,205631.694,221743.93699999998,90525.264
L,200.0,2.6928229536228567,4.0,1485.43,5119,5123,2025-04-09 19:00:00,2025-04-09 23:00:00,1485.43,1470.35,-1.015,-44.61,MFE,4,1.05,-3.124,23.2,DOWN,0.0,0.0,0.0,-44.61,True,-0.08111491602067766,-0.02063629346280338,-0.05452495209825159,0.004721160675031255,False,False,False,192601.161,151120.113,88489.16699999999,74000.777
S,200.0,2.512562814070352,4.0,1592.0,5141,5146,2025-04-10 17:00:00,2025-04-10 22:00:00,1592.0,1568.24,1.492,55.7,TP,5,2.324,-2.237,17.2,DOWN,0.0,0.0,0.0,55.7,True,-0.02105430681686027,-0.18439305972981712,-0.05245686814743333,-0.001654743703479955,False,True,False,169509.309,40345.460999999996,86539.105,23892.442
L,200.0,2.577336194176509,4.0,1551.99,5164,5165,2025-04-11 16:00:00,2025-04-11 17:00:00,1551.99,1550.79,-0.077,-7.09,MFE,1,1.31,-1.0,6.1,DOWN,0.0,0.0,0.23428000000000002,-7.09,True,0.024611758832784547,-0.1249549282655561,-0.013477566710271893,-0.002500192816926816,False,True,False,106655.80699999999,36441.907999999996,54640.397000000004,15944.156
L,200.0,2.442643673247556,4.0,1637.57,5237,5240,2025-04-14 17:00:00,2025-04-14 20:00:00,1637.57,1674.63,2.263,86.52,MFE,3,3.298,-0.426,9.1,DOWN,0.0,0.0,0.0,86.52,True,0.05877704298441233,-0.06436677337666497,0.02959999155819104,-0.0006590791200073998,False,True,False,134068.228,41628.714,70974.181,19474.604
L,200.0,2.4276116549635556,4.0,1647.71,5262,5267,2025-04-15 18:00:00,2025-04-15 23:00:00,1647.71,1619.57,-1.708,-72.31,MH,5,0.787,-2.895,0.0,DOWN,0.0,0.0,0.0,-72.31,True,0.04550838630531917,0.027417139075125663,0.041493412720001066,0.0046093345120872264,False,False,False,148521.9,42362.881,77640.446,21762.175
S,200.0,2.4697913643744944,4.0,1619.57,5267,5273,2025-04-15 23:00:00,2025-04-16 05:00:00,1619.57,1594.39,1.555,58.19,TP,6,2.103,-0.704,33.3,DOWN,0.013404467852578154,0.013404467852578154,0.013404467852578154,58.20340446785258,True,0.023739606866896024,0.1240021640972383,0.03717611032060897,0.0031697769461815906,True,False,False,667832.5419999999,103348.40600000002,325989.23000000004,45266.490000000005
L,200.0,2.502674733621558,4.0,1598.29,5306,5312,2025-04-17 14:00:00,2025-04-17 20:00:00,1598.29,1592.5,-0.362,-18.49,MH,6,0.726,-0.663,2.0,DOWN,-0.20771029437711555,-0.20771029437711555,-0.20771029437711555,-18.697710294377114,True,0.03072904966314649,-0.1378263310068134,-0.004971558137046417,-0.0010125569563288472,False,True,False,131254.954,35270.706,67644.147,15204.737
L,200.0,2.5158973262301165,4.0,1589.89,5336,5343,2025-04-18 20:00:00,2025-04-19 03:00:00,1589.89,1592.72,0.178,3.12,BE,7,0.424,-0.776,23.2,SIDE,0.05939702858873406,0.05939702858873406,0.05939702858873406,3.1793970285887343,True,0.049456664505065584,0.08306407372098845,0.058745644087325966,0.0009947680238744372,True,False,False,67269.579,25695.152,35298.254,13914.748
L,200.0,2.4355937673155497,4.0,1642.31,5434,5436,2025-04-22 22:00:00,2025-04-23 00:00:00,1642.31,1702.41,3.659,142.38,TP,2,5.092,-0.315,22.2,SIDE,-0.33599588129401886,-0.33599588129401886,0.0,142.04400411870597,True,-0.022276683411253106,-0.0074004977240524905,-0.016712054511212382,-0.001823364593906307,False,True,False,423898.2,253323.502,207227.577,125724.391
L,200.0,2.2809568614033586,4.0,1753.65,5442,5446,2025-04-23 06:00:00,2025-04-23 10:00:00,1753.65,1761.34,0.439,13.54,MFE,4,2.016,-0.914,24.2,SIDE,-0.2674540260599321,-0.2674540260599321,-0.2674540260599321,13.272545973940067,True,0.12318893925627905,0.10124017372021821,0.1136495874553407,0.01467346336552322,False,False,False,575299.0360000001,442243.285,323084.757,243508.036
S,200.0,2.249212775528565,4.0,1778.4,5471,5477,2025-04-24 11:00:00,2025-04-24 17:00:00,1778.4,1733.8,2.508,96.31,TP,6,3.215,-0.678,0.0,MILD_UP,0.2854544464687359,0.2854544464687359,0.2854544464687359,96.59545444646874,True,0.22836449322159424,0.10432602705070104,0.17093374140739404,0.0035188381110339284,False,False,False,109098.808,94067.581,42092.257,42126.941999999995
L,200.0,2.2556942180917954,4.0,1773.29,5493,5498,2025-04-25 09:00:00,2025-04-25 14:00:00,1773.29,1766.62,-0.376,-19.05,MH,5,0.936,-2.024,12.1,MILD_UP,0.0,0.0,0.0,-19.05,True,-0.039514479268566216,-0.13580319673875285,-0.05641264765426457,0.000349754889516829,False,False,False,105385.572,22431.173000000003,50610.658,9692.474
S,200.0,2.293854191158339,4.0,1743.79,5495,5505,2025-04-25 11:00:00,2025-04-25 21:00:00,1743.79,1772.0,-1.618,-68.71,MH,10,0.275,-3.338,32.3,MILD_UP,0.3190509789118724,0.3190509789118724,0.3190509789118724,-68.39094902108812,True,0.08941688759510447,0.2126275299850494,0.14857568506722574,0.003918544540599256,True,False,False,164418.24800000002,151858.012,74858.24,59784.409
S,200.0,2.2544356020470278,4.0,1774.28,5625,5626,2025-04-30 21:00:00,2025-04-30 22:00:00,1774.28,1740.14,1.924,72.97,TP,1,2.293,-0.05,5.1,UP,0.0,0.0,0.0,72.97,True,0.11327886702228795,0.020137085546078293,0.08241846441810252,0.0012608920811474356,False,False,False,497826.139,246672.687,220716.479,120852.709
S,200.0,2.1845269952923445,4.0,1831.06,5666,5676,2025-05-02 14:00:00,2025-05-03 00:00:00,1831.06,1840.21,-0.5,-23.99,MH,10,1.041,-1.23,17.2,MILD_UP,-0.2535164948085723,-0.2535164948085723,-0.22987671311695063,-24.24351649480857,True,0.19542078663379625,0.23412205473366965,0.21310646905063446,0.002408089437095473,True,False,False,97320.55799999999,81900.191,39151.049,31362.775
L,200.0,2.170138888888889,4.0,1843.2,5790,5796,2025-05-07 18:00:00,2025-05-08 00:00:00,1843.2,1816.73,-1.436,-61.44,MH,6,0.179,-1.619,2.0,SIDE,0.025547765624999996,0.0,0.025547765624999996,-61.414452234375,True,0.0902914750485444,-0.13924061128296128,0.0471840306903244,0.0005971445632702022,False,False,False,89712.722,20744.501,48906.508,8928.011999999999
L,200.0,1.7730968022199172,4.0,2255.94,5835,5836,2025-05-09 15:00:00,2025-05-09 16:00:00,2255.94,2363.81,4.782,187.26,TP,1,6.105,-0.032,16.2,MILD_UP,-0.41919909217443724,-0.41919909217443724,0.0,186.84080090782555,True,0.1532491580330877,0.03417417770694087,0.1365672046702162,0.004108229366495797,False,False,False,536674.296,87435.403,309459.59,45211.718
S,200.0,1.5523069221246426,4.0,2576.81,5974,5980,2025-05-15 10:00:00,2025-05-15 16:00:00,2576.81,2529.6,1.832,69.28,TP,6,2.445,-0.794,20.2,UP,0.392688634396793,0.0,0.392688634396793,69.67268863439679,True,0.07064719926713936,0.10911300167716964,0.08490876689165205,0.005956215642781371,True,False,False,215988.718,127264.412,100364.86000000002,56689.104999999996
S,200.0,1.6107015007711234,4.0,2483.39,6105,6115,2025-05-20 21:00:00,2025-05-21 07:00:00,2483.39,2515.34,-1.287,-55.46,MH,10,1.812,-1.716,24.2,MILD_UP,0.04692236982511809,0.04692236982511809,0.04692236982511809,-55.41307763017488,True,0.17825035459234295,-0.012186732113354415,0.1349744238374837,0.0012266533678674252,False,False,False,286938.65499999997,84380.53700000001,117895.869,42704.43
L,200.0,1.5183665412748966,4.0,2634.41,6148,6150,2025-05-22 16:00:00,2025-05-22 18:00:00,2634.41,2664.36,1.137,41.48,MFE,2,2.209,-0.304,16.2,SIDE,0.0,-0.3999104163740649,0.0,41.48,True,0.06609278074415981,0.06078732660374708,0.06521638737510038,0.0026031656625702393,False,False,False,234477.727,46396.907999999996,124987.506,24608.626
L,200.0,1.4954389113204725,4.0,2674.8,6166,6167,2025-05-23 10:00:00,2025-05-23 11:00:00,2674.8,2704.83,1.123,40.91,MFE,1,2.224,-0.133,24.2,SIDE,0.0,0.0,0.0,40.91,True,0.024254954842341414,-0.06674411333218322,0.009392678477466943,-0.0009897477077068784,False,True,False,252150.25300000003,49220.97,129133.073,22967.880000000005
S,200.0,1.518810467641743,4.0,2633.64,6286,6296,2025-05-28 10:00:00,2025-05-28 20:00:00,2633.64,2655.99,-0.849,-37.95,MH,10,1.049,-0.961,29.3,MILD_UP,0.4002612354004344,0.4002612354004344,0.4002612354004344,-37.54973876459957,True,0.015667726330571785,0.21146302035529518,0.06992338685972499,0.002159630816795266,True,False,False,106648.595,40881.058000000005,52488.827000000005,16118.113
S,200.0,1.5137409837802653,4.0,2642.46,6324,6333,2025-05-30 00:00:00,2025-05-30 09:00:00,2642.46,2572.24,2.657,102.29,TP,9,3.272,-1.15,27.3,MILD_UP,0.29773444623312856,0.29773444623312856,0.6305731866492559,102.58773444623313,True,0.18427883970995707,-0.11902413463597239,0.09134703881570638,0.0024161337330022015,False,False,False,219625.189,97019.777,89576.457,54283.736000000004
L,200.0,1.513637877274241,4.0,2642.64,6462,6470,2025-06-04 18:00:00,2025-06-05 02:00:00,2642.64,2634.09,-0.324,-16.94,MFE,8,1.4,-1.871,14.1,SIDE,-0.31878104123149575,-0.31878104123149575,-0.31878104123149575,-17.258781041231497,True,-0.047978442114810615,0.08594851706734818,0.006856842876458824,0.002074193169192551,True,False,False,88906.68,61640.156,42320.538,33469.018000000004
L,200.0,1.598631571374903,4.0,2502.14,6514,6516,2025-06-06 22:00:00,2025-06-07 00:00:00,2502.14,2508.29,0.246,5.83,MFE,2,1.1,-0.359,8.1,SIDE,-0.10763518254203648,-0.10763518254203648,0.0,5.722364817457963,True,0.12589341443016555,0.08681572960534933,0.10998848738154798,0.0014448495715480014,False,False,False,304828.01800000004,209222.71899999998,171601.929,113693.271
L,200.0,1.4424862693338238,4.0,2772.99,6608,6613,2025-06-10 20:00:00,2025-06-11 01:00:00,2772.99,2729.74,-1.56,-66.39,MH,5,0.199,-3.046,21.2,SIDE,-0.394062726515422,-0.394062726515422,-0.394062726515422,-66.78406272651543,True,0.12263231887758885,-0.183718416500129,0.05219750156121594,-0.00566553953506721,False,True,False,932095.006,278285.33999999997,523199.98900000006,113579.59899999999
S,200.0,1.450920790606739,4.0,2756.87,6647,6659,2025-06-12 11:00:00,2025-06-12 23:00:00,2756.87,2763.45,-0.239,-13.55,BE,12,1.672,-0.706,34.3,MILD_UP,0.3975508983013346,0.3975508983013346,0.3975508983013346,-13.152449101698666,True,-0.041124727598872646,0.22001984752560078,0.057284369307810334,0.003502544676421304,True,False,False,103759.666,62745.353,54013.377,24470.065000000002
L,200.0,1.6312548427878146,4.0,2452.1,7135,7141,2025-07-02 19:00:00,2025-07-03 01:00:00,2452.1,2559.78,4.391,171.65,TP,6,4.524,-0.884,2.0,MILD_UP,-0.21338911232090896,-0.21338911232090896,-0.21338911232090896,171.4366108876791,True,0.047942975892955264,-0.08692674254396104,0.02551550296956062,0.0004283878337854041,False,False,False,91865.428,18323.268,48134.865000000005,8365.243
S,200.0,1.5577901189372758,4.0,2567.74,7178,7187,2025-07-04 14:00:00,2025-07-04 23:00:00,2567.74,2515.37,2.04,77.58,TP,9,2.855,-0.049,4.0,MILD_UP,0.26126456666173375,0.26126456666173375,0.26126456666173375,77.84126456666174,True,-0.11782702092110364,0.3957683917772249,0.14598593932612036,0.0033225944183520317,True,False,False,81846.973,86444.392,45745.379,26116.217
L,200.0,1.5680186907827942,4.0,2550.99,7274,7283,2025-07-08 14:00:00,2025-07-08 23:00:00,2550.99,2562.92,0.468,14.71,MFE,9,1.921,-0.352,13.1,MILD_UP,-0.11153152513531406,-0.11153152513531406,-0.11153152513531406,14.598468474864687,True,-0.0185509313592247,0.1691664160826174,0.052058646778291306,0.0009770453207769147,True,False,False,68298.835,41180.461,33515.914,24073.406000000003
L,200.0,1.504324934185784,4.0,2659.0,7305,7312,2025-07-09 21:00:00,2025-07-10 04:00:00,2659.0,2763.56,3.932,153.29,TP,7,5.142,-1.166,9.1,MILD_UP,-0.25038055208725085,-0.25038055208725085,-0.25038055208725085,153.03961944791274,True,0.1189054888840122,-0.024746776562643458,0.09599905958970245,-0.0005487772791171741,False,True,False,546929.4110000001,103756.786,305981.16,50594.56999999999
L,200.0,1.4377163313792372,4.0,2782.19,7319,7324,2025-07-10 11:00:00,2025-07-10 16:00:00,2782.19,2789.54,0.264,6.57,MFE,5,1.439,-0.638,8.1,MILD_UP,-0.1126254680487242,-0.1126254680487242,0.0,6.457374531951276,True,-0.0077179311789987715,-0.15899986249398723,-0.023998002718846,0.0015515429032211259,False,False,False,238269.68099999998,28733.288999999997,118215.366,12082.35
L,200.0,1.3316022504078031,4.0,3003.9,7346,7350,2025-07-11 14:00:00,2025-07-11 18:00:00,3003.9,3014.86,0.365,10.59,MFE,4,1.233,-1.444,7.1,MILD_UP,-0.39526615399980025,-0.39526615399980025,-0.39526615399980025,10.194733846000199,True,0.07727362032667306,-0.08283939622463621,0.029579993866780008,-0.001781168792327703,False,True,False,613797.798,260402.079,330614.088,119415.264
S,200.0,1.3442531497531616,4.0,2975.63,7438,7447,2025-07-15 10:00:00,2025-07-15 19:00:00,2975.63,2973.1,0.085,-0.6,BE,9,1.5,-0.629,26.3,UP,0.4000967862267823,0.4000967862267823,0.4000967862267823,-0.19990321377321768,True,0.07056661392352093,0.19094295414209284,0.09738071840142493,0.00624513664158588,True,False,False,284022.371,81398.285,131989.93699999998,32927.928
S,200.0,1.0963589917882712,4.0,3648.44,7618,7626,2025-07-22 22:00:00,2025-07-23 06:00:00,3648.44,3705.11,-1.553,-66.13,MH,8,0.615,-2.784,28.3,UP,0.40760296914407257,0.40760296914407257,0.40760296914407257,-65.72239703085592,True,0.10820871674961441,0.1345553438552678,0.12422425068517884,0.01198045863708741,True,False,False,266526.458,413176.36600000004,118842.98599999999,178790.63900000002
S,200.0,1.093631238482696,4.0,3657.54,7638,7642,2025-07-23 18:00:00,2025-07-23 22:00:00,3657.54,3586.65,1.938,73.53,TP,4,2.12,-0.615,15.2,UP,0.0,0.0,0.0,73.53,True,0.06368205868974441,0.1430853291324058,0.07467642049494427,0.0006366346345635376,True,False,False,225295.91999999998,36208.513,105474.30600000001,15513.803000000002
S,200.0,1.1067701127798746,4.0,3614.12,7679,7687,2025-07-25 11:00:00,2025-07-25 19:00:00,3614.12,3718.2,-2.88,-119.19,MH,8,1.217,-3.661,9.1,UP,0.4019420623864178,0.4019420623864178,0.4019420623864178,-118.78805793761359,True,0.16183496726662627,0.1419202143874282,0.15144884304987005,0.008085454415712068,False,False,False,203840.737,222184.66999999998,85426.089,95326.087
L,200.0,1.045005786719544,4.0,3827.73,7779,7783,2025-07-29 15:00:00,2025-07-29 19:00:00,3827.73,3828.72,0.026,-2.97,MFE,4,1.507,-0.124,15.2,MILD_UP,-0.4050996282391914,-0.4050996282391914,-0.4050996282391914,-3.3750996282391914,True,0.11948031079744248,0.042022145103555175,0.09115218165015393,0.0020078218666723657,False,False,False,179741.89099999997,103638.26000000001,100608.754,53996.681
S,200.0,1.0647897971841633,4.0,3756.61,7808,7816,2025-07-30 20:00:00,2025-07-31 04:00:00,3756.61,3758.7,-0.056,-6.23,TP,8,2.306,-1.979,30.3,MILD_UP,0.062241972416620314,0.062241972416620314,0.062241972416620314,-6.16775802758338,True,-0.007015220497497143,0.03680230394860062,0.006509068702207688,-0.0017065710986852167,True,True,True,222285.244,99238.32500000001,111922.31199999999,47793.063
L,200.0,1.0360037192533522,4.0,3860.99,7823,7831,2025-07-31 11:00:00,2025-07-31 19:00:00,3860.99,3853.74,-0.188,-11.51,BE,8,0.441,-0.254,4.0,MILD_UP,-0.4001364280373687,-0.4001364280373687,-0.4001364280373687,-11.910136428037369,True,0.19641634927344054,0.06962796866528964,0.16028563768723814,0.00019169742892288788,False,False,False,123896.78399999999,49377.829999999994,74116.069,26407.953999999998
S,200.0,1.107493299665537,4.0,3611.76,7948,7960,2025-08-05 16:00:00,2025-08-06 04:00:00,3611.76,3570.18,1.151,42.05,MHx,12,1.572,-2.23,30.3,DOWN,0.054159480764570174,0.054159480764570174,0.178799135669658,42.104159480764565,True,0.17725531186058674,-0.05682028647602122,0.12451557233434829,-0.0007647547797173804,False,True,False,324951.723,94508.992,133676.152,49939.51
L,200.0,1.0997500817939123,4.0,3637.19,7970,7976,2025-08-06 14:00:00,2025-08-06 20:00:00,3637.19,3618.16,-0.523,-24.93,MH,6,0.297,-0.803,13.1,DOWN,-0.3281091172031156,-0.3281091172031156,-0.3281091172031156,-25.258109117203116,True,0.09817144492707985,-0.12544775129509955,0.05621926532459365,-0.002465594128649662,False,True,False,360018.853,83138.788,197681.212,36354.606999999996
L,200.0,1.0807889759524454,4.0,3701.0,7996,8001,2025-08-07 16:00:00,2025-08-07 21:00:00,3701.0,3848.47,3.985,155.38,TP,5,4.026,-0.003,17.2,DOWN,0.0,-0.17140000000000002,0.0,155.38,True,-0.01586654276766941,-0.0059902119682613275,-0.013695151618623114,0.0009059808256595137,False,False,False,80523.65400000001,22693.019999999997,39623.011,11278.542000000001
L,200.0,1.0002625689243427,4.0,3998.95,8026,8033,2025-08-08 22:00:00,2025-08-09 05:00:00,3998.95,4056.82,1.447,53.89,MHx,7,1.777,-1.849,5.1,DOWN,-0.3954043585091087,-0.3954043585091087,-0.3954043585091087,53.49459564149089,True,0.12690439813064813,0.055255548155236145,0.07352048078834605,0.01596758212443783,False,False,False,196825.44,575272.476,110901.727,303529.736
S,200.0,0.8496555708729574,4.0,4707.79,8167,8169,2025-08-14 19:00:00,2025-08-14 21:00:00,4707.79,4568.49,2.959,114.36,TP,2,4.499,-0.62,19.2,UP,0.0,0.0,0.0,114.36,True,0.21580963088526595,-0.03265562948679812,0.14564965356335857,-0.0004335121925305163,False,True,False,381019.11699999997,149924.288,149395.761,77410.08
S,200.0,0.890521511660266,4.0,4491.75,8195,8196,2025-08-15 23:00:00,2025-08-16 00:00:00,4491.75,4428.72,1.403,52.13,TP,1,2.209,-0.151,6.1,UP,0.255332073350977,0.0,0.255332073350977,52.38533207335098,True,-0.011670260515062925,0.09688559208698477,0.03507672791849992,0.007674820887707656,True,False,False,474806.71,359103.57,240173.914,162155.804
L,200.0,0.9440753372119095,4.0,4236.95,8309,8316,2025-08-20 17:00:00,2025-08-21 00:00:00,4236.95,4253.47,0.39,11.6,MFE,7,1.643,-3.13,5.1,MILD_UP,-0.3642269065114339,-0.3642269065114339,0.0,11.235773093488566,True,0.1061644388197247,0.050202277303533105,0.09482315112709427,0.0013778857607442685,False,False,False,257570.956,65466.811,142457.916,34376.697
L,200.0,0.9242720779715926,4.0,4327.73,8357,8363,2025-08-22 17:00:00,2025-08-22 23:00:00,4327.73,4611.8,6.564,258.56,TP,6,7.329,-2.813,22.2,DOWN,0.0,0.0,0.0,258.56,True,-0.002648686865494798,-0.09566243664263463,-0.026741398918539994,-0.0031602344838707053,False,True,False,153730.139,53739.411,76661.478,24299.284
L,200.0,0.8679519588590772,4.0,4608.55,8503,8510,2025-08-28 19:00:00,2025-08-29 02:00:00,4608.55,4488.01,-2.616,-108.62,MH,7,0.095,-3.31,6.1,MILD_UP,-0.08498856361512841,-0.08498856361512841,-0.08498856361512841,-108.70498856361513,True,0.08742391597365207,-0.04833951048356566,0.0676631311227398,0.0012057353899630474,False,False,False,103236.19,17586.049,56130.751,8367.974
L,200.0,0.9195571412807592,4.0,4349.92,8646,8654,2025-09-03 18:00:00,2025-09-04 02:00:00,4349.92,4469.84,2.757,106.27,MHx,8,3.183,-0.238,9.1,DOWN,-0.13067246091691267,-0.13067246091691267,-0.13067246091691267,106.13932753908308,True,0.09729515137065459,0.04478033438902296,0.07592598187343036,0.0027801727118903496,False,False,False,89988.215,61741.320999999996,49371.816,32253.059
S,200.0,0.9147436088007482,4.0,4372.81,8666,8677,2025-09-04 14:00:00,2025-09-05 01:00:00,4372.81,4294.64,1.788,67.51,TP,11,2.046,-1.354,26.3,DOWN,-0.17987933882608392,-0.17987933882608392,-0.17987933882608392,67.33012066117392,True,0.10704643120791701,-0.16584091241648768,0.06433164684603687,-0.0020486403123833874,False,True,False,207514.93300000002,38510.045,92650.6,22448.292999999998
L,200.0,0.9060022650056625,4.0,4415.0,8692,8698,2025-09-05 16:00:00,2025-09-05 22:00:00,4415.0,4441.23,0.594,19.76,MFE,6,1.8,-1.008,23.2,DOWN,0.0,0.0,0.1382511639840413,19.76,True,0.13254247402153418,-0.03491310307199014,0.0705925188467662,0.004354096809270569,False,False,False,329819.134,193660.586,186767.08899999998,93449.647
L,200.0,0.9237853954147911,4.0,4330.01,8813,8819,2025-09-10 17:00:00,2025-09-10 23:00:00,4330.01,4399.42,1.603,60.12,MFE,6,2.853,-0.564,21.2,DOWN,0.0,0.0,0.0,60.12,True,-0.12439206338011932,0.00044628759502129967,-0.09562734719291,0.0006493806618599329,True,False,False,89373.00899999999,26758.53,39127.85800000001,13385.236
L,200.0,0.9055387276275337,4.0,4417.26,8834,8841,2025-09-11 14:00:00,2025-09-11 21:00:00,4417.26,4424.45,0.163,2.51,MFE,7,1.498,-2.001,14.1,SIDE,-0.4019686411938623,-0.4019686411938623,-0.4019686411938623,2.1080313588061377,True,0.015460378247304174,-0.01177087602804383,0.011592171920412175,0.0005481512353788798,False,False,False,139091.487,23029.297000000002,70620.947,11379.111
L,200.0,0.8985977382294928,4.0,4451.38,8851,8854,2025-09-12 07:00:00,2025-09-12 10:00:00,4451.38,4496.57,1.015,36.61,MFE,3,1.959,-0.068,0.0,SIDE,-0.1945617401182044,-0.1945617401182044,-0.1945617401182044,36.415438259881796,True,0.1612587798524605,0.11929379337358825,0.1507648025997559,0.0012280922733651778,False,False,False,151164.12900000002,50405.531,87770.33599999998,28209.299
S,200.0,0.8945564006628663,4.0,4471.49,8962,8972,2025-09-16 22:00:00,2025-09-17 08:00:00,4471.49,4499.41,-0.624,-28.98,MH,10,1.129,-1.156,29.3,MILD_UP,0.17874198218181275,0.08137504062404254,0.17874198218181275,-28.80125801781819,True,0.18721771051920133,0.013109123656201982,0.09599311167514846,-0.004163532040557305,False,True,False,255421.53500000003,281124.589,103801.04999999999,138719.646
L,200.0,0.8833454057205449,4.0,4528.24,8975,8981,2025-09-17 11:00:00,2025-09-17 17:00:00,4528.24,4509.28,-0.419,-20.75,BE,6,0.571,-1.477,16.2,MILD_UP,-0.21498356164867588,-0.21498356164867588,-0.21498356164867588,-20.964983561648676,True,0.12165286463874248,0.021480515569628045,0.07366065958197132,-0.001673343136757821,False,True,False,106466.601,97921.67199999999,59709.284,50012.54
S,200.0,0.8796119152230036,4.0,4547.46,9024,9036,2025-09-19 12:00:00,2025-09-20 00:00:00,4547.46,4472.29,1.653,62.12,TP,12,2.312,-0.211,16.2,MILD_UP,-0.20617034920594407,-0.20617034920594407,-0.03607565566632731,61.91382965079406,True,0.2176223677509448,0.008812739939569547,0.1793469647993703,0.0007624815147673214,False,False,False,284751.88300000003,63910.884,111391.75200000001,31673.827
L,200.0,0.9542508296018148,4.0,4191.77,9155,9161,2025-09-24 23:00:00,2025-09-25 05:00:00,4191.77,4163.06,-0.685,-31.4,MH,6,0.1,-1.097,22.2,DOWN,0.14367522034844468,0.14367522034844468,0.14367522034844468,-31.256324779651553,True,0.059217130721056055,0.08987748940837248,0.07483853392345519,0.0029549554722905214,True,False,False,97711.89400000001,101496.204,51749.056,55309.214
S,200.0,0.965509583889507,4.0,4142.89,9162,9167,2025-09-25 06:00:00,2025-09-25 11:00:00,4142.89,4099.51,1.047,37.88,TP,5,2.001,-0.455,26.3,DOWN,-0.3447131179063796,-0.3447131179063796,-0.3447131179063796,37.53528688209362,True,-0.015180449953579478,0.27288004943126365,0.18229158086199293,0.004954941972177385,True,False,False,24319.042,53012.604,12344.108,19273.261
L,200.0,0.9324031058347456,4.0,4289.99,9317,9325,2025-10-01 17:00:00,2025-10-02 01:00:00,4289.99,4322.64,0.761,26.44,MHx,8,1.242,-0.321,9.1,DOWN,0.03000293651034152,0.03000293651034152,0.03000293651034152,26.470002936510344,True,0.24138873317157872,-0.03897885358312825,0.09951969339045053,0.004528584641682265,False,False,False,524456.429,537219.571,325527.151,258139.684
L,200.0,0.9204183301310445,4.0,4345.85,9332,9340,2025-10-02 08:00:00,2025-10-02 16:00:00,4345.85,4373.65,0.64,21.59,MFE,8,1.759,-0.362,12.1,DOWN,-0.12209622840042907,-0.18157910259074855,0.0,21.46790377159957,True,0.13320551126346358,0.23098267506829018,0.1765207304769254,0.0028522045741423696,True,False,False,79587.195,63298.085,45094.32399999999,38959.423
L,200.0,0.9060084213482764,4.0,4414.97,9346,9354,2025-10-02 22:00:00,2025-10-03 06:00:00,4414.97,4466.66,1.171,42.83,MFE,8,2.303,-1.874,8.1,DOWN,-0.15002499229655494,-0.15002499229655494,-0.15002499229655494,42.67997500770344,True,-0.02511200262251745,-0.003576824626021158,-0.018025260293708212,0.004317571241063023,False,False,False,184171.134,90333.196,89773.11399999999,45005.045
S,200.0,0.8569934954193699,4.0,4667.48,9459,9468,2025-10-07 15:00:00,2025-10-08 00:00:00,4667.48,4510.3,3.368,130.7,TP,9,4.168,-1.854,20.2,UP,0.7873407830649517,0.40080128891821715,0.7873407830649517,131.48734078306495,True,0.1299560423010928,0.02332773839035207,0.11377003678503461,0.0002998577817379111,False,False,False,171300.823,30656.851,74519.62299999999,14970.847999999998
S,200.0,0.9005297366175653,4.0,4441.83,9480,9488,2025-10-08 12:00:00,2025-10-08 20:00:00,4441.83,4485.21,-0.977,-43.06,MH,8,0.746,-1.422,27.3,UP,0.24256669922081664,0.24256669922081664,0.24256669922081664,-42.817433300779186,True,0.17006945036857057,0.07412087250275079,0.15574335024816044,-0.0009960765401439975,False,True,False,158696.638,27853.895000000004,65853.594,12894.669999999998
S,200.0,0.9068731919215736,4.0,4410.76,9503,9509,2025-10-09 11:00:00,2025-10-09 17:00:00,4410.76,4326.26,1.916,72.63,TP,6,2.135,-1.09,25.3,UP,-0.009068017121765862,-0.009068017121765862,-0.009068017121765862,72.62093198287823,True,0.21730498331052428,0.12978018922347334,0.1883289031552935,0.0020904977375565403,False,False,False,202751.72400000002,100342.94200000001,79346.382,43660.208
S,200.0,0.9350797506142305,4.0,4277.71,9539,9540,2025-10-10 23:00:00,2025-10-11 00:00:00,4277.71,4100.48,4.143,161.72,TP,1,4.915,-0.086,15.2,MILD_UP,-0.197350176239156,-0.197350176239156,0.0,161.52264982376084,True,0.046627830338151544,0.21122073128266405,0.12646716620117726,0.0117521219429928,True,False,False,197597.635,186140.41700000002,94192.043,73411.851
S,200.0,0.9831536620016026,4.0,4068.54,9626,9627,2025-10-14 14:00:00,2025-10-14 15:00:00,4068.54,4001.62,1.645,61.79,TP,1,2.56,-0.535,29.3,DOWN,0.0,0.0,0.0,61.79,True,0.058515899862790155,-0.04292278360666857,0.039108763650910316,-0.0024441805342703127,False,True,False,328660.006,77754.83600000001,154714.085,40546.145000000004
L,200.0,0.990103911405502,4.0,4039.98,9675,9681,2025-10-16 15:00:00,2025-10-16 21:00:00,4039.98,4052.53,0.311,8.43,MFE,6,1.222,-2.542,17.2,DOWN,-0.03032279337091916,-0.03032279337091916,-0.03032279337091916,8.39967720662908,True,0.08416004202658933,0.16004231026531368,0.11628790893892216,0.005317759125667898,True,False,False,89375.799,65626.627,48448.835,38064.832
S,200.0,1.0474631751227497,4.0,3818.75,9699,9701,2025-10-17 15:00:00,2025-10-17 17:00:00,3818.75,3707.37,2.917,112.67,TP,2,3.037,-0.116,5.1,DOWN,0.22144457772611142,0.22144457772611142,0.22144457772611142,112.89144457772612,True,0.10427113369075913,0.05390432829023495,0.08806075053452533,0.0021765941657869714,False,False,False,291498.883,138343.195,130551.982,65442.94900000001
L,200.0,0.9953863841096517,4.0,4018.54,9763,9770,2025-10-20 07:00:00,2025-10-20 14:00:00,4018.54,4059.26,1.013,36.53,MHx,7,1.375,-2.778,16.2,DOWN,-0.09830942854849135,-0.09830942854849135,-0.09830942854849135,36.43169057145151,True,0.11999175360382308,0.04399218486926637,0.10176506726286938,-0.0005844477217730182,False,True,False,82072.215,25892.849000000002,45960.102,13515.966
S,200.0,1.0200412606689941,4.0,3921.41,9792,9793,2025-10-21 12:00:00,2025-10-21 13:00:00,3921.41,3849.22,1.841,69.64,TP,1,2.038,-0.0,33.3,DOWN,0.0,0.0,0.0,69.64,True,-0.10228652289129503,0.33200294192766955,0.09591581951799755,0.003144558160344646,True,False,False,46496.976,39035.63,25626.495,13037.843
S,200.0,1.042853455625282,4.0,3835.63,9822,9834,2025-10-22 18:00:00,2025-10-23 06:00:00,3835.63,3742.54,2.427,93.08,TP,12,3.372,-1.041,21.2,DOWN,0.0957820252735535,0.0957820252735535,0.0957820252735535,93.17578202527355,True,0.12631002253745327,0.013660145404254309,0.10475177052307083,-0.0004799428242028281,False,True,False,133671.26899999997,31635.388,58393.623999999996,15601.622
L,200.0,1.028335792769771,4.0,3889.78,9843,9849,2025-10-23 15:00:00,2025-10-23 21:00:00,3889.78,3851.59,-0.982,-43.27,MH,6,0.403,-1.408,0.0,SIDE,-0.16649404600531195,-0.16649404600531195,-0.16649404600531195,-43.436494046005315,True,0.04177780946774301,0.024703755259212423,0.038357594892576286,0.0030712736631193227,False,False,False,199263.918,49914.557,103794.36399999999,25573.817000000003
S,200.0,0.9770347970942985,4.0,4094.02,9959,9969,2025-10-28 11:00:00,2025-10-28 21:00:00,4094.02,4120.0,-0.635,-29.38,MH,10,0.726,-0.988,23.2,MILD_UP,0.18557764336167237,0.18557764336167237,0.18557764336167237,-29.194422356638327,True,0.06398225101299437,0.24066843657483017,0.18010284739518334,0.004188517332970099,True,False,False,68250.88100000001,130855.377,31942.018,49681.309
L,200.0,0.962213861652891,4.0,4157.08,9970,9975,2025-10-28 22:00:00,2025-10-29 03:00:00,4157.08,4113.19,-1.056,-46.23,MH,5,0.409,-2.191,22.2,MILD_UP,-0.07077322158823021,-0.07077322158823021,-0.07077322158823021,-46.30077322158823,True,0.09778786903974446,0.00726226095279614,0.06926875138763666,0.0012283296162314272,False,False,False,192680.22900000002,88620.886,105761.009,44632.236999999994
S,200.0,1.0125992663718315,4.0,3950.23,9996,9999,2025-10-30 00:00:00,2025-10-30 03:00:00,3950.23,3915.29,0.885,31.38,TP,3,2.892,-1.693,14.1,MILD_UP,0.0,0.0,0.15660000000000002,31.38,True,0.09470251152803166,0.07526775389968454,0.08823827283653873,0.001700800614613196,False,False,False,182292.61,90850.871,82514.52100000001,42006.365000000005
S,200.0,1.0483114323603255,4.0,3815.66,10017,10022,2025-10-30 21:00:00,2025-10-31 02:00:00,3815.66,3769.66,1.206,44.22,TP,5,2.35,-0.507,12.1,MILD_UP,-0.25282134794940553,-0.25282134794940553,-0.25282134794940553,43.96717865205059,True,0.13625904128688293,0.009837604179440573,0.0895549483787087,-0.001672227632971035,False,True,False,325757.554,190851.956,140685.071,94487.215
L,200.0,1.033017832470333,4.0,3872.15,10040,10046,2025-10-31 20:00:00,2025-11-01 02:00:00,3872.15,3826.68,-1.174,-50.97,MH,6,0.384,-1.795,22.2,SIDE,0.05114630166810232,0.05114630166810232,0.05114630166810232,-50.918853698331894,True,-0.005035781191981004,0.03425547594315326,0.020456651966769712,0.008025886934699411,True,False,False,61542.388,113695.57400000001,30616.237,58795.135
L,200.0,1.1963332386236185,4.0,3343.55,10161,10167,2025-11-05 21:00:00,2025-11-06 03:00:00,3343.55,3460.24,3.49,135.6,TP,6,4.036,-0.78,7.1,DOWN,-0.17621797000194403,-0.17621797000194403,-0.17621797000194403,135.42378202999805,True,0.1114082339096305,0.09949149807999547,0.10948454914746719,-0.0017376402129354318,False,True,False,232322.2,44722.545,129102.40299999999,24586.029000000002
S,200.0,1.182193797029147,4.0,3383.54,10179,10188,2025-11-06 15:00:00,2025-11-07 00:00:00,3383.54,3300.01,2.469,94.75,TP,9,3.202,-0.909,21.2,DOWN,0.20194227347689106,0.19917239341045176,0.20194227347689106,94.95194227347689,True,-0.01710904123755208,0.07151661558956046,-0.006648153306533455,0.0024323439835602922,True,False,False,120124.03100000002,16076.347999999998,61089.619,7463.311
S,200.0,1.2121799844840961,4.0,3299.84,10206,10208,2025-11-07 18:00:00,2025-11-07 20:00:00,3299.84,3258.62,1.249,45.97,TP,2,2.297,-0.278,23.2,DOWN,0.0,0.0,0.0,45.97,True,0.01861618724728409,-0.07154987563424853,0.000759592570708123,-0.001979765100263542,False,True,False,164409.498,40600.405999999995,80674.41,21752.679999999997
S,200.0,1.1328267709622515,4.0,3530.99,10306,10310,2025-11-11 22:00:00,2025-11-12 02:00:00,3530.99,3471.5,1.685,63.39,TP,4,2.491,-0.432,29.3,DOWN,0.11143455484156002,0.11143455484156002,0.11143455484156002,63.50143455484156,True,-0.11803191235673993,0.22683779073735855,0.07163099454783084,0.008513721074548508,True,False,False,107625.207,131518.14299999998,60164.208,50842.429
L,200.0,1.1487419839348434,4.0,3482.07,10326,10331,2025-11-12 18:00:00,2025-11-12 23:00:00,3482.07,3500.94,0.542,17.68,MFE,5,3.02,-0.115,19.2,DOWN,0.0,0.0,0.0,17.68,True,0.029719056820694423,-0.13628193655129361,0.012516858914178197,-0.0009095499879491209,False,True,False,162840.935,18825.569,83840.207,8129.991999999999
S,200.0,1.181502398449869,4.0,3385.52,10356,10358,2025-11-14 00:00:00,2025-11-14 02:00:00,3385.52,3254.4,3.873,150.92,TP,2,3.944,-0.367,33.3,DOWN,0.0,0.0,0.0928553938968949,150.92,True,0.018741393843274334,0.031615811698295304,0.022600137767524675,0.0013922318183963167,True,False,False,397490.87299999996,170127.658,195020.67,82374.467
L,200.0,1.2556464852885318,4.0,3185.61,10442,10449,2025-11-17 14:00:00,2025-11-17 21:00:00,3185.61,3182.68,-0.092,-7.68,MFE,7,1.181,-0.498,21.2,DOWN,-0.401466595094817,-0.401466595094817,-0.401466595094817,-8.081466595094817,True,-0.07933860468634946,0.18865536205243716,-0.043119496486532016,0.0015499830224985356,True,False,False,88960.715,13901.756999999998,40951.348,8262.199
L,200.0,1.3052700277369882,4.0,3064.5,10471,10478,2025-11-18 19:00:00,2025-11-19 02:00:00,3064.5,3134.29,2.277,87.09,MFE,7,3.374,-1.452,22.2,DOWN,-0.24027340101714895,-0.24027340101714895,-0.24027340101714895,86.84972659898285,True,-0.031143134283457385,-0.1702020140060242,-0.05583525753063723,0.00040479750331345876,False,False,False,126098.965,27225.142,61085.924,11295.684000000001
S,200.0,1.326119244642478,4.0,3016.32,10490,10501,2025-11-19 14:00:00,2025-11-20 01:00:00,3016.32,2948.87,2.236,85.45,TP,11,2.695,-3.204,19.2,DOWN,0.4014001074663037,0.4014001074663037,0.4014001074663037,85.8514001074663,True,0.10465131817313544,-0.10736293406479791,0.041923416823140824,-0.007051282051282248,False,True,False,338474.695,142222.026,151526.43600000002,78745.7
S,200.0,1.3538532355400013,4.0,2954.53,10524,10525,2025-11-21 00:00:00,2025-11-21 01:00:00,2954.53,2861.21,3.159,122.34,TP,1,3.673,-0.189,22.2,DOWN,0.0,0.0,0.2715190810044237,122.34,True,0.026613884353462902,0.15769272316247573,0.0644533874699541,0.01065183468727604,True,False,False,313488.85000000003,127223.797,152572.84699999998,53580.765
S,200.0,1.3936359613823475,4.0,2870.19,10637,10647,2025-11-25 17:00:00,2025-11-26 03:00:00,2870.19,2922.89,-1.836,-77.44,MH,10,0.529,-3.025,18.2,DOWN,0.022425889296527404,0.022425889296527404,0.022425889296527404,-77.41757411070347,True,0.07798957343687452,0.1785600682458487,0.13393901360464733,0.00907995539428752,True,False,False,118311.46900000001,148348.364,54542.204000000005,60929.635
S,200.0,1.3765382815296092,4.0,2905.84,10662,10670,2025-11-26 18:00:00,2025-11-27 02:00:00,2905.84,3024.88,-4.097,-167.86,SN,8,0.645,-4.386,28.3,DOWN,0.0759797543244231,0.0759797543244231,0.0759797543244231,-167.78402024567558,True,0.057560940721886,0.07865773186946923,0.0613680302321431,0.000529686521885675,True,False,False,127516.54,28078.384,60088.28399999999,12934.901000000002
L,200.0,1.3185002060156572,4.0,3033.75,10677,10679,2025-11-27 09:00:00,2025-11-27 11:00:00,3033.75,3035.75,0.066,-1.36,MFE,2,1.195,-0.247,13.1,DOWN,0.0,0.0,0.0,-1.36,True,-0.2417939728061672,0.16251180273319576,-0.043953457571268895,0.004114095825665576,True,False,False,103028.87499999999,98725.01400000001,39058.55699999999,57384.497
S,200.0,1.3376852694098134,4.0,2990.24,10689,10699,2025-11-27 21:00:00,2025-11-28 07:00:00,2990.24,3009.41,-0.641,-29.64,MH,10,0.215,-1.781,15.2,DOWN,0.03977796822234148,0.03977796822234148,0.03977796822234148,-29.60022203177766,True,0.08364027291520593,0.1469642104177986,0.11326592175831751,0.005193206580501375,True,False,False,145996.702,128352.12700000001,66892.749,54744.479
L,200.0,1.4226167612706815,4.0,2811.72,10803,10812,2025-12-02 15:00:00,2025-12-03 00:00:00,2811.72,3005.55,6.894,271.75,TP,9,7.622,-1.107,23.2,MILD_UP,-0.3988120990227102,-0.3988120990227102,-0.22149692041317576,271.35118790097727,True,0.1404505650133765,0.1041628652948936,0.12988078363884958,0.0004305268438822285,False,False,False,52085.935,21406.746,29700.716999999997,11818.267000000002
L,200.0,1.320367326190146,4.0,3029.46,10823,10828,2025-12-03 11:00:00,2025-12-03 16:00:00,3029.46,3056.41,0.89,31.58,MFE,5,1.812,-0.323,12.1,MILD_UP,-0.04467376760214692,-0.04467376760214692,0.0,31.53532623239785,True,0.1501079139697714,-0.052073141917726606,0.11960759401375953,0.00020139656965523223,False,False,False,202640.122,36000.477999999996,116529.004,17062.91
S,200.0,1.2620725123761987,4.0,3169.39,10858,10864,2025-12-04 22:00:00,2025-12-05 04:00:00,3169.39,3117.66,1.632,61.29,TP,6,3.3,-1.839,0.0,MILD_UP,0.38965362546105087,0.38965362546105087,0.38965362546105087,61.67965362546105,True,0.06501133199799214,0.05381690245156312,0.06329517818797825,0.0012510399072277467,False,False,False,228940.21000000002,41452.33,107028.25099999999,19610.747
S,200.0,1.2911805909733565,4.0,3097.94,10882,10885,2025-12-05 22:00:00,2025-12-06 01:00:00,3097.94,3031.69,2.139,81.54,TP,3,3.261,-1.906,34.3,MILD_UP,0.1958286109124613,0.1958286109124613,0.1958286109124613,81.73582861091246,True,0.17054597947871264,0.008664374572690647,0.12905691313120615,-0.0007591444603451958,False,True,False,270326.314,93158.48400000001,112111.624,46175.662000000004
L,200.0,1.2729691368632767,4.0,3142.26,10949,10952,2025-12-08 17:00:00,2025-12-08 20:00:00,3142.26,3140.61,-0.053,-6.1,MFE,3,1.201,-0.297,8.1,MILD_UP,0.0,0.0,0.0,-6.1,True,-0.004438233983617423,0.09797482671538282,0.04483117127672487,0.002632410234810978,True,False,False,53360.863999999994,49470.778999999995,26562.018000000004,27158.835
S,200.0,1.2665602756035161,4.0,3158.16,11027,11037,2025-12-11 23:00:00,2025-12-12 09:00:00,3158.16,3187.61,-0.933,-41.3,MH,10,0.155,-3.618,0.0,MILD_UP,0.0951403301067214,0.0951403301067214,0.0951403301067214,-41.204859669893274,True,0.07405138781760057,0.038600851653516455,0.05858521254028137,0.008980852145425877,False,False,False,300191.538,232322.413,138980.969,111677.285
S,200.0,1.3029315960912051,4.0,3070.0,11052,11062,2025-12-13 00:00:00,2025-12-13 10:00:00,3070.0,3083.19,-0.43,-21.19,MH,10,0.941,-0.921,11.1,MILD_UP,0.004298597785016287,-0.005147872022423971,0.004298597785016287,-21.185701402214985,True,0.09276643060471879,0.059665993798715955,0.08300936712880214,0.012153409036061213,False,False,False,915341.934,382594.63300000003,415214.46499999997,179883.372
L,200.0,1.402952513564797,4.0,2851.13,11190,11194,2025-12-18 18:00:00,2025-12-18 22:00:00,2851.13,2962.87,3.919,152.77,TP,4,4.508,-0.11,1.0,DOWN,0.0,0.0,0.0,152.77,True,0.16992854669792568,-0.12105121959019816,0.08836168978376491,-0.0015024059507883214,False,True,False,74577.799,29048.240999999998,43625.348000000005,12765.958
L,200.0,1.3541190609184313,4.0,2953.95,11214,11220,2025-12-19 18:00:00,2025-12-20 00:00:00,2953.95,2963.48,0.323,8.9,MFE,6,2.168,-0.422,20.2,DOWN,-0.36903346924344366,-0.36903346924344366,0.0,8.530966530756556,True,-0.006567756426386406,-0.021073945955423667,-0.008837600129981804,0.0007995690458362237,False,False,False,69853.839,12957.896,34697.528,6342.411
S,200.0,1.3520456450609772,4.0,2958.48,11307,11315,2025-12-23 15:00:00,2025-12-23 23:00:00,2958.48,2916.17,1.43,53.21,TP,8,2.0,-0.54,28.3,DOWN,0.27206728184743517,0.27206728184743517,0.27206728184743517,53.482067281847435,True,0.09281130912557267,-0.15150149556882342,0.06528841758406434,-0.0006054067217056147,False,True,False,221280.41500000004,28092.99,100371.54500000001,16174.560000000001
S,200.0,1.370797221394032,4.0,2918.01,11334,11344,2025-12-24 18:00:00,2025-12-25 04:00:00,2918.01,2944.78,-0.917,-40.7,MH,10,1.071,-1.26,29.3,DOWN,0.22565606186963838,0.22565606186963838,0.22565606186963838,-40.47434393813037,True,-0.00029838325022946144,0.05190548815820584,0.00853892114339072,0.00047270148900957487,True,False,False,84686.389,17257.52,42355.829000000005,8180.88
L,200.0,1.352082206598161,4.0,2958.4,11347,11353,2025-12-25 07:00:00,2025-12-25 13:00:00,2958.4,2943.64,-0.499,-23.96,MH,6,0.024,-0.802,12.1,DOWN,-0.26000599256354784,-0.26000599256354784,-0.26000599256354784,-24.22000599256355,True,0.160261834602637,-0.04285339885886741,0.1355734784948599,0.0003009288218804862,False,False,False,51953.560999999994,7188.647999999999,30139.867000000002,3440.295
S,200.0,1.3654906378548142,4.0,2929.35,11357,11367,2025-12-25 17:00:00,2025-12-26 03:00:00,2929.35,2957.89,-0.974,-42.97,MH,10,0.656,-1.387,0.0,DOWN,0.2008447689760527,0.2008447689760527,0.2008447689760527,-42.769155231023944,True,0.1300627372924933,-0.0636986432381148,0.10811570383277591,-0.0010593763348996088,False,True,False,151024.847,19291.447,65691.07100000001,10260.143
L,200.0,1.3409274524725026,4.0,2983.01,11386,11391,2025-12-26 22:00:00,2025-12-27 03:00:00,2983.01,2921.86,-2.05,-86.0,MH,5,0.031,-3.017,1.0,SIDE,-0.1351940625073332,-0.1351940625073332,-0.1351940625073332,-86.13519406250734,True,0.14483035923011833,0.1397670773273061,0.14347591479223265,0.0013225603963653576,False,False,False,71740.44900000001,26199.166999999998,41065.322,14930.474
L,200.0,1.3556564766488173,4.0,2950.6,11472,11477,2025-12-30 12:00:00,2025-12-30 17:00:00,2950.6,2976.7,0.885,31.38,MFE,5,1.776,-0.499,13.1,SIDE,-0.15674193466533992,-0.15674193466533992,-0.15674193466533992,31.223258065334658,True,-0.019852017236576258,0.2609992513633177,0.1005098892084273,0.003680547523964295,True,False,False,100298.573,75220.733,49153.722,47426.644
L,200.0,1.3354700854700856,4.0,2995.2,11483,11489,2025-12-30 23:00:00,2025-12-31 05:00:00,2995.2,2957.51,-1.258,-54.33,MH,6,0.208,-1.801,20.2,SIDE,-0.39910389957264963,-0.39910389957264963,-0.39910389957264963,-54.72910389957265,True,-0.03211472404043647,0.09403214079231481,0.016262484124335064,0.008209882153352055,True,False,False,304123.17999999993,189182.144,147178.17399999997,103485.673
L,200.0,1.3331200341278728,4.0,3000.48,11504,11510,2025-12-31 20:00:00,2026-01-01 02:00:00,3000.48,2974.56,-0.864,-38.55,MH,6,0.908,-1.429,13.1,SIDE,-0.1403192302564923,-0.1403192302564923,-0.1403192302564923,-38.69031923025649,True,0.09521066130924671,-0.1035769313520537,0.034865337833703824,0.0006169484064388886,False,False,False,140804.095,61374.815,77105.073,27508.9
L,200.0,1.3406712741069453,4.0,2983.58,11527,11533,2026-01-01 19:00:00,2026-01-02 01:00:00,2983.58,2981.35,-0.075,-6.99,MH,6,0.346,-0.254,0.0,SIDE,0.02243656278698744,0.02243656278698744,0.02243656278698744,-6.967563437213013,True,-0.17731340029140374,0.2247187476621233,-0.09204116829852382,0.0008621239110233603,True,False,False,14051.978,3782.813,5780.187,2316.441
L,200.0,1.2207515556952637,4.0,3276.67,11651,11658,2026-01-06 23:00:00,2026-01-07 06:00:00,3276.67,3274.77,-0.058,-6.32,MH,7,0.739,-2.929,8.1,MILD_UP,-0.16969234008917589,-0.16969234008917589,-0.16969234008917589,-6.489692340089176,True,0.09038820605162812,0.04717779864177185,0.08059926749215296,-0.004048644524755285,False,True,False,775662.612,227186.713,422886.68200000003,118952.44099999999
S,200.0,1.2886639454379687,4.0,3103.99,11691,11701,2026-01-08 15:00:00,2026-01-09 01:00:00,3103.99,3120.82,-0.542,-25.69,MH,10,1.661,-1.022,28.3,MILD_UP,0.31049507451565017,0.31049507451565017,0.31049507451565017,-25.37950492548435,True,0.18253434827565773,0.24714712480199652,0.19747864967604356,0.0052334375961441415,True,False,False,244412.70599999998,73539.144,99899.49600000001,27682.078
L,200.0,1.2776776930251574,4.0,3130.68,11810,11817,2026-01-13 14:00:00,2026-01-13 21:00:00,3130.68,3133.94,0.104,0.17,BE,7,0.558,-0.32,17.2,SIDE,-0.3654359707156272,-0.3654359707156272,-0.3654359707156272,-0.1954359707156272,True,0.13021582837997148,-0.16517032011033872,0.0928605738036159,-0.0013110926090743602,False,True,False,241686.00999999995,34988.998,136578.677,14604.927
S,200.0,1.2258507404138472,4.0,3263.04,11892,11902,2026-01-17 00:00:00,2026-01-17 10:00:00,3263.04,3289.26,-0.804,-36.14,MH,10,0.154,-1.098,4.0,MILD_UP,0.3380877953074434,0.3380877953074434,0.44876813450034325,-35.801912204692556,True,0.0968659819927612,0.13585057780860876,0.10701945085804632,0.0015696857874590853,True,False,False,384717.062,135485.953,173725.533,58540.054
S,200.0,1.2549767672425964,4.0,3187.31,11971,11979,2026-01-20 07:00:00,2026-01-20 15:00:00,3187.31,3115.2,2.262,86.5,TP,8,2.53,-0.39,11.1,MILD_UP,0.3445333700403803,0.3445333700403803,0.3445333700403803,86.84453337004038,True,0.13930041660135462,0.19609368510011838,0.15254871863988761,0.0038660116011600687,True,False,False,104810.74900000001,31888.058999999997,45105.284,12817.506000000001
S,200.0,1.3652249890782,4.0,2929.92,12009,12014,2026-01-21 21:00:00,2026-01-22 02:00:00,2929.92,2902.01,0.953,34.1,TP,5,2.24,-3.281,22.2,MILD_UP,0.04560340022935779,0.04560340022935779,0.04560340022935779,34.14560340022936,True,0.17326919203101565,-0.23475590904879806,0.12913329520618455,-0.004167580609782728,False,True,False,477361.059,57898.828,197324.54700000002,35745.46
S,200.0,1.3669185214042354,4.0,2926.29,12053,12063,2026-01-23 17:00:00,2026-01-24 03:00:00,2926.29,2987.18,-2.081,-87.23,MH,10,1.233,-3.218,16.2,DOWN,0.20352057793315084,0.20352057793315084,0.20352057793315084,-87.02647942206686,True,0.05903297261953555,0.007150842483733766,0.04847675390346551,0.0020563922082174058,False,False,False,123781.97600000001,31618.652,58237.379,15696.276000000002
L,200.0,1.369206544807284,4.0,2921.4,12131,12137,2026-01-26 23:00:00,2026-01-27 05:00:00,2921.4,2900.17,-0.727,-33.07,MH,6,0.979,-1.248,22.2,DOWN,-0.05261670597886054,-0.05261670597886054,-0.05261670597886054,-33.122616705978864,True,-0.020446600926805503,-0.036603513101960417,-0.022833444732090036,0.001762531461529493,False,False,False,509493.927,88313.463,249538.25400000002,42540.44
S,200.0,1.3914059809586092,4.0,2874.79,12203,12204,2026-01-29 23:00:00,2026-01-30 00:00:00,2874.79,2822.65,1.814,68.55,TP,1,2.774,-0.042,11.1,DOWN,-0.04583873047898873,-0.04583873047898873,0.0,68.504161269521,True,0.10406323294861475,0.13276223302860546,0.11755909110253893,0.011342024988221233,True,False,False,237720.877,211025.277,106491.437,91504.545
S,200.0,1.7460539181449923,4.0,2290.88,12318,12325,2026-02-03 18:00:00,2026-02-04 01:00:00,2290.88,2239.88,2.226,85.05,TP,7,2.476,-1.112,21.2,DOWN,-0.15690272338001848,-0.15690272338001848,-0.15690272338001848,84.89309727661998,True,0.07878402802142936,0.021724755745224367,0.07579029544963056,0.0006717791678662044,False,False,False,603346.2390000001,33408.661,277906.096,16341.432999999999
S,200.0,1.8203993956274005,4.0,2197.32,12346,12348,2026-02-04 22:00:00,2026-02-05 00:00:00,2197.32,2150.44,2.134,81.34,TP,2,2.836,-1.288,16.2,DOWN,-0.23944396203745832,-0.23944396203745832,0.0,81.10055603796255,True,0.09397593677232885,0.031157779987991185,0.0652653404254595,0.006551195627110706,False,False,False,268158.54,225726.833,121479.04499999998,109346.843
L,200.0,2.022040238600748,4.0,1978.2,12395,12398,2026-02-06 23:00:00,2026-02-07 02:00:00,1978.2,2066.53,4.465,174.61,TP,3,5.652,-0.92,5.1,DOWN,-0.07412643574967141,-0.07412643574967141,-0.07412643574967141,174.53587356425035,True,0.052926549954853686,0.014724167918001463,0.040909049775021744,-0.0029686153349898214,False,True,False,593588.757,272426.396,312502.681,138218.824
S,200.0,2.0536200186879423,4.0,1947.78,12507,12516,2026-02-11 15:00:00,2026-02-12 00:00:00,1947.78,1928.05,1.013,36.52,TP,9,2.39,-3.473,21.2,DOWN,-1.0073947026489205,-1.0073947026489205,-0.5192276615499508,35.51260529735108,True,0.05513085377580251,-0.02837308804766847,0.04238798778253927,0.0021056514455221054,False,False,False,499473.092,89946.60699999999,235968.35700000002,46249.33500000001
L,200.0,2.030663011473246,4.0,1969.8,12530,12537,2026-02-12 14:00:00,2026-02-12 21:00:00,1969.8,1979.84,0.51,16.39,MFE,7,1.579,-0.691,7.1,DOWN,-0.08952040533622317,-0.08952040533622317,-0.08952040533622317,16.300479594663777,True,0.01811828024237294,0.08863665669030985,0.02756951096942384,0.0009095482238403729,True,False,False,123519.61499999999,19116.864999999998,62878.789,10405.66
S,200.0,2.0539469157419625,4.0,1947.47,12540,12541,2026-02-13 00:00:00,2026-02-13 01:00:00,1947.47,1907.82,2.036,77.44,TP,1,2.757,-0.079,7.1,DOWN,0.0,-0.16413223336795676,0.0,77.44,True,0.03086706109236803,0.07027602290601931,0.03770223260005323,0.0037650332765508665,True,False,False,434460.701,91165.731,210525.088,42379.483
L,200.0,2.0425775285833194,4.0,1958.31,12557,12564,2026-02-13 17:00:00,2026-02-14 00:00:00,1958.31,2033.71,3.85,150.01,TP,7,4.682,-0.741,16.2,DOWN,-0.17698259417559017,-0.17698259417559017,0.0,149.8330174058244,True,0.02587837710725638,0.2710436246065382,0.16299753659750227,0.005277126122287701,True,False,False,81647.392,103617.095,41880.147,65850.924
L,200.0,2.024178815956602,4.0,1976.11,12629,12634,2026-02-16 17:00:00,2026-02-16 22:00:00,1976.11,1966.77,-0.473,-22.91,MFE,5,2.388,-1.015,11.1,DOWN,0.0,0.0,0.0,-22.91,True,0.05058912948343086,0.13619717474736315,0.07320073652170822,0.0014595358878588538,True,False,False,55303.46200000001,19850.331,29050.608,11276.945
L,200.0,1.9988806268489647,4.0,2001.12,12675,12677,2026-02-18 15:00:00,2026-02-18 17:00:00,2001.12,2019.59,0.923,32.92,MFE,2,1.856,-0.278,9.1,SIDE,0.15253517570160713,0.15253517570160713,0.15253517570160713,33.07253517570161,True,0.11265337265166142,0.00633151722852987,0.08625032924551634,-0.0013424426467579798,False,True,False,67014.718,22139.875,37282.076,11140.026999999998
S,200.0,2.0309929524544548,4.0,1969.48,12682,12688,2026-02-18 22:00:00,2026-02-19 04:00:00,1969.48,1939.82,1.506,56.24,TP,6,2.429,-2.047,19.2,DOWN,-0.034907921354578056,-0.034907921354578056,-0.034907921354578056,56.20509207864542,True,-0.03402544995811296,0.09520540949855671,0.035191916335520546,0.0025878790027296095,True,False,False,139640.387,161056.111,72195.857,72861.349
S,200.0,2.0831054936699633,4.0,1920.21,12706,12716,2026-02-19 22:00:00,2026-02-20 08:00:00,1920.21,1948.15,-1.455,-62.2,MH,10,0.766,-1.708,12.1,DOWN,-0.5036096591621948,-0.5036096591621948,-0.31543083392953797,-62.7036096591622,True,0.16211087422697135,-0.07479462464545494,0.09893136936515234,-0.0018887712030219994,False,True,False,381539.07499999995,138755.57299999997,159843.721,74566.872
S,200.0,2.2043425548330213,4.0,1814.6,12826,12836,2026-02-24 22:00:00,2026-02-25 08:00:00,1814.6,1851.09,-2.011,-84.44,MH,10,0.692,-2.754,28.3,DOWN,-0.221247057797029,-0.221247057797029,-0.121071801542207,-84.66124705779703,True,0.1557372603150512,0.04243784874211698,0.13960023236916652,0.0012164177872204807,False,False,False,429154.29400000005,71275.267,181159.49000000002,34125.249
L,200.0,2.1509308153103253,4.0,1859.66,12835,12839,2026-02-25 07:00:00,2026-02-25 11:00:00,1859.66,1919.95,3.242,125.68,TP,4,4.627,-0.751,23.2,DOWN,0.09774798619102415,0.09774798619102415,0.09774798619102415,125.77774798619103,True,0.05770248389104804,0.17192327298139443,0.08019268775120403,0.0016913364790038798,True,False,False,59017.806000000004,14469.792000000001,31211.640000000003,8478.742999999999
L,200.0,2.077619878666999,4.0,1925.28,12848,12852,2026-02-25 20:00:00,2026-02-26 00:00:00,1925.28,2012.86,4.549,177.96,TP,4,5.332,-0.21,14.1,DOWN,-0.24060305746596816,-0.24060305746596816,0.0,177.71939694253405,True,-0.07726083518857618,0.11584467298989543,-0.03857097402650389,0.0016075413980927156,True,False,False,132165.074,33114.833,60976.94500000001,18475.504999999997
S,200.0,1.9510101354976541,4.0,2050.22,12875,12877,2026-02-26 23:00:00,2026-02-27 01:00:00,2050.22,1982.89,3.284,127.36,TP,2,3.63,-0.109,0.0,DOWN,0.15566968578981769,0.15566968578981769,0.15566968578981769,127.51566968578982,True,0.018714123354800383,0.0219402430411062,0.020432468303699713,0.00413361635571452,True,False,False,219482.095,250134.148,107687.34,122323.07199999999
S,200.0,2.020610224287735,4.0,1979.6,12895,12898,2026-02-27 19:00:00,2026-02-27 22:00:00,1979.6,1962.04,0.887,31.48,TP,3,2.202,-0.174,27.3,DOWN,0.0,0.0,0.0,31.48,True,0.081628914558182,0.24171503183957455,0.12260612159604889,0.006165030021888951,True,False,False,357094.801,122851.83,163972.77,46578.348
L,200.0,2.021702981506472,4.0,1978.53,12971,12972,2026-03-02 23:00:00,2026-03-03 00:00:00,1978.53,2046.39,3.43,133.19,TP,1,4.36,-0.28,8.1,SIDE,0.27868468381611,0.0,0.27868468381611,133.46868468381612,True,0.10714893401632408,0.03466549647428252,0.08098848898600042,0.00686500020355818,False,False,False,508214.81799999997,287009.21699999995,281334.74700000003,148479.26700000002
S,200.0,1.9008696478638976,4.0,2104.3,13036,13045,2026-03-05 16:00:00,2026-03-06 01:00:00,2104.3,2079.17,1.194,43.77,TP,9,2.317,-2.79,7.1,MILD_UP,-0.058016553471462624,-0.0914987736337908,-0.058016553471462624,43.71198344652854,True,0.020647002193637132,0.09025405820524224,0.06741689493020275,0.006139895149482877,True,False,False,75307.349,154227.414,36876.239,70153.882
S,200.0,1.9429642834590592,4.0,2058.71,13062,13066,2026-03-06 18:00:00,2026-03-06 22:00:00,2058.71,2018.52,1.952,74.09,TP,4,2.022,-0.467,4.0,MILD_UP,0.0,0.0,0.0,74.09,True,0.09485481421065056,-0.11373100860867624,0.06420848296507853,-0.0022735681875718505,False,True,False,273428.241,47092.258,123746.128,26224.054
L,200.0,1.9455158292031651,4.0,2056.01,13157,13165,2026-03-10 17:00:00,2026-03-11 01:00:00,2056.01,2079.56,1.145,41.82,MHx,8,1.556,-2.346,16.2,SIDE,-0.10804435502792924,-0.10804435502792924,-0.10804435502792924,41.71195564497207,True,0.11614423334278645,-0.14315259406879965,0.06751487839850889,-0.004464393796332566,False,True,False,251481.62899999996,58050.677,140344.885,24870.286
L,200.0,1.929943066679533,4.0,2072.6,13220,13221,2026-03-13 08:00:00,2026-03-13 09:00:00,2072.6,2118.16,2.198,83.93,TP,1,3.638,-0.169,9.1,MILD_UP,0.0,-0.09056349551288237,0.0,83.93,True,0.21395226969908387,-0.15944184564786257,0.18326900035103844,-0.0040317348954103105,False,True,False,336862.783,30159.686,204467.66999999998,12675.485
L,200.0,1.8815825991241233,4.0,2125.87,13231,13234,2026-03-13 19:00:00,2026-03-13 22:00:00,2125.87,2184.54,2.76,106.39,TP,3,3.75,-0.413,18.2,MILD_UP,0.0,0.0,0.0,106.39,True,0.05072871481402608,-0.04839831246975779,0.03391613274705385,-0.00014580139028674832,False,True,False,239824.68400000004,48983.774,125995.34099999999,23306.521
S,200.0,1.730343300110742,4.0,2311.68,13351,13352,2026-03-18 19:00:00,2026-03-18 20:00:00,2311.68,2268.1,1.885,71.41,TP,1,2.149,-0.292,19.2,UP,0.0,0.0,0.0,71.41,True,0.14923435439528265,0.0030707370008207224,0.07034122642164142,0.0006311766689435228,False,False,False,88328.529,103589.46399999999,37573.439,51635.684
S,200.0,1.8473446729507175,4.0,2165.27,13372,13378,2026-03-19 16:00:00,2026-03-19 22:00:00,2165.27,2136.67,1.321,48.83,TP,6,2.696,-1.234,11.1,UP,0.0,-0.03483953680935459,0.0,48.83,True,0.14187074793327614,-0.0665270178158548,0.12335806041030595,0.0006692142962634318,False,False,False,597490.3300000001,58251.822,256361.96500000003,31063.571
S,200.0,1.8880125364032416,4.0,2118.63,13538,13542,2026-03-26 14:00:00,2026-03-26 18:00:00,2118.63,2081.29,1.762,66.5,TP,4,2.154,-0.359,20.2,DOWN,0.028651371912942796,0.028651371912942796,0.028651371912942796,66.52865137191294,True,0.2574044703122136,0.10143003507417703,0.17899413092161598,0.004870831376232898,False,False,False,241827.494,244465.892,89790.008,109834.854
S,200.0,1.9608900479927838,4.0,2039.89,13566,13567,2026-03-27 18:00:00,2026-03-27 19:00:00,2039.89,1989.7,2.46,94.42,TP,1,2.87,-0.188,26.3,DOWN,0.0,0.0,0.0,94.42,True,0.09041794646057733,0.057476922926076646,0.08499744715946156,0.0016688689864434725,False,False,False,149128.50300000003,29372.658000000003,67822.305,13842.203999999998
L,200.0,1.9404194216579915,4.0,2061.41,13637,13640,2026-03-30 17:00:00,2026-03-30 20:00:00,2061.41,2070.4,0.436,13.44,MFE,3,1.241,-0.728,23.2,DOWN,0.0,0.0,0.0,13.44,True,0.1454305623242662,-0.12386340496765302,0.11042173692560953,-0.002009140378396168,False,True,False,197384.95500000002,29494.894,113045.38,12920.778
L,200.0,1.892228145947557,4.0,2113.91,13677,13684,2026-04-01 09:00:00,2026-04-01 16:00:00,2113.91,2130.13,0.767,26.69,MFE,7,2.085,-1.548,9.1,DOWN,-0.19275764209450733,-0.19275764209450733,0.0,26.497242357905495,True,-0.03516221479445658,0.2524828493903777,0.10871778587424985,0.005355147076308464,True,False,False,76906.333,76967.818,37101.068,48200.436
S,200.0,1.9744408630281012,4.0,2025.89,13713,13723,2026-04-02 21:00:00,2026-04-03 07:00:00,2025.89,2059.08,-1.638,-69.53,MH,10,0.51,-2.473,23.2,DOWN,-0.29605870102283977,-0.29605870102283977,-0.29605870102283977,-69.82605870102284,True,-0.0640025782514686,0.014045746335894171,-0.05336573970165803,0.001842700393667851,True,False,False,137445.088,21687.42,73120.96399999999,10691.402
S,200.0,1.952124155096264,4.0,2049.05,13737,13747,2026-04-03 21:00:00,2026-04-04 07:00:00,2049.05,2051.09,-0.1,-7.98,MH,10,0.429,-0.583,14.1,DOWN,-0.0383435693542303,-0.0383435693542303,-0.0383435693542303,-8.018343569354231,True,-0.0719310297461706,0.06326356847583137,-0.02793663211527453,0.004160166406656285,True,False,False,199911.11000000002,96435.85,107145.46100000001,45167.487
S,200.0,1.9154427785412946,4.0,2088.29,13831,13841,2026-04-07 19:00:00,2026-04-08 05:00:00,2088.29,2114.57,-1.258,-54.34,MH,10,1.45,-1.748,28.3,MILD_UP,0.041063877151610174,0.041063877151610174,0.041063877151610174,-54.298936122848396,True,0.14319834807328757,0.12251938434754073,0.1363924398932319,0.004628217349857078,False,False,False,281437.667,138069.001,120568.129,60576.436
L,200.0,1.785929554008742,4.0,2239.73,13850,13855,2026-04-08 14:00:00,2026-04-08 19:00:00,2239.73,2241.69,0.088,-0.5,MFE,5,1.028,-0.25,14.1,MILD_UP,-0.23472298330965574,-0.23472298330965574,-0.23472298330965574,-0.7347229833096558,True,-0.017313164233083822,-0.0758519054818676,-0.030467511818208615,0.00014289478032170067,False,False,False,84861.49500000001,24596.508,41696.136999999995,11365.408000000001
S,200.0,1.848249476714367,4.0,2164.21,13882,13892,2026-04-09 22:00:00,2026-04-10 08:00:00,2164.21,2188.92,-1.142,-49.67,MH,10,0.379,-3.786,4.0,MILD_UP,0.12912954538191765,0.07855039945291815,0.12912954538191765,-49.54087045461809,True,0.1263845290292731,0.01788081057806834,0.09003928024061447,0.0021991904028622056,False,False,False,197849.76999999996,99654.263,86422.30999999998,48936.182
L,200.0,1.6862411156171222,4.0,2372.14,13995,14003,2026-04-14 15:00:00,2026-04-14 23:00:00,2372.14,2352.08,-0.846,-37.83,MFE,8,1.866,-0.849,3.0,MILD_UP,-0.40081445445884306,-0.40081445445884306,-0.40081445445884306,-38.230814454458844,True,0.21601622761530903,0.24982007719720278,0.2290857439013403,0.002239272616653354,True,False,False,80280.927,50603.647,48811.455,31622.727
L,200.0,1.6879916275615274,4.0,2369.68,14183,14187,2026-04-22 11:00:00,2026-04-22 15:00:00,2369.68,2392.4,0.959,34.35,MFE,4,1.885,-0.525,8.1,MILD_UP,0.0,0.0,0.0,34.35,True,0.15641480554611165,0.07892809163772507,0.13944605781542085,0.0029075549874937323,False,False,False,449832.40400000004,126129.364,260096.426,68042.257
L,200.0,1.6639973376042598,4.0,2403.85,14193,14200,2026-04-22 21:00:00,2026-04-23 04:00:00,2403.85,2396.75,-0.295,-15.81,MH,7,0.797,-0.855,1.0,MILD_UP,-0.31172820200927676,-0.31172820200927676,-0.31172820200927676,-16.121728202009276,True,0.1085070155636425,0.24332930130816255,0.13461020334515084,0.001925617802378321,True,False,False,151313.359,36329.965000000004,83865.96,22585.055
L,200.0,1.7648045037810938,4.0,2266.54,14398,14403,2026-05-01 10:00:00,2026-05-01 15:00:00,2266.54,2276.14,0.424,12.94,MFE,5,1.255,-0.157,4.0,SIDE,0.0,0.0,0.0,12.94,True,0.036286386933674475,-0.1382614770367916,-0.06542908689215499,0.0008213080876768863,False,False,False,26965.070999999996,37658.587999999996,13971.768,16225.928
L,200.0,1.679994624017203,4.0,2380.96,14496,14502,2026-05-05 12:00:00,2026-05-05 18:00:00,2380.96,2368.61,-0.519,-24.75,MH,6,0.378,-0.664,8.1,SIDE,0.09633277689351354,0.09633277689351354,0.09633277689351354,-24.653667223106485,True,0.1379122128190049,-0.14081815246608864,0.08919168038909486,-0.0012835462789742014,False,True,False,145633.723,30848.04,82859.196,13252.038
L,200.0,1.8691763474424994,4.0,2139.98,14836,14841,2026-05-19 16:00:00,2026-05-19 21:00:00,2139.98,2117.4,-1.055,-46.21,MH,5,0.022,-1.6,21.2,DOWN,0.0,-0.22748016284637518,0.0,-46.21,True,-0.015385374960322773,0.13943036524623786,0.04414086177008092,-0.0005137594111382926,True,True,True,48245.558,30138.435,23751.641,17170.324
S,200.0,1.8959682235725732,4.0,2109.74,14840,14850,2026-05-19 20:00:00,2026-05-20 06:00:00,2109.74,2116.0,-0.297,-15.87,MH,10,0.786,-0.816,24.2,DOWN,0.14349482988425116,0.14349482988425116,0.14349482988425116,-15.726505170115749,True,0.2027559893988714,-0.06145002525970655,0.15475677040792835,-0.0007304809790342759,False,True,False,67887.489,15071.434,27061.447,7998.787
S,200.0,1.8825389803227612,4.0,2124.79,14907,14918,2026-05-22 15:00:00,2026-05-23 02:00:00,2124.79,2118.62,0.29,7.62,BE,11,0.649,-0.59,1.0,DOWN,0.3608959143105393,0.3608959143105393,0.3608959143105393,7.98089591431054,True,-0.037369324646726376,0.15680512319912054,0.02150630544480403,0.0008887091616980314,True,False,False,62617.776000000005,27248.286999999997,32478.879999999997,11487.808
L,200.0,1.8902787688614378,4.0,2116.09,14983,14991,2026-05-25 19:00:00,2026-05-26 03:00:00,2116.09,2125.9,0.464,14.54,MHx,8,1.206,-0.239,21.2,DOWN,-0.13056923835942708,-0.13056923835942708,-0.13056923835942708,14.409430761640571,True,-0.03698545083800375,-0.1345489585112113,-0.05767981006314582,0.00045387281160014226,False,False,False,45070.912,12133.784,21701.972,5250.598
S,200.0,1.938228652834175,4.0,2063.74,15034,15042,2026-05-27 22:00:00,2026-05-28 06:00:00,2063.74,2020.09,2.115,80.6,TP,8,2.411,-0.769,27.3,DOWN,0.24472139746285873,0.24472139746285873,0.24472139746285873,80.84472139746285,True,0.08381503573086546,-0.054809645495780046,0.045682155994772544,-0.005368486690829677,False,True,False,351266.33,133292.433,160912.46500000003,70299.072
S,200.0,2.026917463920869,4.0,1973.44,15178,15179,2026-06-02 22:00:00,2026-06-02 23:00:00,1973.44,1940.66,1.661,62.44,TP,1,2.505,-0.053,24.2,DOWN,0.0,0.0,0.0,62.44,True,0.07812978437536833,0.0005347374125420634,0.058713501767319265,0.0012601660990014807,False,False,False,174503.57900000003,58237.93000000001,80434.82599999999,29103.394
S,200.0,2.219250891861452,4.0,1802.41,15208,15214,2026-06-04 04:00:00,2026-06-04 10:00:00,1802.41,1759.18,2.398,91.94,TP,6,2.677,-2.728,18.2,DOWN,0.3077447406527926,0.3077447406527926,0.3077447406527926,92.24774474065279,True,0.07223021757843773,0.11427457257549967,0.09968356898349184,0.009229331574318378,True,False,False,155791.127,293125.04299999995,72269.15,129814.152
S,200.0,2.312780424626486,4.0,1729.52,15239,15242,2026-06-05 11:00:00,2026-06-05 14:00:00,1729.52,1683.37,2.668,102.73,TP,3,2.857,-1.011,3.0,DOWN,0.0,0.0,0.0,102.73,True,0.1468175330656606,0.09538374352248236,0.13705219564501858,0.003055071995941905,False,False,False,331443.098,77676.36,141390.72,35133.649
S,200.0,2.406738868832732,4.0,1662.0,15333,15343,2026-06-09 09:00:00,2026-06-09 19:00:00,1662.0,1673.69,-0.703,-32.13,MH,10,0.536,-2.046,22.2,DOWN,0.0014548938628158846,0.0014548938628158846,0.0014548938628158846,-32.12854510613719,True,0.09162279096656667,0.16753161417408646,0.10947071951172305,0.0053026585111858315,True,False,False,418078.609,128517.433,189886.54,53493.35
L,200.0,2.4106405674647897,4.0,1659.31,15389,15395,2026-06-11 17:00:00,2026-06-11 23:00:00,1659.31,1642.25,-1.028,-45.13,MH,6,0.861,-1.284,12.1,DOWN,0.0,0.0,0.0,-45.13,True,-0.09434814809342928,-0.26529563807867373,-0.1454709839424273,-0.0004879165361539872,False,True,False,116149.43400000001,49554.814,52595.475000000006,18204.069000000003
L,200.0,2.3030993960121835,4.0,1736.79,15487,15490,2026-06-15 19:00:00,2026-06-15 22:00:00,1736.79,1813.3,4.405,172.21,TP,3,5.186,-0.21,20.2,SIDE,0.0,0.0,0.0,172.21,True,0.10708820241627803,0.3049470741496285,0.2579159468107879,0.005488302620838104,True,False,False,103702.96399999999,332573.022,57404.164,216995.09600000002
S,200.0,2.2668412134401015,4.0,1764.57,15533,15543,2026-06-17 17:00:00,2026-06-18 03:00:00,1764.57,1769.25,-0.265,-14.61,MH,10,1.372,-1.757,24.2,MILD_UP,-0.02961530043781318,-0.02961530043781318,-0.02961530043781318,-14.639615300437812,True,0.10812880687430915,-0.04342991674016572,0.0699115468229562,-0.0012426377966159308,False,True,False,244503.41,82443.35399999999,109032.77399999999,43011.931000000004
S,200.0,2.3792387625579194,4.0,1681.21,15564,15574,2026-06-19 00:00:00,2026-06-19 10:00:00,1681.21,1712.79,-1.878,-79.14,MH,10,0.633,-2.238,18.2,MILD_UP,0.2665555146229078,0.23891156889334395,0.2665555146229078,-78.87344448537709,True,0.17136236530313298,0.11329544829092986,0.14851817466351158,0.009724807388733159,False,False,False,629159.307,408050.04699999996,260672.54,180909.917
L,200.0,2.291265695170012,4.0,1745.76,15652,15659,2026-06-22 16:00:00,2026-06-22 23:00:00,1745.76,1753.74,0.457,14.28,MFE,7,1.904,-0.183,22.2,MILD_UP,0.0,-0.07764,0.0,14.28,True,0.10928401067678717,0.013427065295774865,0.09305009468578507,-0.0006754668162616273,False,True,False,153576.913,31311.98,85180.20700000001,15866.204
S,200.0,2.335384579455622,4.0,1712.78,15674,15677,2026-06-23 14:00:00,2026-06-23 17:00:00,1712.78,1647.36,3.82,148.78,TP,3,4.639,-0.014,31.3,MILD_UP,0.01315895678370836,0.01315895678370836,0.01315895678370836,148.7931589567837,True,0.04438021427891148,0.02537458406970594,0.042115926714338614,0.00046685885689601303,False,False,False,195846.711,26488.513,93577.49599999998,12908.189
L,200.0,2.4003840614498317,4.0,1666.4,15692,15701,2026-06-24 08:00:00,2026-06-24 17:00:00,1666.4,1672.56,0.37,10.79,MHx,9,0.811,-0.562,1.0,MILD_UP,-0.08878276527207106,-0.2719416661362093,-0.08878276527207106,10.701217234727928,True,0.0008105749603493084,0.19995161773517878,0.042944509203392656,0.0026836107200018944,True,False,False,71659.011,19230.186999999998,35858.547999999995,11537.647
L,200.0,2.4195353282402112,4.0,1653.21,15723,15729,2026-06-25 15:00:00,2026-06-25 21:00:00,1653.21,1634.91,-1.107,-48.28,MH,6,0.35,-1.827,7.1,SIDE,-0.1716202103514099,-0.1716202103514099,-0.1716202103514099,-48.45162021035141,True,0.05937924717300436,0.11694831479248569,0.0839648251138676,-0.0003144406886250728,True,True,True,109590.544,81687.744,58048.974,45620.494
S,200.0,2.602455416685643,4.0,1537.01,15730,15740,2026-06-25 22:00:00,2026-06-26 08:00:00,1537.01,1566.97,-1.949,-81.97,MH,10,0.001,-3.685,13.1,DOWN,-0.40015749019199615,-0.40015749019199615,-0.332263630034938,-82.370157490192,True,0.0912570866075687,0.14886684859002886,0.12888155298581105,0.03443228505735574,True,False,False,429429.02800000005,808446.287,195120.293,344047.718
S,200.0,2.52641684614753,4.0,1583.27,15845,15849,2026-06-30 17:00:00,2026-06-30 21:00:00,1583.27,1551.81,1.987,75.48,TP,4,2.101,-0.202,16.2,DOWN,0.0,0.0,0.0,75.48,True,0.14891497744585358,-0.08372638567888657,0.08591679729685942,-0.0006067079143783349,False,True,False,129976.1,48267.532,55310.356,26154.399
L,200.0,2.4351192904062384,4.0,1642.63,15894,15898,2026-07-02 18:00:00,2026-07-02 22:00:00,1642.63,1710.16,4.111,160.44,TP,4,4.338,-0.12,4.0,DOWN,0.0,0.0,0.0,160.44,True,0.19628474897427006,0.08495891472369888,0.16368073406327688,0.00011568154696672828,False,False,False,390639.876,161790.32,233658.263,87767.92499999999
L,200.0,2.33709020583922,4.0,1711.53,15910,15917,2026-07-03 10:00:00,2026-07-03 17:00:00,1711.53,1719.1,0.442,13.69,MFE,7,1.508,-0.948,3.0,DOWN,-0.40127838834259405,-0.40127838834259405,-0.40127838834259405,13.288721611657406,True,0.07343766255693529,0.010320462662878782,0.06540345811522541,-0.0024421234234024425,False,True,False,208321.241,30384.975,111809.93299999999,15349.281
S,200.0,2.3136365739669613,4.0,1728.88,16043,16051,2026-07-08 23:00:00,2026-07-09 07:00:00,1728.88,1740.5,-0.672,-30.88,MH,8,0.95,-0.979,33.3,UP,0.18078535107253277,0.18078535107253277,0.18078535107253277,-30.699214648927466,True,0.034458373520168006,0.07887949993078658,0.05076883864461634,-4.627487274411202e-05,True,True,True,225963.306,131109.21099999998,109088.489,60383.691
L,200.0,2.222765564915868,4.0,1799.56,16183,16185,2026-07-14 19:00:00,2026-07-14 21:00:00,1799.56,1860.7,3.397,131.9,TP,2,3.744,-0.346,13.1,MILD_UP,0.0,0.0,0.0,131.9,True,0.12360494397236832,0.3958781252072676,0.28205022252895984,0.003322925958965328,True,False,False,138426.34,192685.62,77768.26,134482.821
L,200.0,2.126426699413638,4.0,1881.09,16195,16203,2026-07-15 07:00:00,2026-07-15 15:00:00,1881.09,1874.82,-0.333,-17.33,BE,8,0.607,-0.945,1.0,MILD_UP,-0.15415081383665855,-0.15415081383665855,-0.15415081383665855,-17.484150813836656,True,0.18609603880503411,-0.10079332303458943,0.1640717999703123,-0.002777880858598425,False,True,False,306900.799,25519.617,182006.911,11473.705
S,200.0,2.094339523851909,4.0,1909.91,16228,16233,2026-07-16 16:00:00,2026-07-16 21:00:00,1909.91,1871.73,1.999,75.96,TP,5,2.271,-0.119,12.1,MILD_UP,0.0,0.0,0.24316733515500374,75.96,True,0.20979321106051696,-0.1297817338958156,0.10199162165185505,-0.0019935890373588006,False,True,False,150304.65399999998,69909.16,59385.879,39491.046
S,200.0,2.1939326791757394,4.0,1823.21,16250,16260,2026-07-17 14:00:00,2026-07-18 00:00:00,1823.21,1830.2,-0.383,-19.34,MH,10,1.138,-1.066,33.3,MILD_UP,0.28945020661361004,0.191395711519792,0.28945020661361004,-19.05054979338639,True,0.21216312797294778,0.1806901109337642,0.1982651982837247,0.00460243279247019,False,False,False,221842.73699999996,175427.564,87387.94399999999,71864.769
L,200.0,2.089809566103289,4.0,1914.05,16341,16350,2026-07-21 09:00:00,2026-07-21 18:00:00,1914.05,1941.1,1.413,52.53,MHx,9,2.068,-0.547,12.1,MILD_UP,-0.16670106690152922,-0.16670106690152922,-0.16670106690152922,52.36329893309847,True,0.15764974393255216,-0.05689853811713541,0.11371895890243455,0.0002665217345860782,False,False,False,105300.577,27112.911,60950.593,12785.113
S,200.0,2.0871489024205707,4.0,1916.49,16371,16381,2026-07-22 15:00:00,2026-07-23 01:00:00,1916.49,1949.0,-1.696,-71.85,MH,10,0.374,-2.205,26.3,MILD_UP,0.3187077370410133,0.3187077370410133,0.3187077370410133,-71.53129226295898,True,-0.0073103665207017166,0.03145644965533245,-0.0027508273195970823,0.00019302400801302078,True,False,False,106666.608,14217.752,53723.19,6885.255999999999
S,200.0,2.0891983223737474,4.0,1914.61,16396,16406,2026-07-23 16:00:00,2026-07-24 02:00:00,1914.61,1877.73,1.926,73.05,TP,10,2.176,-0.842,3.0,MILD_UP,-0.1287130325235949,-0.2612330325235949,-0.1287130325235949,72.9212869674764,True,0.09174773689947979,-0.20142521060057272,0.034555937879958365,-0.0011346761205579536,False,True,False,140911.77000000002,34151.023,63991.717000000004,20514.95
L,200.0,2.1108179419525066,4.0,1895.0,16420,16427,2026-07-24 16:00:00,2026-07-24 23:00:00,1895.0,1861.92,-1.746,-73.83,MH,7,0.0,-2.577,19.2,MILD_UP,0.0,-0.07103999999999999,0.0,-73.83,True,0.11486810925119717,0.21854707322107703,0.12242491984992654,0.002640197670911837,True,False,False,439801.241,34575.741,245160.189,21066.084
S,200.0,2.1542090552177635,4.0,1856.83,16426,16436,2026-07-24 22:00:00,2026-07-25 08:00:00,1856.83,1860.57,-0.201,-12.06,MH,10,0.574,-0.64,26.3,MILD_UP,0.2857302397158451,0.06880413004960065,0.2857302397158451,-11.774269760284156,True,0.09512689280418407,0.12493901083783188,0.10600293352030088,0.004193816533934025,True,False,False,330528.908,189841.106,149543.36,83061.273
S,200.0,2.1151375103773935,4.0,1891.13,16548,16558,2026-07-30 00:00:00,2026-07-30 10:00:00,1891.13,1916.28,-1.33,-57.2,MH,10,1.104,-2.32,13.1,MILD_UP,0.15568234944516052,0.15568234944516052,0.24141725196867123,-57.044317650554845,True,0.03841904993556311,0.14453179240657343,0.06496953525217619,-0.0002697527795116894,True,True,True,137168.25400000002,45774.012,65949.19,19579.106
L,200.0,2.0860495436766624,4.0,1917.5,16567,16574,2026-07-30 19:00:00,2026-07-31 02:00:00,1917.5,1919.89,0.125,0.99,BE,7,0.992,-0.282,8.1,SIDE,-0.07962146158179921,-0.07962146158179921,-0.07962146158179921,0.9103785384182008,True,0.17121867124507228,-0.31977377517649674,0.0025438038314280487,-0.0015724907837461055,False,True,False,52232.446,27334.224000000002,30587.807999999997,9296.728
L,200.0,2.115618553974718,4.0,1890.7,16874,16882,2026-08-12 14:00:00,2026-08-12 22:00:00,1890.7,1900.38,0.512,16.48,MFE,8,1.813,-0.331,14.1,SIDE,-0.29161696514518426,-0.29161696514518426,-0.29161696514518426,16.188383034854816,True,-0.04889030271315353,-0.09801949945053134,-0.059209082287084325,-0.00015864621893180164,False,True,False,34748.936,9238.927,16525.025,4166.666
L,200.0,2.0912845715480732,4.0,1912.7,17012,17018,2026-08-18 08:00:00,2026-08-18 14:00:00,1912.7,1894.57,-0.948,-41.91,MH,6,0.049,-1.49,13.1,SIDE,0.0,-0.18531999999999998,0.0,-41.91,True,0.07082863699787256,-0.08198867261806275,0.052741687113289304,0.000523094627818077,False,False,False,105592.96800000002,14175.384999999998,56535.987,6506.582
L,200.0,1.7495210686074687,4.0,2286.34,17071,17072,2026-08-20 19:00:00,2026-08-20 20:00:00,2286.34,2295.6,0.405,12.2,MFE,1,1.419,-0.215,2.0,MILD_UP,0.0,0.0,0.0,12.2,True,0.09440224646185946,0.02453326243756937,0.08522487326424422,0.002363050483351392,False,False,False,180690.181,27322.742,98873.87,13996.528999999999
L,200.0,1.6958422188399591,4.0,2358.71,17086,17092,2026-08-21 10:00:00,2026-08-21 16:00:00,2358.71,2371.51,0.543,17.71,MFE,6,1.689,-0.957,21.2,MILD_UP,-0.40211992108737404,-0.40211992108737404,0.0,17.30788007891263,True,0.09544813200532509,0.12613449588207604,0.10504362365165987,0.0008019280216562397,True,False,False,410611.55600000004,186811.608,224901.831,105187.498
S,200.0,1.6425418334873216,4.0,2435.25,17201,17209,2026-08-26 05:00:00,2026-08-26 13:00:00,2435.25,2455.77,-0.843,-37.7,MH,8,0.926,-1.509,27.3,UP,0.1260941206036341,0.1260941206036341,0.1260941206036341,-37.57390587939637,True,0.19427780916273296,0.22639461726035504,0.21132635087421492,0.004138433038763045,True,False,False,98750.429,111728.235,39782.706,43216.782
S,200.0,1.6059290902010221,4.0,2490.77,17255,17263,2026-08-28 11:00:00,2026-08-28 19:00:00,2490.77,2505.52,-0.592,-27.69,MH,8,0.686,-0.727,17.2,UP,-0.005329760997603151,-0.005329760997603151,-0.005329760997603151,-27.695329760997605,True,0.22225754184962787,0.22761167559461826,0.22397788848556877,0.0018954117411340565,True,False,False,162808.43699999998,77078.52399999999,63311.51699999999,29767.275999999998
L,200.0,1.5954052329291641,4.0,2507.2,17490,17495,2026-09-07 06:00:00,2026-09-07 11:00:00,2507.2,2510.81,0.144,1.76,MFE,5,1.149,-0.863,23.2,SIDE,-0.2708064132272221,-0.2708064132272221,-0.2708064132272221,1.489193586772778,True,0.08138170971087066,-0.02068156690210954,0.0665647364924642,0.00039501877336678426,False,False,False,103356.037,17552.877,55883.664000000004,8594.928
