case,length,side,potential,after_regime,newly_blocked,newly_allowed,entry_regime_changed
joint_100,100,L,338,304,0,0,0
joint_100,100,S,360,279,0,0,0
joint_101,101,L,338,303,1,0,2
joint_101,101,S,360,279,0,0,1
joint_102,102,L,338,301,3,0,6
joint_102,102,S,360,279,0,0,1
joint_103,103,L,338,300,4,0,7
joint_103,103,S,360,281,0,2,4
joint_104,104,L,338,299,5,0,9
joint_104,104,S,360,280,1,2,5
joint_105,105,L,338,298,6,0,10
joint_105,105,S,360,280,1,2,7
joint_106,106,L,338,298,6,0,11
joint_106,106,S,360,280,1,2,8
joint_107,107,L,338,298,6,0,13
joint_107,107,S,360,280,2,3,11
joint_108,108,L,338,298,6,0,14
joint_108,108,S,360,281,2,4,12
joint_109,109,L,338,298,6,0,16
joint_109,109,S,360,282,2,5,13
gate_only_100,100,L,338,304,0,0,0
gate_only_100,100,S,360,279,0,0,0
gate_only_101,101,L,338,303,1,0,0
gate_only_101,101,S,360,279,0,0,0
gate_only_102,102,L,338,301,3,0,0
gate_only_102,102,S,360,279,0,0,0
gate_only_103,103,L,338,300,4,0,0
gate_only_103,103,S,360,281,0,2,0
gate_only_104,104,L,338,299,5,0,0
gate_only_104,104,S,360,280,1,2,0
gate_only_105,105,L,338,298,6,0,0
gate_only_105,105,S,360,280,1,2,0
gate_only_106,106,L,338,298,6,0,0
gate_only_106,106,S,360,280,1,2,0
gate_only_107,107,L,338,298,6,0,0
gate_only_107,107,S,360,280,2,3,0
gate_only_108,108,L,338,298,6,0,0
gate_only_108,108,S,360,281,2,4,0
gate_only_109,109,L,338,298,6,0,0
gate_only_109,109,S,360,282,2,5,0
no_gate_all,100,L,338,338,0,34,0
no_gate_all,100,S,360,360,0,81,0
no_gate_L,100,L,338,338,0,34,0
no_gate_L,100,S,360,279,0,0,0
no_gate_S,100,L,338,304,0,0,0
no_gate_S,100,S,360,360,0,81,0
anchor_joint125,125,L,338,290,14,0,52
anchor_joint125,125,S,360,288,4,13,39
anchor_scaled150,150,L,338,297,8,1,62
anchor_scaled150,150,S,360,269,30,20,69
