case,side,bar,decision_time,blocked100,candidate_blocked,exit_slope100,candidate_exit_slope,new_block,new_allow,regime_changed
joint_101,L,1880,2024-12-05 20:00:00,False,True,0.04449520656065564,0.04508131269963452,True,False,True
joint_101,L,15247,2026-06-15 19:00:00,False,False,-0.009980243837153586,-0.01072363889598472,False,False,True
joint_101,S,5426,2025-05-02 14:00:00,False,False,0.04457015182086102,0.04509760134983599,False,False,True
joint_102,L,1878,2024-12-05 18:00:00,False,True,0.04400782847991727,0.04525870941106852,True,False,True
joint_102,L,1880,2024-12-05 20:00:00,False,True,0.04449520656065564,0.0456295760288755,True,False,True
joint_102,L,6368,2025-06-10 20:00:00,False,False,-0.009359758751035141,-0.010095862018559745,False,False,True
joint_102,L,13762,2026-04-14 22:00:00,False,True,0.04488085527049102,0.04505369423275755,True,False,True
joint_102,L,15247,2026-06-15 19:00:00,False,False,-0.009980243837153586,-0.011457250573144876,False,False,True
joint_102,L,15453,2026-06-24 09:00:00,False,False,0.009813916407012223,0.01004486738473154,False,False,True
joint_102,S,5426,2025-05-02 14:00:00,False,False,0.04457015182086102,0.045655817281785215,False,False,True
joint_103,L,1687,2024-11-27 19:00:00,False,True,0.04417744693530985,0.04531485413906871,True,False,True
joint_103,L,1878,2024-12-05 18:00:00,False,True,0.04400782847991727,0.04583583830824101,True,False,True
joint_103,L,1880,2024-12-05 20:00:00,False,True,0.04449520656065564,0.04624504680058837,True,False,True
joint_103,L,6368,2025-06-10 20:00:00,False,False,-0.009359758751035141,-0.010433356663232926,False,False,True
joint_103,L,13762,2026-04-14 22:00:00,False,True,0.04488085527049102,0.04516870472262688,True,False,True
joint_103,L,15247,2026-06-15 19:00:00,False,False,-0.009980243837153586,-0.012215358064142156,False,False,True
joint_103,L,15453,2026-06-24 09:00:00,False,False,0.009813916407012223,0.010178772690171783,False,False,True
joint_103,S,1059,2024-11-01 15:00:00,True,False,-0.009326857515154855,-0.01014409866424661,False,True,True
joint_103,S,5075,2025-04-17 23:00:00,True,False,-0.008613537668898536,-0.010454425115790351,False,True,True
joint_103,S,5426,2025-05-02 14:00:00,False,False,0.04457015182086102,0.04622830179266907,False,False,True
joint_103,S,5428,2025-05-02 16:00:00,False,False,0.043851404760360424,0.04529716009358915,False,False,True
joint_104,L,1687,2024-11-27 19:00:00,False,True,0.04417744693530985,0.04563712835169062,True,False,True
joint_104,L,1843,2024-12-04 07:00:00,False,True,0.04255797501999739,0.04544687646847041,True,False,True
joint_104,L,1878,2024-12-05 18:00:00,False,True,0.04400782847991727,0.04645623577142162,True,False,True
joint_104,L,1880,2024-12-05 20:00:00,False,True,0.04449520656065564,0.046882400061437284,True,False,True
joint_104,L,6368,2025-06-10 20:00:00,False,False,-0.009359758751035141,-0.010744134599646753,False,False,True
joint_104,L,9800,2025-10-31 20:00:00,False,False,0.00835782036196504,0.01006171167739852,False,False,True
joint_104,L,13762,2026-04-14 22:00:00,False,True,0.04488085527049102,0.04526880323771922,True,False,True
joint_104,L,15247,2026-06-15 19:00:00,False,False,-0.009980243837153586,-0.013013663160746827,False,False,True
joint_104,L,15453,2026-06-24 09:00:00,False,False,0.009813916407012223,0.010286128353577714,False,False,True
joint_104,S,1059,2024-11-01 15:00:00,True,False,-0.009326857515154855,-0.01040499220928372,False,True,True
joint_104,S,5075,2025-04-17 23:00:00,True,False,-0.008613537668898536,-0.01107560145179536,False,True,True
joint_104,S,5426,2025-05-02 14:00:00,False,False,0.04457015182086102,0.04683284296583788,False,False,True
joint_104,S,5428,2025-05-02 16:00:00,False,False,0.043851404760360424,0.04585548261545877,False,False,True
joint_104,S,12442,2026-02-18 22:00:00,False,True,-0.011632405855566514,-0.009604011417607621,True,False,True
joint_105,L,1687,2024-11-27 19:00:00,False,True,0.04417744693530985,0.04599261272834014,True,False,True
joint_105,L,1843,2024-12-04 07:00:00,False,True,0.04255797501999739,0.04621625031146881,True,False,True
joint_105,L,1845,2024-12-04 09:00:00,False,True,0.041692191136545494,0.045141423593165926,True,False,True
joint_105,L,1878,2024-12-05 18:00:00,False,True,0.04400782847991727,0.04702745208926996,True,False,True
joint_105,L,1880,2024-12-05 20:00:00,False,True,0.04449520656065564,0.04746042546278234,True,False,True
joint_105,L,6368,2025-06-10 20:00:00,False,False,-0.009359758751035141,-0.011129297192914644,False,False,True
joint_105,L,9800,2025-10-31 20:00:00,False,False,0.00835782036196504,0.010468575283125439,False,False,True
joint_105,L,13762,2026-04-14 22:00:00,False,True,0.04488085527049102,0.045397812206426545,True,False,True
joint_105,L,15247,2026-06-15 19:00:00,False,False,-0.009980243837153586,-0.013836821424333247,False,False,True
joint_105,L,15453,2026-06-24 09:00:00,False,False,0.009813916407012223,0.01044274799026428,False,False,True
joint_105,S,1059,2024-11-01 15:00:00,True,False,-0.009326857515154855,-0.010644201482044627,False,True,True
joint_105,S,5075,2025-04-17 23:00:00,True,False,-0.008613537668898536,-0.011716109005458676,False,True,True
joint_105,S,5426,2025-05-02 14:00:00,False,False,0.04457015182086102,0.04745847135711217,False,False,True
joint_105,S,5428,2025-05-02 16:00:00,False,False,0.043851404760360424,0.04642807644081207,False,False,True
joint_105,S,5865,2025-05-20 21:00:00,False,False,0.037295255112824464,0.04570785980527376,False,False,True
joint_105,S,10812,2025-12-13 00:00:00,False,False,0.043798995171882016,0.04510378394719548,False,False,True
joint_105,S,12442,2026-02-18 22:00:00,False,True,-0.011632405855566514,-0.00915136368640181,True,False,True
joint_106,L,1687,2024-11-27 19:00:00,False,True,0.04417744693530985,0.046276364315459506,True,False,True
joint_106,L,1843,2024-12-04 07:00:00,False,True,0.04255797501999739,0.04691503480201957,True,False,True
joint_106,L,1845,2024-12-04 09:00:00,False,True,0.041692191136545494,0.04591506258812641,True,False,True
joint_106,L,1878,2024-12-05 18:00:00,False,True,0.04400782847991727,0.04761352444877117,True,False,True
joint_106,L,1880,2024-12-05 20:00:00,False,True,0.04449520656065564,0.04808178664293695,True,False,True
joint_106,L,6368,2025-06-10 20:00:00,False,False,-0.009359758751035141,-0.011571603340263387,False,False,True
joint_106,L,9603,2025-10-23 15:00:00,False,False,-0.007871512998512463,-0.010361075632246542,False,False,True
joint_106,L,9800,2025-10-31 20:00:00,False,False,0.00835782036196504,0.010851926295212633,False,False,True
joint_106,L,13762,2026-04-14 22:00:00,False,True,0.04488085527049102,0.04550893977960899,True,False,True
joint_106,L,15247,2026-06-15 19:00:00,False,False,-0.009980243837153586,-0.014690660267219671,False,False,True
joint_106,L,15453,2026-06-24 09:00:00,False,False,0.009813916407012223,0.01059576740581088,False,False,True
joint_106,S,1059,2024-11-01 15:00:00,True,False,-0.009326857515154855,-0.010927787246306673,False,True,True
joint_106,S,5075,2025-04-17 23:00:00,True,False,-0.008613537668898536,-0.012358481617257257,False,True,True
joint_106,S,5426,2025-05-02 14:00:00,False,False,0.04457015182086102,0.04810183869888773,False,False,True
joint_106,S,5428,2025-05-02 16:00:00,False,False,0.043851404760360424,0.04703273304958891,False,False,True
joint_106,S,5865,2025-05-20 21:00:00,False,False,0.037295255112824464,0.04736934465404224,False,False,True
joint_106,S,5866,2025-05-20 22:00:00,False,False,0.035641178113863636,0.045637992425755926,False,False,True
joint_106,S,10812,2025-12-13 00:00:00,False,False,0.043798995171882016,0.04533970773846396,False,False,True
joint_106,S,12442,2026-02-18 22:00:00,False,True,-0.011632405855566514,-0.00884107700315843,True,False,True
joint_107,L,1544,2024-11-21 20:00:00,False,False,-0.011837016955429939,-0.009982794208779264,False,False,True
joint_107,L,1687,2024-11-27 19:00:00,False,True,0.04417744693530985,0.046692811898087425,True,False,True
joint_107,L,1843,2024-12-04 07:00:00,False,True,0.04255797501999739,0.04770217655915708,True,False,True
joint_107,L,1845,2024-12-04 09:00:00,False,True,0.041692191136545494,0.04668478098249535,True,False,True
joint_107,L,1878,2024-12-05 18:00:00,False,True,0.04400782847991727,0.0482464980069626,True,False,True
joint_107,L,1880,2024-12-05 20:00:00,False,True,0.04449520656065564,0.04865389028043761,True,False,True
joint_107,L,6368,2025-06-10 20:00:00,False,False,-0.009359758751035141,-0.011982104069270189,False,False,True
joint_107,L,9603,2025-10-23 15:00:00,False,False,-0.007871512998512463,-0.010921565803414218,False,False,True
joint_107,L,9800,2025-10-31 20:00:00,False,False,0.00835782036196504,0.011243817009675491,False,False,True
joint_107,L,13762,2026-04-14 22:00:00,False,True,0.04488085527049102,0.04565696514410282,True,False,True
joint_107,L,15247,2026-06-15 19:00:00,False,False,-0.009980243837153586,-0.015546343828257415,False,False,True
joint_107,L,15453,2026-06-24 09:00:00,False,False,0.009813916407012223,0.010758487789908022,False,False,True
joint_107,L,15454,2026-06-24 10:00:00,False,False,0.009147525628047064,0.010096875180070927,False,False,True
joint_107,S,1059,2024-11-01 15:00:00,True,False,-0.009326857515154855,-0.011189610722790606,False,True,True
joint_107,S,5075,2025-04-17 23:00:00,True,False,-0.008613537668898536,-0.012925836312127556,False,True,True
joint_107,S,5426,2025-05-02 14:00:00,False,False,0.04457015182086102,0.04873461494228632,False,False,True
joint_107,S,5428,2025-05-02 16:00:00,False,False,0.043851404760360424,0.047658480903022195,False,False,True
joint_107,S,5865,2025-05-20 21:00:00,False,False,0.037295255112824464,0.04904325282530496,False,False,True
joint_107,S,5866,2025-05-20 22:00:00,False,False,0.035641178113863636,0.04729936626494233,False,False,True
joint_107,S,5867,2025-05-20 23:00:00,False,False,0.0339268441213455,0.04559191716275439,False,False,True
joint_107,S,10812,2025-12-13 00:00:00,False,False,0.043798995171882016,0.04556708278029319,False,False,True
joint_107,S,12442,2026-02-18 22:00:00,False,True,-0.011632405855566514,-0.008593249267644612,True,False,True
joint_107,S,13591,2026-04-07 19:00:00,False,True,0.011889764049979696,0.009950882955808394,True,False,True
joint_107,S,17452,2026-09-15 16:00:00,True,False,0.009303918622926004,0.010163439563152384,False,True,True
joint_108,L,1065,2024-11-01 21:00:00,False,False,-0.007881415212500888,-0.01022152335449073,False,False,True
joint_108,L,1544,2024-11-21 20:00:00,False,False,-0.011837016955429939,-0.009673739007802044,False,False,True
joint_108,L,1687,2024-11-27 19:00:00,False,True,0.04417744693530985,0.04702383179656885,True,False,True
joint_108,L,1843,2024-12-04 07:00:00,False,True,0.04255797501999739,0.048514629862694544,True,False,True
joint_108,L,1845,2024-12-04 09:00:00,False,True,0.041692191136545494,0.04738387841214084,True,False,True
joint_108,L,1878,2024-12-05 18:00:00,False,True,0.04400782847991727,0.04888944621039917,True,False,True
joint_108,L,1880,2024-12-05 20:00:00,False,True,0.04449520656065564,0.04924087303676403,True,False,True
joint_108,L,6368,2025-06-10 20:00:00,False,False,-0.009359758751035141,-0.012389666072174023,False,False,True
joint_108,L,9603,2025-10-23 15:00:00,False,False,-0.007871512998512463,-0.011486334905291698,False,False,True
joint_108,L,9800,2025-10-31 20:00:00,False,False,0.00835782036196504,0.011604756284854422,False,False,True
joint_108,L,13762,2026-04-14 22:00:00,False,True,0.04488085527049102,0.045799610972448855,True,False,True
joint_108,L,15247,2026-06-15 19:00:00,False,False,-0.009980243837153586,-0.016492340416006043,False,False,True
joint_108,L,15453,2026-06-24 09:00:00,False,False,0.009813916407012223,0.010871501715624666,False,False,True
joint_108,L,15454,2026-06-24 10:00:00,False,False,0.009147525628047064,0.010259515235378642,False,False,True
joint_108,S,1059,2024-11-01 15:00:00,True,False,-0.009326857515154855,-0.011480514412753962,False,True,True
joint_108,S,5075,2025-04-17 23:00:00,True,False,-0.008613537668898536,-0.013479129809985491,False,True,True
joint_108,S,5426,2025-05-02 14:00:00,False,False,0.04457015182086102,0.049345548889987746,False,False,True
joint_108,S,5428,2025-05-02 16:00:00,False,False,0.043851404760360424,0.04830197109416449,False,False,True
joint_108,S,5865,2025-05-20 21:00:00,False,False,0.037295255112824464,0.05063979385372138,False,False,True
joint_108,S,5866,2025-05-20 22:00:00,False,False,0.035641178113863636,0.04897316259657758,False,False,True
joint_108,S,5867,2025-05-20 23:00:00,False,False,0.0339268441213455,0.04725321779473415,False,False,True
joint_108,S,10812,2025-12-13 00:00:00,False,False,0.043798995171882016,0.04577858983478935,False,False,True
joint_108,S,12415,2026-02-17 19:00:00,True,False,-0.005938010309357659,-0.01003963692107255,False,True,True
joint_108,S,12442,2026-02-18 22:00:00,False,True,-0.011632405855566514,-0.008347415655024828,True,False,True
joint_108,S,13591,2026-04-07 19:00:00,False,True,0.011889764049979696,0.009670909221854448,True,False,True
joint_108,S,17452,2026-09-15 16:00:00,True,False,0.009303918622926004,0.01032874895386727,False,True,True
joint_109,L,1065,2024-11-01 21:00:00,False,False,-0.007881415212500888,-0.010486117494334141,False,False,True
joint_109,L,1066,2024-11-01 22:00:00,False,False,-0.007662049610833568,-0.010252332900368076,False,False,True
joint_109,L,1544,2024-11-21 20:00:00,False,False,-0.011837016955429939,-0.00932656074512232,False,False,True
joint_109,L,1545,2024-11-21 21:00:00,False,False,-0.012209195559358895,-0.009769704084875267,False,False,True
joint_109,L,1687,2024-11-27 19:00:00,False,True,0.04417744693530985,0.04727376825237406,True,False,True
joint_109,L,1843,2024-12-04 07:00:00,False,True,0.04255797501999739,0.04926765810276074,True,False,True
joint_109,L,1845,2024-12-04 09:00:00,False,True,0.041692191136545494,0.048171372677715825,True,False,True
joint_109,L,1878,2024-12-05 18:00:00,False,True,0.04400782847991727,0.04943888418322531,True,False,True
joint_109,L,1880,2024-12-05 20:00:00,False,True,0.04449520656065564,0.049874829847464254,True,False,True
joint_109,L,6368,2025-06-10 20:00:00,False,False,-0.009359758751035141,-0.012769482982803674,False,False,True
joint_109,L,9603,2025-10-23 15:00:00,False,False,-0.007871512998512463,-0.012018302836173502,False,False,True
joint_109,L,9800,2025-10-31 20:00:00,False,False,0.00835782036196504,0.011973466492009022,False,False,True
joint_109,L,13762,2026-04-14 22:00:00,False,True,0.04488085527049102,0.04592085215021436,True,False,True
joint_109,L,15247,2026-06-15 19:00:00,False,False,-0.009980243837153586,-0.017546670622676744,False,False,True
joint_109,L,15453,2026-06-24 09:00:00,False,False,0.009813916407012223,0.010982980161595872,False,False,True
joint_109,L,15454,2026-06-24 10:00:00,False,False,0.009147525628047064,0.010372473370470826,False,False,True
joint_109,S,1059,2024-11-01 15:00:00,True,False,-0.009326857515154855,-0.011763889264550182,False,True,True
joint_109,S,5075,2025-04-17 23:00:00,True,False,-0.008613537668898536,-0.014102251207965322,False,True,True
joint_109,S,5426,2025-05-02 14:00:00,False,False,0.04457015182086102,0.04993526816649816,False,False,True
joint_109,S,5428,2025-05-02 16:00:00,False,False,0.043851404760360424,0.04893486816458636,False,False,True
joint_109,S,5865,2025-05-20 21:00:00,False,False,0.037295255112824464,0.05223730604958809,False,False,True
joint_109,S,5866,2025-05-20 22:00:00,False,False,0.035641178113863636,0.05056959695453446,False,False,True
joint_109,S,5867,2025-05-20 23:00:00,False,False,0.0339268441213455,0.048926940371774835,False,False,True
joint_109,S,8093,2025-08-21 17:00:00,True,False,0.006064063356272893,0.010570511316626317,False,True,True
joint_109,S,10812,2025-12-13 00:00:00,False,False,0.043798995171882016,0.04597750113577518,False,False,True
joint_109,S,12415,2026-02-17 19:00:00,True,False,-0.005938010309357659,-0.01071005989128496,False,True,True
joint_109,S,12442,2026-02-18 22:00:00,False,True,-0.011632405855566514,-0.008207676425200235,True,False,True
joint_109,S,13591,2026-04-07 19:00:00,False,True,0.011889764049979696,0.009373872360092371,True,False,True
joint_109,S,17452,2026-09-15 16:00:00,True,False,0.009303918622926004,0.010524766264148744,False,True,True
gate_only_101,L,1880,2024-12-05 20:00:00,False,True,0.04449520656065564,0.04449520656065564,True,False,False
gate_only_102,L,1878,2024-12-05 18:00:00,False,True,0.04400782847991727,0.04400782847991727,True,False,False
gate_only_102,L,1880,2024-12-05 20:00:00,False,True,0.04449520656065564,0.04449520656065564,True,False,False
gate_only_102,L,13762,2026-04-14 22:00:00,False,True,0.04488085527049102,0.04488085527049102,True,False,False
gate_only_103,L,1687,2024-11-27 19:00:00,False,True,0.04417744693530985,0.04417744693530985,True,False,False
gate_only_103,L,1878,2024-12-05 18:00:00,False,True,0.04400782847991727,0.04400782847991727,True,False,False
gate_only_103,L,1880,2024-12-05 20:00:00,False,True,0.04449520656065564,0.04449520656065564,True,False,False
gate_only_103,L,13762,2026-04-14 22:00:00,False,True,0.04488085527049102,0.04488085527049102,True,False,False
gate_only_103,S,1059,2024-11-01 15:00:00,True,False,-0.009326857515154855,-0.009326857515154855,False,True,False
gate_only_103,S,5075,2025-04-17 23:00:00,True,False,-0.008613537668898536,-0.008613537668898536,False,True,False
gate_only_104,L,1687,2024-11-27 19:00:00,False,True,0.04417744693530985,0.04417744693530985,True,False,False
gate_only_104,L,1843,2024-12-04 07:00:00,False,True,0.04255797501999739,0.04255797501999739,True,False,False
gate_only_104,L,1878,2024-12-05 18:00:00,False,True,0.04400782847991727,0.04400782847991727,True,False,False
gate_only_104,L,1880,2024-12-05 20:00:00,False,True,0.04449520656065564,0.04449520656065564,True,False,False
gate_only_104,L,13762,2026-04-14 22:00:00,False,True,0.04488085527049102,0.04488085527049102,True,False,False
gate_only_104,S,1059,2024-11-01 15:00:00,True,False,-0.009326857515154855,-0.009326857515154855,False,True,False
gate_only_104,S,5075,2025-04-17 23:00:00,True,False,-0.008613537668898536,-0.008613537668898536,False,True,False
gate_only_104,S,12442,2026-02-18 22:00:00,False,True,-0.011632405855566514,-0.011632405855566514,True,False,False
gate_only_105,L,1687,2024-11-27 19:00:00,False,True,0.04417744693530985,0.04417744693530985,True,False,False
gate_only_105,L,1843,2024-12-04 07:00:00,False,True,0.04255797501999739,0.04255797501999739,True,False,False
gate_only_105,L,1845,2024-12-04 09:00:00,False,True,0.041692191136545494,0.041692191136545494,True,False,False
gate_only_105,L,1878,2024-12-05 18:00:00,False,True,0.04400782847991727,0.04400782847991727,True,False,False
gate_only_105,L,1880,2024-12-05 20:00:00,False,True,0.04449520656065564,0.04449520656065564,True,False,False
gate_only_105,L,13762,2026-04-14 22:00:00,False,True,0.04488085527049102,0.04488085527049102,True,False,False
gate_only_105,S,1059,2024-11-01 15:00:00,True,False,-0.009326857515154855,-0.009326857515154855,False,True,False
gate_only_105,S,5075,2025-04-17 23:00:00,True,False,-0.008613537668898536,-0.008613537668898536,False,True,False
gate_only_105,S,12442,2026-02-18 22:00:00,False,True,-0.011632405855566514,-0.011632405855566514,True,False,False
gate_only_106,L,1687,2024-11-27 19:00:00,False,True,0.04417744693530985,0.04417744693530985,True,False,False
gate_only_106,L,1843,2024-12-04 07:00:00,False,True,0.04255797501999739,0.04255797501999739,True,False,False
gate_only_106,L,1845,2024-12-04 09:00:00,False,True,0.041692191136545494,0.041692191136545494,True,False,False
gate_only_106,L,1878,2024-12-05 18:00:00,False,True,0.04400782847991727,0.04400782847991727,True,False,False
gate_only_106,L,1880,2024-12-05 20:00:00,False,True,0.04449520656065564,0.04449520656065564,True,False,False
gate_only_106,L,13762,2026-04-14 22:00:00,False,True,0.04488085527049102,0.04488085527049102,True,False,False
gate_only_106,S,1059,2024-11-01 15:00:00,True,False,-0.009326857515154855,-0.009326857515154855,False,True,False
gate_only_106,S,5075,2025-04-17 23:00:00,True,False,-0.008613537668898536,-0.008613537668898536,False,True,False
gate_only_106,S,12442,2026-02-18 22:00:00,False,True,-0.011632405855566514,-0.011632405855566514,True,False,False
gate_only_107,L,1687,2024-11-27 19:00:00,False,True,0.04417744693530985,0.04417744693530985,True,False,False
gate_only_107,L,1843,2024-12-04 07:00:00,False,True,0.04255797501999739,0.04255797501999739,True,False,False
gate_only_107,L,1845,2024-12-04 09:00:00,False,True,0.041692191136545494,0.041692191136545494,True,False,False
gate_only_107,L,1878,2024-12-05 18:00:00,False,True,0.04400782847991727,0.04400782847991727,True,False,False
gate_only_107,L,1880,2024-12-05 20:00:00,False,True,0.04449520656065564,0.04449520656065564,True,False,False
gate_only_107,L,13762,2026-04-14 22:00:00,False,True,0.04488085527049102,0.04488085527049102,True,False,False
gate_only_107,S,1059,2024-11-01 15:00:00,True,False,-0.009326857515154855,-0.009326857515154855,False,True,False
gate_only_107,S,5075,2025-04-17 23:00:00,True,False,-0.008613537668898536,-0.008613537668898536,False,True,False
gate_only_107,S,12442,2026-02-18 22:00:00,False,True,-0.011632405855566514,-0.011632405855566514,True,False,False
gate_only_107,S,13591,2026-04-07 19:00:00,False,True,0.011889764049979696,0.011889764049979696,True,False,False
gate_only_107,S,17452,2026-09-15 16:00:00,True,False,0.009303918622926004,0.009303918622926004,False,True,False
gate_only_108,L,1687,2024-11-27 19:00:00,False,True,0.04417744693530985,0.04417744693530985,True,False,False
gate_only_108,L,1843,2024-12-04 07:00:00,False,True,0.04255797501999739,0.04255797501999739,True,False,False
gate_only_108,L,1845,2024-12-04 09:00:00,False,True,0.041692191136545494,0.041692191136545494,True,False,False
gate_only_108,L,1878,2024-12-05 18:00:00,False,True,0.04400782847991727,0.04400782847991727,True,False,False
gate_only_108,L,1880,2024-12-05 20:00:00,False,True,0.04449520656065564,0.04449520656065564,True,False,False
gate_only_108,L,13762,2026-04-14 22:00:00,False,True,0.04488085527049102,0.04488085527049102,True,False,False
gate_only_108,S,1059,2024-11-01 15:00:00,True,False,-0.009326857515154855,-0.009326857515154855,False,True,False
gate_only_108,S,5075,2025-04-17 23:00:00,True,False,-0.008613537668898536,-0.008613537668898536,False,True,False
gate_only_108,S,12415,2026-02-17 19:00:00,True,False,-0.005938010309357659,-0.005938010309357659,False,True,False
gate_only_108,S,12442,2026-02-18 22:00:00,False,True,-0.011632405855566514,-0.011632405855566514,True,False,False
gate_only_108,S,13591,2026-04-07 19:00:00,False,True,0.011889764049979696,0.011889764049979696,True,False,False
gate_only_108,S,17452,2026-09-15 16:00:00,True,False,0.009303918622926004,0.009303918622926004,False,True,False
gate_only_109,L,1687,2024-11-27 19:00:00,False,True,0.04417744693530985,0.04417744693530985,True,False,False
gate_only_109,L,1843,2024-12-04 07:00:00,False,True,0.04255797501999739,0.04255797501999739,True,False,False
gate_only_109,L,1845,2024-12-04 09:00:00,False,True,0.041692191136545494,0.041692191136545494,True,False,False
gate_only_109,L,1878,2024-12-05 18:00:00,False,True,0.04400782847991727,0.04400782847991727,True,False,False
gate_only_109,L,1880,2024-12-05 20:00:00,False,True,0.04449520656065564,0.04449520656065564,True,False,False
gate_only_109,L,13762,2026-04-14 22:00:00,False,True,0.04488085527049102,0.04488085527049102,True,False,False
gate_only_109,S,1059,2024-11-01 15:00:00,True,False,-0.009326857515154855,-0.009326857515154855,False,True,False
gate_only_109,S,5075,2025-04-17 23:00:00,True,False,-0.008613537668898536,-0.008613537668898536,False,True,False
gate_only_109,S,8093,2025-08-21 17:00:00,True,False,0.006064063356272893,0.006064063356272893,False,True,False
gate_only_109,S,12415,2026-02-17 19:00:00,True,False,-0.005938010309357659,-0.005938010309357659,False,True,False
gate_only_109,S,12442,2026-02-18 22:00:00,False,True,-0.011632405855566514,-0.011632405855566514,True,False,False
gate_only_109,S,13591,2026-04-07 19:00:00,False,True,0.011889764049979696,0.011889764049979696,True,False,False
gate_only_109,S,17452,2026-09-15 16:00:00,True,False,0.009303918622926004,0.009303918622926004,False,True,False
no_gate_all,L,1323,2024-11-12 15:00:00,True,False,0.11426523660420898,0.11426523660420898,False,True,False
no_gate_all,L,1325,2024-11-12 17:00:00,True,False,0.11683005391922895,0.11683005391922895,False,True,False
no_gate_all,L,1467,2024-11-18 15:00:00,True,False,0.04849075524842371,0.04849075524842371,False,True,False
no_gate_all,L,1907,2024-12-06 23:00:00,True,False,0.04528491684940685,0.04528491684940685,False,True,False
no_gate_all,L,1908,2024-12-07 00:00:00,True,False,0.045617510695108804,0.045617510695108804,False,True,False
no_gate_all,L,5355,2025-04-29 15:00:00,True,False,0.06121015544757695,0.06121015544757695,False,True,False
no_gate_all,L,5357,2025-04-29 17:00:00,True,False,0.06151868939416892,0.06151868939416892,False,True,False
no_gate_all,L,5384,2025-04-30 20:00:00,True,False,0.06071227576975774,0.06071227576975774,False,True,False
no_gate_all,L,5402,2025-05-01 14:00:00,True,False,0.05593037113964618,0.05593037113964618,False,True,False
no_gate_all,L,5405,2025-05-01 17:00:00,True,False,0.05442796581684017,0.05442796581684017,False,True,False
no_gate_all,L,5407,2025-05-01 19:00:00,True,False,0.053534828305191046,0.053534828305191046,False,True,False
no_gate_all,L,5661,2025-05-12 09:00:00,True,False,0.12845164685622582,0.12845164685622582,False,True,False
no_gate_all,L,5668,2025-05-12 16:00:00,True,False,0.14164813200056883,0.14164813200056883,False,True,False
no_gate_all,L,5696,2025-05-13 20:00:00,True,False,0.16806642853915382,0.16806642853915382,False,True,False
no_gate_all,L,5733,2025-05-15 09:00:00,True,False,0.18535806958961107,0.18535806958961107,False,True,False
no_gate_all,L,5764,2025-05-16 16:00:00,True,False,0.18096324507577463,0.18096324507577463,False,True,False
no_gate_all,L,5766,2025-05-16 18:00:00,True,False,0.1807937578795678,0.1807937578795678,False,True,False
no_gate_all,L,5844,2025-05-20 00:00:00,True,False,0.07024177998801025,0.07024177998801025,False,True,False
no_gate_all,L,7227,2025-07-16 15:00:00,True,False,0.0869974101464103,0.0869974101464103,False,True,False
no_gate_all,L,7234,2025-07-16 22:00:00,True,False,0.08992964102718032,0.08992964102718032,False,True,False
no_gate_all,L,7876,2025-08-12 16:00:00,True,False,0.07900061801713974,0.07900061801713974,False,True,False
no_gate_all,L,7881,2025-08-12 21:00:00,True,False,0.0831144119328276,0.0831144119328276,False,True,False
no_gate_all,L,7895,2025-08-13 11:00:00,True,False,0.09838506005192184,0.09838506005192184,False,True,False
no_gate_all,L,7902,2025-08-13 18:00:00,True,False,0.1045286774695055,0.1045286774695055,False,True,False
no_gate_all,L,7923,2025-08-14 15:00:00,True,False,0.11748457649183447,0.11748457649183447,False,True,False
no_gate_all,L,7947,2025-08-15 15:00:00,True,False,0.12325891905483102,0.12325891905483102,False,True,False
no_gate_all,L,9202,2025-10-06 22:00:00,True,False,0.05727143363485311,0.05727143363485311,False,True,False
no_gate_all,L,13152,2026-03-20 12:00:00,True,False,0.06074642974805604,0.06074642974805604,False,True,False
no_gate_all,L,15822,2026-07-09 18:00:00,True,False,0.056517465352243716,0.056517465352243716,False,True,False
no_gate_all,L,15838,2026-07-10 10:00:00,True,False,0.05448197553163161,0.05448197553163161,False,True,False
no_gate_all,L,15845,2026-07-10 17:00:00,True,False,0.053458266767766896,0.053458266767766896,False,True,False
no_gate_all,L,15846,2026-07-10 18:00:00,True,False,0.05337871903274296,0.05337871903274296,False,True,False
no_gate_all,L,16914,2026-08-24 06:00:00,True,False,0.12965262274814046,0.12965262274814046,False,True,False
no_gate_all,L,16997,2026-08-27 17:00:00,True,False,0.1364421468658816,0.1364421468658816,False,True,False
no_gate_all,S,1059,2024-11-01 15:00:00,True,False,-0.009326857515154855,-0.009326857515154855,False,True,False
no_gate_all,S,1068,2024-11-02 00:00:00,True,False,-0.007201492018209962,-0.007201492018209962,False,True,False
no_gate_all,S,1570,2024-11-22 22:00:00,True,False,-0.008984996209666562,-0.008984996209666562,False,True,False
no_gate_all,S,2172,2024-12-18 00:00:00,True,False,-0.0029386230768631725,-0.0029386230768631725,False,True,False
no_gate_all,S,2200,2024-12-19 04:00:00,True,False,-0.0007081715865999413,-0.0007081715865999413,False,True,False
no_gate_all,S,2201,2024-12-19 05:00:00,True,False,-0.0006724397065112886,-0.0006724397065112886,False,True,False
no_gate_all,S,2237,2024-12-20 17:00:00,True,False,-0.002465289280664022,-0.002465289280664022,False,True,False
no_gate_all,S,2238,2024-12-20 18:00:00,True,False,-0.0030617367796100096,-0.0030617367796100096,False,True,False
no_gate_all,S,2239,2024-12-20 19:00:00,True,False,-0.003703569486005752,-0.003703569486005752,False,True,False
no_gate_all,S,2525,2025-01-01 17:00:00,True,False,0.0012824315393047808,0.0012824315393047808,False,True,False
no_gate_all,S,2526,2025-01-01 18:00:00,True,False,0.001216851520238887,0.001216851520238887,False,True,False
no_gate_all,S,2527,2025-01-01 19:00:00,True,False,0.001251396171174801,0.001251396171174801,False,True,False
no_gate_all,S,2572,2025-01-03 16:00:00,True,False,-5.627638870387207e-05,-5.627638870387207e-05,False,True,False
no_gate_all,S,2573,2025-01-03 17:00:00,True,False,-0.00021381288279010048,-0.00021381288279010048,False,True,False
no_gate_all,S,3002,2025-01-21 14:00:00,True,False,0.009108256962407498,0.009108256962407498,False,True,False
no_gate_all,S,3675,2025-02-18 15:00:00,True,False,0.0035451987062498163,0.0035451987062498163,False,True,False
no_gate_all,S,5075,2025-04-17 23:00:00,True,False,-0.008613537668898536,-0.008613537668898536,False,True,False
no_gate_all,S,5556,2025-05-08 00:00:00,True,False,0.005875894233737944,0.005875894233737944,False,True,False
no_gate_all,S,6243,2025-06-05 15:00:00,True,False,0.002916034140951946,0.002916034140951946,False,True,False
no_gate_all,S,6244,2025-06-05 16:00:00,True,False,0.002910062020188862,0.002910062020188862,False,True,False
no_gate_all,S,6247,2025-06-05 19:00:00,True,False,0.002813966728324778,0.002813966728324778,False,True,False
no_gate_all,S,6250,2025-06-05 22:00:00,True,False,0.0027350378856011866,0.0027350378856011866,False,True,False
no_gate_all,S,6539,2025-06-17 23:00:00,True,False,0.009206591609998134,0.009206591609998134,False,True,False
no_gate_all,S,6540,2025-06-18 00:00:00,True,False,0.009451879944260532,0.009451879944260532,False,True,False
no_gate_all,S,6586,2025-06-19 22:00:00,True,False,-0.006603827109047682,-0.006603827109047682,False,True,False
no_gate_all,S,6587,2025-06-19 23:00:00,True,False,-0.0072239213273640425,-0.0072239213273640425,False,True,False
no_gate_all,S,6588,2025-06-20 00:00:00,True,False,-0.007867232358656766,-0.007867232358656766,False,True,False
no_gate_all,S,6867,2025-07-01 15:00:00,True,False,0.005547275908359476,0.005547275908359476,False,True,False
no_gate_all,S,6869,2025-07-01 17:00:00,True,False,0.006682215041723085,0.006682215041723085,False,True,False
no_gate_all,S,6872,2025-07-01 20:00:00,True,False,0.008527510887618292,0.008527510887618292,False,True,False
no_gate_all,S,6873,2025-07-01 21:00:00,True,False,0.009145552957149387,0.009145552957149387,False,True,False
no_gate_all,S,8093,2025-08-21 17:00:00,True,False,0.006064063356272893,0.006064063356272893,False,True,False
no_gate_all,S,8094,2025-08-21 18:00:00,True,False,0.005208122123190484,0.005208122123190484,False,True,False
no_gate_all,S,8097,2025-08-21 21:00:00,True,False,0.0025688824168220163,0.0025688824168220163,False,True,False
no_gate_all,S,8100,2025-08-22 00:00:00,True,False,-0.0004915604467094836,-0.0004915604467094836,False,True,False
no_gate_all,S,8200,2025-08-26 04:00:00,True,False,0.008056397084010585,0.008056397084010585,False,True,False
no_gate_all,S,8201,2025-08-26 05:00:00,True,False,0.008345296472061682,0.008345296472061682,False,True,False
no_gate_all,S,8872,2025-09-23 04:00:00,True,False,-0.009834604624728818,-0.009834604624728818,False,True,False
no_gate_all,S,10926,2025-12-17 18:00:00,True,False,-0.006689275591135142,-0.006689275591135142,False,True,False
no_gate_all,S,10927,2025-12-17 19:00:00,True,False,-0.006927002068959964,-0.006927002068959964,False,True,False
no_gate_all,S,11616,2026-01-15 12:00:00,True,False,0.004106572783145394,0.004106572783145394,False,True,False
no_gate_all,S,11794,2026-01-22 22:00:00,True,False,-0.002943338602135917,-0.002943338602135917,False,True,False
no_gate_all,S,11795,2026-01-22 23:00:00,True,False,-0.0038583154552500774,-0.0038583154552500774,False,True,False
no_gate_all,S,12415,2026-02-17 19:00:00,True,False,-0.005938010309357659,-0.005938010309357659,False,True,False
no_gate_all,S,12419,2026-02-17 23:00:00,True,False,-0.0052017368784769355,-0.0052017368784769355,False,True,False
no_gate_all,S,12749,2026-03-03 17:00:00,True,False,0.0008182646919413516,0.0008182646919413516,False,True,False
no_gate_all,S,12750,2026-03-03 18:00:00,True,False,0.0006143500119943252,0.0006143500119943252,False,True,False
no_gate_all,S,12755,2026-03-03 23:00:00,True,False,0.0008704283775789246,0.0008704283775789246,False,True,False
no_gate_all,S,12935,2026-03-11 11:00:00,True,False,0.007310961011067192,0.007310961011067192,False,True,False
no_gate_all,S,12936,2026-03-11 12:00:00,True,False,0.0074655636460029835,0.0074655636460029835,False,True,False
no_gate_all,S,12938,2026-03-11 14:00:00,True,False,0.007564202266310197,0.007564202266310197,False,True,False
no_gate_all,S,12940,2026-03-11 16:00:00,True,False,0.0074901905411907605,0.0074901905411907605,False,True,False
no_gate_all,S,13579,2026-04-07 07:00:00,True,False,0.005182491232627529,0.005182491232627529,False,True,False
no_gate_all,S,13582,2026-04-07 10:00:00,True,False,0.00689303418937391,0.00689303418937391,False,True,False
no_gate_all,S,14096,2026-04-28 20:00:00,True,False,-0.006878299921394609,-0.006878299921394609,False,True,False
no_gate_all,S,14155,2026-05-01 07:00:00,True,False,-0.006824046941480484,-0.006824046941480484,False,True,False
no_gate_all,S,14301,2026-05-07 09:00:00,True,False,0.007749163863174329,0.007749163863174329,False,True,False
no_gate_all,S,14302,2026-05-07 10:00:00,True,False,0.007872317895634577,0.007872317895634577,False,True,False
no_gate_all,S,14303,2026-05-07 11:00:00,True,False,0.00793153167913644,0.00793153167913644,False,True,False
no_gate_all,S,14314,2026-05-07 22:00:00,True,False,0.008947957083851082,0.008947957083851082,False,True,False
no_gate_all,S,14315,2026-05-07 23:00:00,True,False,0.008918965125493956,0.008918965125493956,False,True,False
no_gate_all,S,14327,2026-05-08 11:00:00,True,False,0.008197908937406096,0.008197908937406096,False,True,False
no_gate_all,S,14330,2026-05-08 14:00:00,True,False,0.008358143269152867,0.008358143269152867,False,True,False
no_gate_all,S,14331,2026-05-08 15:00:00,True,False,0.008315788268534016,0.008315788268534016,False,True,False
no_gate_all,S,14422,2026-05-12 10:00:00,True,False,0.007022196381483262,0.007022196381483262,False,True,False
no_gate_all,S,16270,2026-07-28 10:00:00,True,False,0.006979100383349107,0.006979100383349107,False,True,False
no_gate_all,S,16271,2026-07-28 11:00:00,True,False,0.00711656125192295,0.00711656125192295,False,True,False
no_gate_all,S,16282,2026-07-28 22:00:00,True,False,0.008750859979424921,0.008750859979424921,False,True,False
no_gate_all,S,16342,2026-07-31 10:00:00,True,False,0.005938115340343871,0.005938115340343871,False,True,False
no_gate_all,S,16353,2026-07-31 21:00:00,True,False,0.0021143975945442702,0.0021143975945442702,False,True,False
no_gate_all,S,16354,2026-07-31 22:00:00,True,False,0.0017450360561661953,0.0017450360561661953,False,True,False
no_gate_all,S,16512,2026-08-07 12:00:00,True,False,-0.007514201502133338,-0.007514201502133338,False,True,False
no_gate_all,S,16683,2026-08-14 15:00:00,True,False,0.005425459414328543,0.005425459414328543,False,True,False
no_gate_all,S,16690,2026-08-14 22:00:00,True,False,0.0033673041198512524,0.0033673041198512524,False,True,False
no_gate_all,S,16691,2026-08-14 23:00:00,True,False,0.0030931183339123307,0.0030931183339123307,False,True,False
no_gate_all,S,16775,2026-08-18 11:00:00,True,False,-0.006783222361201468,-0.006783222361201468,False,True,False
no_gate_all,S,17283,2026-09-08 15:00:00,True,False,0.0017732298022607093,0.0017732298022607093,False,True,False
no_gate_all,S,17337,2026-09-10 21:00:00,True,False,0.00763671942814242,0.00763671942814242,False,True,False
no_gate_all,S,17452,2026-09-15 16:00:00,True,False,0.009303918622926004,0.009303918622926004,False,True,False
no_gate_all,S,17458,2026-09-15 22:00:00,True,False,0.008016875558086218,0.008016875558086218,False,True,False
no_gate_all,S,17483,2026-09-16 23:00:00,True,False,0.00015694925573639824,0.00015694925573639824,False,True,False
no_gate_L,L,1323,2024-11-12 15:00:00,True,False,0.11426523660420898,0.11426523660420898,False,True,False
no_gate_L,L,1325,2024-11-12 17:00:00,True,False,0.11683005391922895,0.11683005391922895,False,True,False
no_gate_L,L,1467,2024-11-18 15:00:00,True,False,0.04849075524842371,0.04849075524842371,False,True,False
no_gate_L,L,1907,2024-12-06 23:00:00,True,False,0.04528491684940685,0.04528491684940685,False,True,False
no_gate_L,L,1908,2024-12-07 00:00:00,True,False,0.045617510695108804,0.045617510695108804,False,True,False
no_gate_L,L,5355,2025-04-29 15:00:00,True,False,0.06121015544757695,0.06121015544757695,False,True,False
no_gate_L,L,5357,2025-04-29 17:00:00,True,False,0.06151868939416892,0.06151868939416892,False,True,False
no_gate_L,L,5384,2025-04-30 20:00:00,True,False,0.06071227576975774,0.06071227576975774,False,True,False
no_gate_L,L,5402,2025-05-01 14:00:00,True,False,0.05593037113964618,0.05593037113964618,False,True,False
no_gate_L,L,5405,2025-05-01 17:00:00,True,False,0.05442796581684017,0.05442796581684017,False,True,False
no_gate_L,L,5407,2025-05-01 19:00:00,True,False,0.053534828305191046,0.053534828305191046,False,True,False
no_gate_L,L,5661,2025-05-12 09:00:00,True,False,0.12845164685622582,0.12845164685622582,False,True,False
no_gate_L,L,5668,2025-05-12 16:00:00,True,False,0.14164813200056883,0.14164813200056883,False,True,False
no_gate_L,L,5696,2025-05-13 20:00:00,True,False,0.16806642853915382,0.16806642853915382,False,True,False
no_gate_L,L,5733,2025-05-15 09:00:00,True,False,0.18535806958961107,0.18535806958961107,False,True,False
no_gate_L,L,5764,2025-05-16 16:00:00,True,False,0.18096324507577463,0.18096324507577463,False,True,False
no_gate_L,L,5766,2025-05-16 18:00:00,True,False,0.1807937578795678,0.1807937578795678,False,True,False
no_gate_L,L,5844,2025-05-20 00:00:00,True,False,0.07024177998801025,0.07024177998801025,False,True,False
no_gate_L,L,7227,2025-07-16 15:00:00,True,False,0.0869974101464103,0.0869974101464103,False,True,False
no_gate_L,L,7234,2025-07-16 22:00:00,True,False,0.08992964102718032,0.08992964102718032,False,True,False
no_gate_L,L,7876,2025-08-12 16:00:00,True,False,0.07900061801713974,0.07900061801713974,False,True,False
no_gate_L,L,7881,2025-08-12 21:00:00,True,False,0.0831144119328276,0.0831144119328276,False,True,False
no_gate_L,L,7895,2025-08-13 11:00:00,True,False,0.09838506005192184,0.09838506005192184,False,True,False
no_gate_L,L,7902,2025-08-13 18:00:00,True,False,0.1045286774695055,0.1045286774695055,False,True,False
no_gate_L,L,7923,2025-08-14 15:00:00,True,False,0.11748457649183447,0.11748457649183447,False,True,False
no_gate_L,L,7947,2025-08-15 15:00:00,True,False,0.12325891905483102,0.12325891905483102,False,True,False
no_gate_L,L,9202,2025-10-06 22:00:00,True,False,0.05727143363485311,0.05727143363485311,False,True,False
no_gate_L,L,13152,2026-03-20 12:00:00,True,False,0.06074642974805604,0.06074642974805604,False,True,False
no_gate_L,L,15822,2026-07-09 18:00:00,True,False,0.056517465352243716,0.056517465352243716,False,True,False
no_gate_L,L,15838,2026-07-10 10:00:00,True,False,0.05448197553163161,0.05448197553163161,False,True,False
no_gate_L,L,15845,2026-07-10 17:00:00,True,False,0.053458266767766896,0.053458266767766896,False,True,False
no_gate_L,L,15846,2026-07-10 18:00:00,True,False,0.05337871903274296,0.05337871903274296,False,True,False
no_gate_L,L,16914,2026-08-24 06:00:00,True,False,0.12965262274814046,0.12965262274814046,False,True,False
no_gate_L,L,16997,2026-08-27 17:00:00,True,False,0.1364421468658816,0.1364421468658816,False,True,False
no_gate_S,S,1059,2024-11-01 15:00:00,True,False,-0.009326857515154855,-0.009326857515154855,False,True,False
no_gate_S,S,1068,2024-11-02 00:00:00,True,False,-0.007201492018209962,-0.007201492018209962,False,True,False
no_gate_S,S,1570,2024-11-22 22:00:00,True,False,-0.008984996209666562,-0.008984996209666562,False,True,False
no_gate_S,S,2172,2024-12-18 00:00:00,True,False,-0.0029386230768631725,-0.0029386230768631725,False,True,False
no_gate_S,S,2200,2024-12-19 04:00:00,True,False,-0.0007081715865999413,-0.0007081715865999413,False,True,False
no_gate_S,S,2201,2024-12-19 05:00:00,True,False,-0.0006724397065112886,-0.0006724397065112886,False,True,False
no_gate_S,S,2237,2024-12-20 17:00:00,True,False,-0.002465289280664022,-0.002465289280664022,False,True,False
no_gate_S,S,2238,2024-12-20 18:00:00,True,False,-0.0030617367796100096,-0.0030617367796100096,False,True,False
no_gate_S,S,2239,2024-12-20 19:00:00,True,False,-0.003703569486005752,-0.003703569486005752,False,True,False
no_gate_S,S,2525,2025-01-01 17:00:00,True,False,0.0012824315393047808,0.0012824315393047808,False,True,False
no_gate_S,S,2526,2025-01-01 18:00:00,True,False,0.001216851520238887,0.001216851520238887,False,True,False
no_gate_S,S,2527,2025-01-01 19:00:00,True,False,0.001251396171174801,0.001251396171174801,False,True,False
no_gate_S,S,2572,2025-01-03 16:00:00,True,False,-5.627638870387207e-05,-5.627638870387207e-05,False,True,False
no_gate_S,S,2573,2025-01-03 17:00:00,True,False,-0.00021381288279010048,-0.00021381288279010048,False,True,False
no_gate_S,S,3002,2025-01-21 14:00:00,True,False,0.009108256962407498,0.009108256962407498,False,True,False
no_gate_S,S,3675,2025-02-18 15:00:00,True,False,0.0035451987062498163,0.0035451987062498163,False,True,False
no_gate_S,S,5075,2025-04-17 23:00:00,True,False,-0.008613537668898536,-0.008613537668898536,False,True,False
no_gate_S,S,5556,2025-05-08 00:00:00,True,False,0.005875894233737944,0.005875894233737944,False,True,False
no_gate_S,S,6243,2025-06-05 15:00:00,True,False,0.002916034140951946,0.002916034140951946,False,True,False
no_gate_S,S,6244,2025-06-05 16:00:00,True,False,0.002910062020188862,0.002910062020188862,False,True,False
no_gate_S,S,6247,2025-06-05 19:00:00,True,False,0.002813966728324778,0.002813966728324778,False,True,False
no_gate_S,S,6250,2025-06-05 22:00:00,True,False,0.0027350378856011866,0.0027350378856011866,False,True,False
no_gate_S,S,6539,2025-06-17 23:00:00,True,False,0.009206591609998134,0.009206591609998134,False,True,False
no_gate_S,S,6540,2025-06-18 00:00:00,True,False,0.009451879944260532,0.009451879944260532,False,True,False
no_gate_S,S,6586,2025-06-19 22:00:00,True,False,-0.006603827109047682,-0.006603827109047682,False,True,False
no_gate_S,S,6587,2025-06-19 23:00:00,True,False,-0.0072239213273640425,-0.0072239213273640425,False,True,False
no_gate_S,S,6588,2025-06-20 00:00:00,True,False,-0.007867232358656766,-0.007867232358656766,False,True,False
no_gate_S,S,6867,2025-07-01 15:00:00,True,False,0.005547275908359476,0.005547275908359476,False,True,False
no_gate_S,S,6869,2025-07-01 17:00:00,True,False,0.006682215041723085,0.006682215041723085,False,True,False
no_gate_S,S,6872,2025-07-01 20:00:00,True,False,0.008527510887618292,0.008527510887618292,False,True,False
no_gate_S,S,6873,2025-07-01 21:00:00,True,False,0.009145552957149387,0.009145552957149387,False,True,False
no_gate_S,S,8093,2025-08-21 17:00:00,True,False,0.006064063356272893,0.006064063356272893,False,True,False
no_gate_S,S,8094,2025-08-21 18:00:00,True,False,0.005208122123190484,0.005208122123190484,False,True,False
no_gate_S,S,8097,2025-08-21 21:00:00,True,False,0.0025688824168220163,0.0025688824168220163,False,True,False
no_gate_S,S,8100,2025-08-22 00:00:00,True,False,-0.0004915604467094836,-0.0004915604467094836,False,True,False
no_gate_S,S,8200,2025-08-26 04:00:00,True,False,0.008056397084010585,0.008056397084010585,False,True,False
no_gate_S,S,8201,2025-08-26 05:00:00,True,False,0.008345296472061682,0.008345296472061682,False,True,False
no_gate_S,S,8872,2025-09-23 04:00:00,True,False,-0.009834604624728818,-0.009834604624728818,False,True,False
no_gate_S,S,10926,2025-12-17 18:00:00,True,False,-0.006689275591135142,-0.006689275591135142,False,True,False
no_gate_S,S,10927,2025-12-17 19:00:00,True,False,-0.006927002068959964,-0.006927002068959964,False,True,False
no_gate_S,S,11616,2026-01-15 12:00:00,True,False,0.004106572783145394,0.004106572783145394,False,True,False
no_gate_S,S,11794,2026-01-22 22:00:00,True,False,-0.002943338602135917,-0.002943338602135917,False,True,False
no_gate_S,S,11795,2026-01-22 23:00:00,True,False,-0.0038583154552500774,-0.0038583154552500774,False,True,False
no_gate_S,S,12415,2026-02-17 19:00:00,True,False,-0.005938010309357659,-0.005938010309357659,False,True,False
no_gate_S,S,12419,2026-02-17 23:00:00,True,False,-0.0052017368784769355,-0.0052017368784769355,False,True,False
no_gate_S,S,12749,2026-03-03 17:00:00,True,False,0.0008182646919413516,0.0008182646919413516,False,True,False
no_gate_S,S,12750,2026-03-03 18:00:00,True,False,0.0006143500119943252,0.0006143500119943252,False,True,False
no_gate_S,S,12755,2026-03-03 23:00:00,True,False,0.0008704283775789246,0.0008704283775789246,False,True,False
no_gate_S,S,12935,2026-03-11 11:00:00,True,False,0.007310961011067192,0.007310961011067192,False,True,False
no_gate_S,S,12936,2026-03-11 12:00:00,True,False,0.0074655636460029835,0.0074655636460029835,False,True,False
no_gate_S,S,12938,2026-03-11 14:00:00,True,False,0.007564202266310197,0.007564202266310197,False,True,False
no_gate_S,S,12940,2026-03-11 16:00:00,True,False,0.0074901905411907605,0.0074901905411907605,False,True,False
no_gate_S,S,13579,2026-04-07 07:00:00,True,False,0.005182491232627529,0.005182491232627529,False,True,False
no_gate_S,S,13582,2026-04-07 10:00:00,True,False,0.00689303418937391,0.00689303418937391,False,True,False
no_gate_S,S,14096,2026-04-28 20:00:00,True,False,-0.006878299921394609,-0.006878299921394609,False,True,False
no_gate_S,S,14155,2026-05-01 07:00:00,True,False,-0.006824046941480484,-0.006824046941480484,False,True,False
no_gate_S,S,14301,2026-05-07 09:00:00,True,False,0.007749163863174329,0.007749163863174329,False,True,False
no_gate_S,S,14302,2026-05-07 10:00:00,True,False,0.007872317895634577,0.007872317895634577,False,True,False
no_gate_S,S,14303,2026-05-07 11:00:00,True,False,0.00793153167913644,0.00793153167913644,False,True,False
no_gate_S,S,14314,2026-05-07 22:00:00,True,False,0.008947957083851082,0.008947957083851082,False,True,False
no_gate_S,S,14315,2026-05-07 23:00:00,True,False,0.008918965125493956,0.008918965125493956,False,True,False
no_gate_S,S,14327,2026-05-08 11:00:00,True,False,0.008197908937406096,0.008197908937406096,False,True,False
no_gate_S,S,14330,2026-05-08 14:00:00,True,False,0.008358143269152867,0.008358143269152867,False,True,False
no_gate_S,S,14331,2026-05-08 15:00:00,True,False,0.008315788268534016,0.008315788268534016,False,True,False
no_gate_S,S,14422,2026-05-12 10:00:00,True,False,0.007022196381483262,0.007022196381483262,False,True,False
no_gate_S,S,16270,2026-07-28 10:00:00,True,False,0.006979100383349107,0.006979100383349107,False,True,False
no_gate_S,S,16271,2026-07-28 11:00:00,True,False,0.00711656125192295,0.00711656125192295,False,True,False
no_gate_S,S,16282,2026-07-28 22:00:00,True,False,0.008750859979424921,0.008750859979424921,False,True,False
no_gate_S,S,16342,2026-07-31 10:00:00,True,False,0.005938115340343871,0.005938115340343871,False,True,False
no_gate_S,S,16353,2026-07-31 21:00:00,True,False,0.0021143975945442702,0.0021143975945442702,False,True,False
no_gate_S,S,16354,2026-07-31 22:00:00,True,False,0.0017450360561661953,0.0017450360561661953,False,True,False
no_gate_S,S,16512,2026-08-07 12:00:00,True,False,-0.007514201502133338,-0.007514201502133338,False,True,False
no_gate_S,S,16683,2026-08-14 15:00:00,True,False,0.005425459414328543,0.005425459414328543,False,True,False
no_gate_S,S,16690,2026-08-14 22:00:00,True,False,0.0033673041198512524,0.0033673041198512524,False,True,False
no_gate_S,S,16691,2026-08-14 23:00:00,True,False,0.0030931183339123307,0.0030931183339123307,False,True,False
no_gate_S,S,16775,2026-08-18 11:00:00,True,False,-0.006783222361201468,-0.006783222361201468,False,True,False
no_gate_S,S,17283,2026-09-08 15:00:00,True,False,0.0017732298022607093,0.0017732298022607093,False,True,False
no_gate_S,S,17337,2026-09-10 21:00:00,True,False,0.00763671942814242,0.00763671942814242,False,True,False
no_gate_S,S,17452,2026-09-15 16:00:00,True,False,0.009303918622926004,0.009303918622926004,False,True,False
no_gate_S,S,17458,2026-09-15 22:00:00,True,False,0.008016875558086218,0.008016875558086218,False,True,False
no_gate_S,S,17483,2026-09-16 23:00:00,True,False,0.00015694925573639824,0.00015694925573639824,False,True,False
anchor_joint125,L,643,2024-10-15 07:00:00,False,False,0.014705977964036929,0.008446802430097766,False,False,True
anchor_joint125,L,1065,2024-11-01 21:00:00,False,False,-0.007881415212500888,-0.015168090233918175,False,False,True
anchor_joint125,L,1066,2024-11-01 22:00:00,False,False,-0.007662049610833568,-0.014892128400289525,False,False,True
anchor_joint125,L,1231,2024-11-08 19:00:00,False,False,0.010295074986513754,0.00969577718659029,False,False,True
anchor_joint125,L,1544,2024-11-21 20:00:00,False,False,-0.011837016955429939,-0.003253570363652948,False,False,True
anchor_joint125,L,1545,2024-11-21 21:00:00,False,False,-0.012209195559358895,-0.003721380804971398,False,False,True
anchor_joint125,L,1687,2024-11-27 19:00:00,False,True,0.04417744693530985,0.05072506656134479,True,False,True
anchor_joint125,L,1843,2024-12-04 07:00:00,False,True,0.04255797501999739,0.061326057497285535,True,False,True
anchor_joint125,L,1845,2024-12-04 09:00:00,False,True,0.041692191136545494,0.060379337798911144,True,False,True
anchor_joint125,L,1854,2024-12-04 18:00:00,False,True,0.040933522413054695,0.05658223663001349,True,False,True
anchor_joint125,L,1878,2024-12-05 18:00:00,False,True,0.04400782847991727,0.05728878181452644,True,False,True
anchor_joint125,L,1880,2024-12-05 20:00:00,False,True,0.04449520656065564,0.05792968875077492,True,False,True
anchor_joint125,L,5550,2025-05-07 18:00:00,False,False,0.006408854631287809,0.011170598755044198,False,False,True
anchor_joint125,L,5908,2025-05-22 16:00:00,False,False,0.003578470049519701,0.0144851875305477,False,False,True
anchor_joint125,L,5909,2025-05-22 17:00:00,False,False,0.0032016313926185496,0.013539115873831232,False,False,True
anchor_joint125,L,5910,2025-05-22 18:00:00,False,False,0.002848439902275657,0.012708020435897492,False,False,True
anchor_joint125,L,6368,2025-06-10 20:00:00,False,False,-0.009359758751035141,-0.015139969801108702,False,False,True
anchor_joint125,L,7106,2025-07-11 14:00:00,False,True,0.04127712276545903,0.04718921125873836,True,False,True
anchor_joint125,L,7539,2025-07-29 15:00:00,False,True,0.029250805664988038,0.04786821887134785,True,False,True
anchor_joint125,L,7540,2025-07-29 16:00:00,False,True,0.028967612292645436,0.04717359934883208,True,False,True
anchor_joint125,L,8069,2025-08-20 17:00:00,False,True,0.02254233791177475,0.04587961806249996,True,False,True
anchor_joint125,L,8117,2025-08-22 17:00:00,False,False,-0.014381582154353685,-0.00470454020817338,False,False,True
anchor_joint125,L,8594,2025-09-11 14:00:00,False,False,-0.007305477206657225,-0.010948958308660895,False,False,True
anchor_joint125,L,8595,2025-09-11 15:00:00,False,False,-0.007159661963837325,-0.010685129548089693,False,False,True
anchor_joint125,L,8596,2025-09-11 16:00:00,False,False,-0.007013825576146644,-0.010363992729609306,False,False,True
anchor_joint125,L,9119,2025-10-03 11:00:00,False,False,-0.0047847429204332876,-0.018263209423104693,False,False,True
anchor_joint125,L,9603,2025-10-23 15:00:00,False,False,-0.007871512998512463,-0.021425365158274843,False,False,True
anchor_joint125,L,9800,2025-10-31 20:00:00,False,False,0.00835782036196504,0.015487219066505463,False,False,True
anchor_joint125,L,11570,2026-01-13 14:00:00,False,False,0.006227458524068269,0.012136231333151448,False,False,True
anchor_joint125,L,11571,2026-01-13 15:00:00,False,False,0.005996964836721182,0.011808710370815628,False,False,True
anchor_joint125,L,11573,2026-01-13 17:00:00,False,False,0.005498585040630279,0.011136851869538108,False,False,True
anchor_joint125,L,11574,2026-01-13 18:00:00,False,False,0.005220883566230127,0.010806754045296869,False,False,True
anchor_joint125,L,12435,2026-02-18 15:00:00,False,False,-0.006957372782812408,-0.013113129358833717,False,False,True
anchor_joint125,L,12436,2026-02-18 16:00:00,False,False,-0.007485994464338402,-0.012947435203883282,False,False,True
anchor_joint125,L,12437,2026-02-18 17:00:00,False,False,-0.008012034194129268,-0.012674183983179934,False,False,True
anchor_joint125,L,12917,2026-03-10 17:00:00,False,False,0.0018031576312309834,0.01250809836973204,False,False,True
anchor_joint125,L,12918,2026-03-10 18:00:00,False,False,0.002051989388705754,0.012069094703783142,False,False,True
anchor_joint125,L,13755,2026-04-14 15:00:00,False,True,0.04134642648357077,0.04595166270011362,True,False,True
anchor_joint125,L,13756,2026-04-14 16:00:00,False,True,0.041878542394384814,0.04642227506349269,True,False,True
anchor_joint125,L,13757,2026-04-14 17:00:00,False,True,0.04240076339797486,0.04685446037950209,True,False,True
anchor_joint125,L,13762,2026-04-14 22:00:00,False,True,0.04488085527049102,0.048878240815700524,True,False,True
anchor_joint125,L,14158,2026-05-01 10:00:00,False,False,-0.007775645540131505,-0.011940165715866993,False,False,True
anchor_joint125,L,14160,2026-05-01 12:00:00,False,False,-0.008351749298126999,-0.012120506723113112,False,False,True
anchor_joint125,L,15247,2026-06-15 19:00:00,False,False,-0.009980243837153586,-0.03373689039031142,False,False,True
anchor_joint125,L,15453,2026-06-24 09:00:00,False,False,0.009813916407012223,0.01422833362029108,False,False,True
anchor_joint125,L,15454,2026-06-24 10:00:00,False,False,0.009147525628047064,0.013474109941835372,False,False,True
anchor_joint125,L,16327,2026-07-30 19:00:00,False,False,0.008382998351519457,0.010195510090372636,False,False,True
anchor_joint125,L,16328,2026-07-30 20:00:00,False,False,0.008231641440269489,0.010218853011667261,False,False,True
anchor_joint125,L,16329,2026-07-30 21:00:00,False,False,0.008111177111885724,0.010232978512941915,False,False,True
anchor_joint125,L,16330,2026-07-30 22:00:00,False,False,0.00797193005370036,0.01022521743588366,False,False,True
anchor_joint125,L,17354,2026-09-11 14:00:00,False,False,0.0074772156857802795,0.010630612011079517,False,False,True
anchor_joint125,L,17357,2026-09-11 17:00:00,False,False,0.007646356043179022,0.010740996358041979,False,False,True
anchor_joint125,S,844,2024-10-23 16:00:00,False,False,0.03730886304310337,0.05007914747462875,False,False,True
anchor_joint125,S,845,2024-10-23 17:00:00,False,False,0.03668759231034853,0.049569372980588895,False,False,True
anchor_joint125,S,1059,2024-11-01 15:00:00,True,False,-0.009326857515154855,-0.016740192057984535,False,True,True
anchor_joint125,S,1068,2024-11-02 00:00:00,True,False,-0.007201492018209962,-0.01420289578043736,False,True,True
anchor_joint125,S,1492,2024-11-19 16:00:00,False,False,0.021884273044885317,0.046867623296133844,False,False,True
anchor_joint125,S,1665,2024-11-26 21:00:00,False,False,0.0421031139395356,0.046146652289508136,False,False,True
anchor_joint125,S,1666,2024-11-26 22:00:00,False,False,0.042118681933180926,0.046662374623046406,False,False,True
anchor_joint125,S,1668,2024-11-27 00:00:00,False,False,0.042305814798000524,0.047713369435639676,False,False,True
anchor_joint125,S,2001,2024-12-10 21:00:00,False,False,0.03829141670978299,0.05265364450099324,False,False,True
anchor_joint125,S,2003,2024-12-10 23:00:00,False,False,0.03763037863035627,0.0510259529891964,False,False,True
anchor_joint125,S,2004,2024-12-11 00:00:00,False,False,0.037272637652496984,0.05017380493109881,False,False,True
anchor_joint125,S,5075,2025-04-17 23:00:00,True,False,-0.008613537668898536,-0.022063705974409306,False,True,True
anchor_joint125,S,5426,2025-05-02 14:00:00,False,False,0.04457015182086102,0.06039557495384409,False,False,True
anchor_joint125,S,5428,2025-05-02 16:00:00,False,False,0.043851404760360424,0.05913842907641394,False,False,True
anchor_joint125,S,5556,2025-05-08 00:00:00,True,False,0.005875894233737944,0.011159944127702815,False,True,True
anchor_joint125,S,5865,2025-05-20 21:00:00,False,False,0.037295255112824464,0.07782075592295874,False,False,True
anchor_joint125,S,5866,2025-05-20 22:00:00,False,False,0.035641178113863636,0.07611315918378528,False,False,True
anchor_joint125,S,5867,2025-05-20 23:00:00,False,False,0.0339268441213455,0.07441601566167348,False,False,True
anchor_joint125,S,8093,2025-08-21 17:00:00,True,False,0.006064063356272893,0.02013357541435741,False,True,True
anchor_joint125,S,8094,2025-08-21 18:00:00,True,False,0.005208122123190484,0.019093571883319328,False,True,True
anchor_joint125,S,8097,2025-08-21 21:00:00,True,False,0.0025688824168220163,0.016031516640551618,False,True,True
anchor_joint125,S,8100,2025-08-22 00:00:00,True,False,-0.0004915604467094836,0.012869542278543597,False,True,True
anchor_joint125,S,9299,2025-10-10 23:00:00,False,False,0.038342909516248115,0.054131004835221944,False,False,True
anchor_joint125,S,9719,2025-10-28 11:00:00,False,True,0.014137768872547444,0.006040822209020214,True,False,True
anchor_joint125,S,9720,2025-10-28 12:00:00,False,True,0.014465010393104532,0.00643074571141758,True,False,True
anchor_joint125,S,10812,2025-12-13 00:00:00,False,False,0.043798995171882016,0.04756665422258359,False,False,True
anchor_joint125,S,11430,2026-01-07 18:00:00,False,False,0.03931052670769406,0.045576743256474206,False,False,True
anchor_joint125,S,11435,2026-01-07 23:00:00,False,False,0.04001405547754813,0.047229183546092124,False,False,True
anchor_joint125,S,11436,2026-01-08 00:00:00,False,False,0.040211025972667534,0.04746802628271896,False,False,True
anchor_joint125,S,11451,2026-01-08 15:00:00,False,False,0.040490129858913364,0.047687133567998814,False,False,True
anchor_joint125,S,11459,2026-01-08 23:00:00,False,False,0.0393541555382194,0.04709942374133594,False,False,True
anchor_joint125,S,11477,2026-01-09 17:00:00,False,False,0.036499627848580546,0.045973410851381784,False,False,True
anchor_joint125,S,12415,2026-02-17 19:00:00,True,False,-0.005938010309357659,-0.02243553569698158,False,True,True
anchor_joint125,S,12419,2026-02-17 23:00:00,True,False,-0.0052017368784769355,-0.020927895269993033,False,True,True
anchor_joint125,S,13591,2026-04-07 19:00:00,False,True,0.011889764049979696,0.00484497523410804,True,False,True
anchor_joint125,S,14155,2026-05-01 07:00:00,True,False,-0.006824046941480484,-0.011306246970267487,False,True,True
anchor_joint125,S,15490,2026-06-25 22:00:00,False,True,-0.013032754978429498,-0.008494561986757335,True,False,True
anchor_joint125,S,17452,2026-09-15 16:00:00,True,False,0.009303918622926004,0.012165706480376166,False,True,True
anchor_joint125,S,17458,2026-09-15 22:00:00,True,False,0.008016875558086218,0.011063869383680305,False,True,True
anchor_scaled150,L,643,2024-10-15 07:00:00,False,False,0.014705977964036929,-0.0004527217676992374,False,False,True
anchor_scaled150,L,1065,2024-11-01 21:00:00,False,False,-0.007881415212500888,-0.015054845629006584,False,False,True
anchor_scaled150,L,1066,2024-11-01 22:00:00,False,False,-0.007662049610833568,-0.01490072376703875,False,False,True
anchor_scaled150,L,1231,2024-11-08 19:00:00,False,False,0.010295074986513754,0.005483554999304221,False,False,True
anchor_scaled150,L,1233,2024-11-08 21:00:00,False,False,0.011379813167969008,0.00623862482734931,False,False,True
anchor_scaled150,L,1234,2024-11-08 22:00:00,False,False,0.011987520365782964,0.006646236295142925,False,False,True
anchor_scaled150,L,1544,2024-11-21 20:00:00,False,False,-0.011837016955429939,0.004867084797992625,False,False,True
anchor_scaled150,L,1545,2024-11-21 21:00:00,False,False,-0.012209195559358895,0.004400444648383553,False,False,True
anchor_scaled150,L,1843,2024-12-04 07:00:00,False,True,0.04255797501999739,0.05410121486204623,True,False,True
anchor_scaled150,L,1845,2024-12-04 09:00:00,False,True,0.041692191136545494,0.05345559852455496,True,False,True
anchor_scaled150,L,1854,2024-12-04 18:00:00,False,True,0.040933522413054695,0.05052448293117304,True,False,True
anchor_scaled150,L,1878,2024-12-05 18:00:00,False,True,0.04400782847991727,0.04902777438738768,True,False,True
anchor_scaled150,L,1880,2024-12-05 20:00:00,False,True,0.04449520656065564,0.049049740176211706,True,False,True
anchor_scaled150,L,3168,2025-01-28 12:00:00,False,False,-0.011377555434765124,-0.0029679503431816953,False,False,True
anchor_scaled150,L,3170,2025-01-28 14:00:00,False,False,-0.011885939616612549,-0.003932892514487115,False,False,True
anchor_scaled150,L,3727,2025-02-20 19:00:00,False,False,0.010870148934215255,0.005184572233618355,False,False,True
anchor_scaled150,L,3730,2025-02-20 22:00:00,False,False,0.011244771689788019,0.006015408640016422,False,False,True
anchor_scaled150,L,3746,2025-02-21 14:00:00,False,False,0.012309758222442126,0.009826737851142428,False,False,True
anchor_scaled150,L,3747,2025-02-21 15:00:00,False,False,0.012353392115807781,0.009892997676451017,False,False,True
anchor_scaled150,L,3750,2025-02-21 18:00:00,False,False,0.01226989547211675,0.009867456218288148,False,False,True
anchor_scaled150,L,5096,2025-04-18 20:00:00,False,False,0.005702739986802329,-0.015467067376478497,False,False,True
anchor_scaled150,L,5550,2025-05-07 18:00:00,False,False,0.006408854631287809,0.010125747547759523,False,False,True
anchor_scaled150,L,5908,2025-05-22 16:00:00,False,False,0.003578470049519701,0.03338844125725149,False,False,True
anchor_scaled150,L,5909,2025-05-22 17:00:00,False,False,0.0032016313926185496,0.03221041759030897,False,False,True
anchor_scaled150,L,5910,2025-05-22 18:00:00,False,False,0.002848439902275657,0.031057593617103606,False,False,True
anchor_scaled150,L,5915,2025-05-22 23:00:00,False,False,0.0010783485598788696,0.025404412853255086,False,False,True
anchor_scaled150,L,5926,2025-05-23 10:00:00,False,False,-0.0008275371423545515,0.015237441299040352,False,False,True
anchor_scaled150,L,6604,2025-06-20 16:00:00,False,False,-0.018050021050734635,-0.008858430029666395,False,False,True
anchor_scaled150,L,6895,2025-07-02 19:00:00,False,False,0.01920856413359872,0.0072512275835022975,False,False,True
anchor_scaled150,L,7539,2025-07-29 15:00:00,False,True,0.029250805664988038,0.048419615898422114,True,False,True
anchor_scaled150,L,7540,2025-07-29 16:00:00,False,True,0.028967612292645436,0.047778579366609626,True,False,True
anchor_scaled150,L,8069,2025-08-20 17:00:00,False,True,0.02254233791177475,0.052257946814260436,True,False,True
anchor_scaled150,L,8117,2025-08-22 17:00:00,False,False,-0.014381582154353685,0.006322466328643237,False,False,True
anchor_scaled150,L,8594,2025-09-11 14:00:00,False,False,-0.007305477206657225,-0.011543575995116087,False,False,True
anchor_scaled150,L,8595,2025-09-11 15:00:00,False,False,-0.007159661963837325,-0.011207842453567127,False,False,True
anchor_scaled150,L,8596,2025-09-11 16:00:00,False,False,-0.007013825576146644,-0.010878402337309016,False,False,True
anchor_scaled150,L,9119,2025-10-03 11:00:00,False,False,-0.0047847429204332876,-0.022879008796877202,False,False,True
anchor_scaled150,L,9202,2025-10-06 22:00:00,True,False,0.05727143363485311,0.03998040059317159,False,True,True
anchor_scaled150,L,9603,2025-10-23 15:00:00,False,False,-0.007871512998512463,-0.026389634567046703,False,False,True
anchor_scaled150,L,9730,2025-10-28 22:00:00,False,False,0.01671523691388129,0.002260427313377178,False,False,True
anchor_scaled150,L,9800,2025-10-31 20:00:00,False,False,0.00835782036196504,0.012738386538951244,False,False,True
anchor_scaled150,L,11146,2025-12-26 22:00:00,False,False,-0.0051267350264997185,-0.011916783639013143,False,False,True
anchor_scaled150,L,11570,2026-01-13 14:00:00,False,False,0.006227458524068269,0.01512380399658412,False,False,True
anchor_scaled150,L,11571,2026-01-13 15:00:00,False,False,0.005996964836721182,0.014708701363657208,False,False,True
anchor_scaled150,L,11573,2026-01-13 17:00:00,False,False,0.005498585040630279,0.013990370168559627,False,False,True
anchor_scaled150,L,11574,2026-01-13 18:00:00,False,False,0.005220883566230127,0.013568138631404915,False,False,True
anchor_scaled150,L,12435,2026-02-18 15:00:00,False,False,-0.006957372782812408,-0.019952047196738043,False,False,True
anchor_scaled150,L,12436,2026-02-18 16:00:00,False,False,-0.007485994464338402,-0.019691825702083977,False,False,True
anchor_scaled150,L,12437,2026-02-18 17:00:00,False,False,-0.008012034194129268,-0.019471477797161133,False,False,True
anchor_scaled150,L,12917,2026-03-10 17:00:00,False,False,0.0018031576312309834,0.018644688585759,False,False,True
anchor_scaled150,L,12918,2026-03-10 18:00:00,False,False,0.002051989388705754,0.018595968462779815,False,False,True
anchor_scaled150,L,12980,2026-03-13 08:00:00,False,False,0.012519367291467617,0.007549092077989407,False,False,True
anchor_scaled150,L,12991,2026-03-13 19:00:00,False,False,0.010154476231874503,0.007961846161061189,False,False,True
anchor_scaled150,L,13610,2026-04-08 14:00:00,False,False,0.01911929581890788,0.005823487442191103,False,False,True
anchor_scaled150,L,13611,2026-04-08 15:00:00,False,False,0.019614125461281186,0.006146195562847388,False,False,True
anchor_scaled150,L,13612,2026-04-08 16:00:00,False,False,0.020124475570529717,0.006443177801712866,False,False,True
anchor_scaled150,L,13613,2026-04-08 17:00:00,False,False,0.02067576857055223,0.006825149193151001,False,False,True
anchor_scaled150,L,15247,2026-06-15 19:00:00,False,False,-0.009980243837153586,-0.037906483162509656,False,False,True
anchor_scaled150,L,15453,2026-06-24 09:00:00,False,False,0.009813916407012223,0.014053096367965763,False,False,True
anchor_scaled150,L,15454,2026-06-24 10:00:00,False,False,0.009147525628047064,0.013525829121425498,False,False,True
anchor_scaled150,L,16831,2026-08-20 19:00:00,False,False,0.015200738694717634,0.007578539238876497,False,False,True
anchor_scaled150,L,16832,2026-08-20 20:00:00,False,False,0.016355056649509155,0.008341664343594301,False,False,True
anchor_scaled150,S,650,2024-10-15 14:00:00,False,True,0.018436331429800796,0.002995313265740369,True,False,True
anchor_scaled150,S,656,2024-10-15 20:00:00,False,True,0.020076887509016924,0.005475390649912497,True,False,True
anchor_scaled150,S,813,2024-10-22 09:00:00,False,False,0.0463940136669077,0.04290170789437253,False,False,True
anchor_scaled150,S,825,2024-10-22 21:00:00,False,False,0.0454922225221067,0.04338187994354367,False,False,True
anchor_scaled150,S,826,2024-10-22 22:00:00,False,False,0.04510716218345746,0.04321077196972267,False,False,True
anchor_scaled150,S,1059,2024-11-01 15:00:00,True,False,-0.009326857515154855,-0.01593752589738478,False,True,True
anchor_scaled150,S,1068,2024-11-02 00:00:00,True,False,-0.007201492018209962,-0.014525056000295739,False,True,True
anchor_scaled150,S,1492,2024-11-19 16:00:00,False,False,0.021884273044885317,0.054408803299434816,False,False,True
anchor_scaled150,S,1498,2024-11-19 22:00:00,False,False,0.017749242345903807,0.04815404283561685,False,False,True
anchor_scaled150,S,2001,2024-12-10 21:00:00,False,False,0.03829141670978299,0.04552820113360151,False,False,True
anchor_scaled150,S,2525,2025-01-01 17:00:00,True,False,0.0012824315393047808,-0.018013468213819838,False,True,True
anchor_scaled150,S,2526,2025-01-01 18:00:00,True,False,0.001216851520238887,-0.017654048857142602,False,True,True
anchor_scaled150,S,2527,2025-01-01 19:00:00,True,False,0.001251396171174801,-0.017244692916423617,False,True,True
anchor_scaled150,S,3028,2025-01-22 16:00:00,False,True,0.010812301254290672,0.009778029355198236,True,False,True
anchor_scaled150,S,3732,2025-02-21 00:00:00,False,True,0.011496463392798419,0.006535749808797923,True,False,True
anchor_scaled150,S,3873,2025-02-26 21:00:00,False,True,-0.012689914007666506,-0.00413616313726743,True,False,True
anchor_scaled150,S,3874,2025-02-26 22:00:00,False,True,-0.013213691659626834,-0.0046463998310577,True,False,True
anchor_scaled150,S,5075,2025-04-17 23:00:00,True,False,-0.008613537668898536,-0.026352950520619846,False,True,True
anchor_scaled150,S,5426,2025-05-02 14:00:00,False,False,0.04457015182086102,0.05159856111012505,False,False,True
anchor_scaled150,S,5428,2025-05-02 16:00:00,False,False,0.043851404760360424,0.05089203271040078,False,False,True
anchor_scaled150,S,5865,2025-05-20 21:00:00,False,False,0.037295255112824464,0.08430923573409727,False,False,True
anchor_scaled150,S,5866,2025-05-20 22:00:00,False,False,0.035641178113863636,0.08284492677709585,False,False,True
anchor_scaled150,S,5867,2025-05-20 23:00:00,False,False,0.0339268441213455,0.08144896563035331,False,False,True
anchor_scaled150,S,6046,2025-05-28 10:00:00,False,True,0.011322301654239428,0.008504888749155351,True,False,True
anchor_scaled150,S,6051,2025-05-28 15:00:00,False,True,0.012851699185089797,0.00947204100192019,True,False,True
anchor_scaled150,S,6407,2025-06-12 11:00:00,False,True,0.0204906478888354,0.0019246129806321929,True,False,True
anchor_scaled150,S,6412,2025-06-12 16:00:00,False,True,0.022503996514421098,0.004358616416138298,True,False,True
anchor_scaled150,S,6416,2025-06-12 20:00:00,False,True,0.02404570576199636,0.006115198176294544,True,False,True
anchor_scaled150,S,6420,2025-06-13 00:00:00,False,True,0.024955544340859653,0.0078494566232346,True,False,True
anchor_scaled150,S,6424,2025-06-13 04:00:00,False,True,0.025812783850891037,0.009789589522848467,True,False,True
anchor_scaled150,S,6539,2025-06-17 23:00:00,True,False,0.009206591609998134,0.01204809118052783,False,True,True
anchor_scaled150,S,6540,2025-06-18 00:00:00,True,False,0.009451879944260532,0.011905421001268974,False,True,True
anchor_scaled150,S,8093,2025-08-21 17:00:00,True,False,0.006064063356272893,0.029263926794934145,False,True,True
anchor_scaled150,S,8094,2025-08-21 18:00:00,True,False,0.005208122123190484,0.028234761022505873,False,True,True
anchor_scaled150,S,8097,2025-08-21 21:00:00,True,False,0.0025688824168220163,0.025129212691706086,False,True,True
anchor_scaled150,S,8100,2025-08-22 00:00:00,True,False,-0.0004915604467094836,0.021906484276596597,False,True,True
anchor_scaled150,S,9299,2025-10-10 23:00:00,False,False,0.038342909516248115,0.04731298742360494,False,False,True
anchor_scaled150,S,9719,2025-10-28 11:00:00,False,True,0.014137768872547444,-0.0017502781889387582,True,False,True
anchor_scaled150,S,9720,2025-10-28 12:00:00,False,True,0.014465010393104532,-0.0015508844650178003,True,False,True
anchor_scaled150,S,9756,2025-10-30 00:00:00,False,True,0.019440452746901912,0.008732176520512034,True,False,True
anchor_scaled150,S,11652,2026-01-17 00:00:00,False,True,0.010545172052844994,0.007957306191618482,True,False,True
anchor_scaled150,S,11813,2026-01-23 17:00:00,False,True,-0.020459872218532356,-0.0030266164729574503,True,False,True
anchor_scaled150,S,11814,2026-01-23 18:00:00,False,True,-0.021267704837040935,-0.003627900555593564,True,False,True
anchor_scaled150,S,12415,2026-02-17 19:00:00,True,False,-0.005938010309357659,-0.028345005946437574,False,True,True
anchor_scaled150,S,12419,2026-02-17 23:00:00,True,False,-0.0052017368784769355,-0.02678270226480902,False,True,True
anchor_scaled150,S,12466,2026-02-19 22:00:00,False,True,-0.02090125937184663,-0.009918638790794836,True,False,True
anchor_scaled150,S,12935,2026-03-11 11:00:00,True,False,0.007310961011067192,0.014250047530973663,False,True,True
anchor_scaled150,S,12936,2026-03-11 12:00:00,True,False,0.0074655636460029835,0.013686253517812344,False,True,True
anchor_scaled150,S,12938,2026-03-11 14:00:00,True,False,0.007564202266310197,0.012572120616616287,False,True,True
anchor_scaled150,S,12940,2026-03-11 16:00:00,True,False,0.0074901905411907605,0.011534524958549178,False,True,True
anchor_scaled150,S,13111,2026-03-18 19:00:00,False,False,0.05609219132351725,0.03825591242398506,False,False,True
anchor_scaled150,S,13112,2026-03-18 20:00:00,False,False,0.05676364117136054,0.03862309314260621,False,False,True
anchor_scaled150,S,13132,2026-03-19 16:00:00,False,False,0.06229471151570149,0.042317300386344105,False,False,True
anchor_scaled150,S,13133,2026-03-19 17:00:00,False,False,0.06231983275564957,0.04256699489451271,False,False,True
anchor_scaled150,S,13137,2026-03-19 21:00:00,False,False,0.062415036165246636,0.04383625173396664,False,False,True
anchor_scaled150,S,13139,2026-03-19 23:00:00,False,False,0.062246826413093606,0.044303731788281016,False,False,True
anchor_scaled150,S,13298,2026-03-26 14:00:00,False,True,-0.014107459875737137,-0.004415964466365767,True,False,True
anchor_scaled150,S,13302,2026-03-26 18:00:00,False,True,-0.01601449424314343,-0.006166888975455444,True,False,True
anchor_scaled150,S,13591,2026-04-07 19:00:00,False,True,0.011889764049979696,0.002471299603971809,True,False,True
anchor_scaled150,S,13619,2026-04-08 23:00:00,False,True,0.023598673246681443,0.009444576133523435,True,False,True
anchor_scaled150,S,13763,2026-04-14 23:00:00,False,False,0.04525672449915394,0.038655584021666786,False,False,True
anchor_scaled150,S,15293,2026-06-17 17:00:00,False,True,0.030575513486564773,0.0039989733945676054,True,False,True
anchor_scaled150,S,15297,2026-06-17 21:00:00,False,True,0.03305115681940519,0.006858158085500105,True,False,True
anchor_scaled150,S,15299,2026-06-17 23:00:00,False,True,0.034010019587121736,0.007987701196181113,True,False,True
anchor_scaled150,S,15490,2026-06-25 22:00:00,False,True,-0.013032754978429498,-0.00333487617970441,True,False,True
anchor_scaled150,S,15503,2026-06-26 11:00:00,False,True,-0.022894361665382418,-0.009816564012317206,True,False,True
anchor_scaled150,S,16270,2026-07-28 10:00:00,True,False,0.006979100383349107,0.013006597220965442,False,True,True
anchor_scaled150,S,16271,2026-07-28 11:00:00,True,False,0.00711656125192295,0.012762272303054096,False,True,True
anchor_scaled150,S,16308,2026-07-30 00:00:00,False,True,0.011601738749415372,0.006090791000747783,True,False,True
