side,margin,qty_exact,fee_exact,entry_exact,entry_bar,exit_bar,entry_dt,exit_dt,entry_price,exit_price,pnl_pct,pnl,reason_code,bars_held,mfe_pct,mae_pct,gk_pctile,regime_code,funding,funding_low,funding_high,net
S,200.0,1.5233937185720183,4.0,2625.7164850000004,381,397,2024-09-24 09:00:00,2024-09-25 01:00:00,2625.72,2627.31,-0.061,-6.43,BE,16,1.356,-1.58,33.3,MILD_UP,0.3816648819950566,0.3816648819950566,0.3816648819950566,-6.048335118004943
S,200.0,1.5295070190291147,4.0,2615.2217350000005,417,422,2024-09-25 21:00:00,2024-09-26 02:00:00,2615.22,2575.85,1.506,56.22,TP,5,2.067,-0.513,14.1,UP,0.1406914214102002,0.1406914214102002,0.1406914214102002,56.3606914214102
L,200.0,1.5054244970310424,4.0,2657.0578649999998,555,562,2024-10-01 15:00:00,2024-10-01 22:00:00,2657.06,2578.43,-2.959,-122.37,MH,7,0.0,-3.458,8.1,MILD_UP,-0.3981531655502731,-0.3981531655502731,-0.3981531655502731,-122.76815316555027
S,200.0,1.5513315400509553,4.0,2578.43014,562,564,2024-10-01 22:00:00,2024-10-02 00:00:00,2578.43,2524.8,2.08,79.2,TP,2,3.817,-0.474,1.0,MILD_UP,0.32884618302348745,0.0,0.32884618302348745,79.52884618302349
S,200.0,1.6436672418680178,4.0,2433.5826,748,758,2024-10-09 16:00:00,2024-10-10 02:00:00,2433.58,2434.32,-0.03,-5.21,BE,10,0.473,-1.564,19.2,DOWN,0.40439802618575593,0.40439802618575593,0.5500778041844513,-4.805601973814244
S,200.0,1.54237522661589,4.0,2593.40265,890,900,2024-10-15 14:00:00,2024-10-16 00:00:00,2593.4,2573.87,0.753,26.13,TP,10,2.189,-3.677,6.1,MILD_UP,0.8001503353133382,0.40336196926458756,0.8001503353133382,26.930150335313336
S,200.0,1.5171507750660576,4.0,2636.5210800000004,1053,1067,2024-10-22 09:00:00,2024-10-22 23:00:00,2636.52,2639.68,-0.12,-8.79,BE,14,1.158,-0.875,34.3,UP,0.40153050335709806,0.40153050335709806,0.40153050335709806,-8.388469496642902
S,200.0,1.537988932208697,4.0,2600.79895,1084,1092,2024-10-23 16:00:00,2024-10-24 00:00:00,2600.8,2540.8,2.307,88.28,TP,8,2.761,-0.371,27.3,MILD_UP,0.3905868046878442,0.0,0.7907956095629769,88.67058680468784
S,200.0,1.517507451217665,4.0,2635.90139,1277,1283,2024-10-31 17:00:00,2024-10-31 23:00:00,2635.9,2557.33,2.981,115.24,TP,6,3.605,-0.497,10.1,DOWN,0.0,0.0,0.0,115.24
S,200.0,1.5997573584024216,4.0,2500.3791850000002,1294,1306,2024-11-01 10:00:00,2024-11-01 22:00:00,2500.38,2575.88,-3.019,-124.78,MH,12,1.323,-3.064,32.3,DOWN,0.40061565762714507,0.40061565762714507,0.40061565762714507,-124.37938434237286
L,200.0,1.5759892304145544,4.0,2538.08841,1305,1307,2024-11-01 21:00:00,2024-11-01 23:00:00,2538.09,2560.72,0.892,31.67,MFE,2,1.961,-0.318,17.2,SIDE,0.0,0.0,0.0,31.67
L,200.0,1.6369685379066827,4.0,2443.54116,1396,1404,2024-11-05 16:00:00,2024-11-06 00:00:00,2443.54,2439.0,-0.186,-11.43,MFE,8,1.476,-0.718,9.1,SIDE,-0.3994126592604644,-0.7992278813277693,0.0,-11.829412659260464
L,200.0,1.5176826303582953,4.0,2635.59714,1428,1435,2024-11-07 00:00:00,2024-11-07 07:00:00,2635.6,2734.9,3.768,146.71,TP,7,4.19,-0.074,14.1,SIDE,0.0,-0.39980609134672235,0.0,146.71
L,200.0,1.3669360875482512,4.0,2926.252395,1471,1475,2024-11-08 19:00:00,2024-11-08 23:00:00,2926.25,2912.0,-0.487,-23.48,MFE,4,1.085,-0.615,2.0,MILD_UP,0.0,0.0,0.0,-23.48
S,200.0,1.24649241125526,4.0,3209.004695,1584,1586,2024-11-13 12:00:00,2024-11-13 14:00:00,3209.0,3145.43,1.981,75.24,TP,2,2.301,-0.76,4.0,UP,0.0,0.0,0.0,75.24
S,200.0,1.262990781779185,4.0,3167.085665,1618,1620,2024-11-14 22:00:00,2024-11-15 00:00:00,3167.09,3080.79,2.725,104.99,TP,2,3.472,-0.953,2.0,UP,0.3889064364793556,0.0,0.3889064364793556,105.37890643647935
S,200.0,1.2825199814448855,4.0,3118.8597900000004,1732,1747,2024-11-19 16:00:00,2024-11-20 07:00:00,3118.86,3096.08,0.73,25.22,MHx,15,1.682,-1.08,33.3,MILD_UP,0.6116803847729236,0.6116803847729236,1.4614652772191468,25.831680384772923
L,200.0,1.2692026372932943,4.0,3151.585005,1784,1785,2024-11-21 20:00:00,2024-11-21 21:00:00,3151.59,3286.41,4.278,167.12,TP,1,5.376,-0.097,6.1,DOWN,0.0,0.0,0.0,167.12
L,200.0,1.1753122747784899,4.0,3403.350825,1876,1879,2024-11-25 16:00:00,2024-11-25 19:00:00,3403.35,3502.82,2.923,112.9,TP,3,3.778,-0.133,22.2,MILD_UP,0.0,-0.9569243523403145,0.0,112.9
S,200.0,1.1781055527263187,4.0,3395.2815100000003,1900,1903,2024-11-26 16:00:00,2024-11-26 19:00:00,3395.28,3321.76,2.165,82.62,TP,3,2.306,-0.134,29.3,MILD_UP,0.0,0.0,0.49104696829689387,82.62
L,200.0,1.156169949276671,4.0,3459.6989849999995,1927,1934,2024-11-27 19:00:00,2024-11-28 02:00:00,3459.7,3561.28,2.936,113.44,MHx,7,3.419,-0.645,24.2,MILD_UP,-0.6454402046194201,-0.6454402046194201,-0.6454402046194201,112.79455979538058
S,200.0,1.1076639700693467,4.0,3611.203495,2070,2075,2024-12-03 18:00:00,2024-12-03 23:00:00,3611.2,3583.66,0.763,26.51,TP,5,3.024,-0.283,15.2,UP,0.0,0.0,0.0,26.51
L,200.0,1.0997356562653695,4.0,3637.23771,2083,2087,2024-12-04 07:00:00,2024-12-04 11:00:00,3637.24,3649.2,0.329,9.16,MFE,4,2.05,-0.641,11.1,MILD_UP,-0.7450676132819665,-0.7450676132819665,-0.7450676132819665,8.414932386718034
L,200.0,1.0722152045066953,4.0,3730.594365,2094,2100,2024-12-04 18:00:00,2024-12-05 00:00:00,3730.59,3822.48,2.463,94.52,MFE,6,3.42,-1.076,1.0,MILD_UP,-0.8136157584827111,-0.8136157584827111,0.0,93.70638424151728
L,200.0,1.0187702899086852,4.0,3926.30217,2118,2128,2024-12-05 18:00:00,2024-12-06 04:00:00,3926.3,3832.02,-2.401,-100.05,MH,10,0.858,-2.631,22.2,MILD_UP,-1.2356766804833057,-1.2356766804833057,-1.2356766804833057,-101.2856766804833
S,200.0,1.0438350627553508,4.0,3832.0230300000003,2128,2131,2024-12-06 04:00:00,2024-12-06 07:00:00,3832.02,3807.66,0.636,21.43,TP,3,5.663,-0.85,6.1,UP,0.0,0.0,0.0,21.43
S,200.0,1.088390504325617,4.0,3675.151505,2241,2244,2024-12-10 21:00:00,2024-12-11 00:00:00,3675.15,3569.86,2.865,110.59,TP,3,3.284,-1.56,6.1,MILD_UP,0.388194559119271,0.0,0.388194559119271,110.97819455911927
L,200.0,1.0879624790463185,4.0,3676.59738,2259,2268,2024-12-11 15:00:00,2024-12-12 00:00:00,3676.6,3784.86,2.945,113.78,TP,9,3.9,-0.718,24.2,MILD_UP,-0.8092732223760655,-0.8092732223760655,-0.3973423927098593,112.97072677762394
L,200.0,1.0305826217469505,4.0,3881.29968,2279,2281,2024-12-12 11:00:00,2024-12-12 13:00:00,3881.3,3905.79,0.631,21.24,MFE,2,1.709,-0.856,22.2,MILD_UP,0.0,0.0,0.0,21.24
L,200.0,1.1575558147043283,4.0,3455.5569149999997,2579,2581,2024-12-24 23:00:00,2024-12-25 01:00:00,3455.56,3476.52,0.607,20.27,MFE,2,1.788,-0.4,23.2,DOWN,-0.1114247425102346,-0.1114247425102346,-0.1114247425102346,20.158575257489765
L,200.0,1.144417886892225,4.0,3495.2267399999996,2598,2599,2024-12-25 18:00:00,2024-12-25 19:00:00,3495.23,3511.33,0.461,14.43,MFE,1,1.482,-0.141,17.2,DOWN,0.0,0.0,0.0,14.43
S,200.0,1.189202978801244,4.0,3363.59736,2621,2630,2024-12-26 17:00:00,2024-12-27 02:00:00,3363.6,3328.07,1.056,38.25,BE,9,1.556,-0.572,32.3,DOWN,0.2506133502088752,0.2506133502088752,0.2506133502088752,38.50061335020887
S,200.0,1.093398084914621,4.0,3658.3199250000002,2910,2915,2025-01-07 18:00:00,2025-01-07 23:00:00,3658.32,3569.73,2.421,92.86,TP,5,4.328,-0.18,6.1,MILD_UP,0.0,0.0,0.0,92.86
S,200.0,1.209941045017611,4.0,3305.9462000000003,2931,2942,2025-01-08 15:00:00,2025-01-09 02:00:00,3305.95,3263.74,1.277,47.07,TP,11,3.007,-2.388,23.2,MILD_UP,0.8106002340981834,0.8106002340981834,0.8106002340981834,47.88060023409818
L,200.0,1.2740561691964811,4.0,3139.579005,3070,3080,2025-01-14 10:00:00,2025-01-14 20:00:00,3139.58,3214.61,2.39,91.6,MFE,10,3.703,-0.294,22.2,DOWN,-0.30100527799904814,-0.30100527799904814,-0.30100527799904814,91.29899472200094
L,200.0,1.1738456794093337,4.0,3407.60295,3149,3156,2025-01-17 17:00:00,2025-01-18 00:00:00,3407.6,3418.73,0.327,9.06,MFE,7,1.244,-0.517,8.1,DOWN,-0.40150687156788617,-0.40150687156788617,0.0,8.658493128432115
S,200.0,1.2175609238188718,4.0,3285.25655,3268,3281,2025-01-22 16:00:00,2025-01-23 05:00:00,3285.26,3257.12,0.857,30.26,MHx,13,1.469,-1.414,18.2,MILD_UP,0.3990519400988638,0.3990519400988638,0.7992544752707365,30.659051940098866
L,200.0,1.248801644088575,4.0,3203.070735,3408,3420,2025-01-28 12:00:00,2025-01-29 00:00:00,3203.07,3178.56,-0.765,-34.61,MH,12,0.59,-1.523,6.1,DOWN,-0.395885907348186,-0.395885907348186,-0.1614150986353088,-35.00588590734819
L,200.0,1.2492581943881043,4.0,3201.90015,3456,3468,2025-01-30 12:00:00,2025-01-31 00:00:00,3201.9,3252.76,1.589,59.54,MHx,12,2.439,-0.778,23.2,DOWN,-0.6852689089083556,-0.6852689089083556,-0.3984770800001368,58.854731091091644
L,200.0,1.4473659248225186,4.0,2763.64113,3568,3571,2025-02-04 04:00:00,2025-02-04 07:00:00,2763.64,2866.43,3.719,144.77,TP,3,5.634,-2.534,10.1,DOWN,0.0,0.0,0.0,144.77
L,200.0,1.428581994976113,4.0,2799.9792899999998,3608,3611,2025-02-05 20:00:00,2025-02-05 23:00:00,2799.98,2784.37,-0.558,-26.3,MFE,3,1.0,-1.181,17.2,DOWN,0.0,0.0,0.0,-26.3
S,200.0,1.4569154321235758,4.0,2745.52655,3635,3636,2025-02-06 23:00:00,2025-02-07 00:00:00,2745.53,2705.6,1.454,54.17,TP,1,2.375,-0.511,20.2,DOWN,-0.30523590252660276,-0.30523590252660276,0.0,53.8647640974734
L,200.0,1.4410690146811125,4.0,2775.7171649999996,3658,3661,2025-02-07 22:00:00,2025-02-08 01:00:00,2775.72,2691.03,-3.051,-126.03,MH,3,0.735,-3.101,22.2,DOWN,0.046930332140003764,0.046930332140003764,0.046930332140003764,-125.98306966786
L,200.0,1.5125094104317913,4.0,2644.611645,3725,3731,2025-02-10 17:00:00,2025-02-10 23:00:00,2644.61,2648.16,0.134,1.36,MFE,6,1.552,-0.553,24.2,DOWN,0.0,0.0,0.0,1.36
S,200.0,1.520049301127028,4.0,2631.493595,3754,3763,2025-02-11 22:00:00,2025-02-12 07:00:00,2631.49,2586.18,1.722,64.88,TP,9,2.987,-1.702,19.2,DOWN,-0.05000225159202792,-0.05000225159202792,-0.05000225159202792,64.82999774840796
L,200.0,1.4569974487974673,4.0,2745.372,3787,3796,2025-02-13 07:00:00,2025-02-13 16:00:00,2745.37,2678.79,-2.425,-101.01,MH,9,0.406,-2.727,21.2,DOWN,-0.7709508873682693,-0.7709508873682693,-0.38045577211394305,-101.78095088736828
S,200.0,1.5075153503221645,4.0,2653.37265,3800,3816,2025-02-13 20:00:00,2025-02-14 12:00:00,2653.37,2715.36,-2.336,-97.44,MH,16,1.607,-2.537,0.0,DOWN,0.05061714007408511,0.05061714007408511,0.05061714007408511,-97.38938285992592
S,200.0,1.4760722915630242,4.0,2709.8943750000003,3972,3983,2025-02-21 00:00:00,2025-02-21 11:00:00,2709.89,2736.55,-0.984,-43.34,MH,11,0.157,-2.128,31.3,MILD_UP,0.14438309434108476,0.14438309434108476,0.40068100484543784,-43.195616905658916
S,200.0,1.6455934540184833,4.0,2430.7340249999997,4113,4115,2025-02-26 21:00:00,2025-02-26 23:00:00,2430.73,2435.95,-0.214,-12.58,TP,2,2.569,-0.34,3.0,DOWN,0.0,0.0,0.0,-12.58
S,200.0,1.7343449622969664,4.0,2306.34625,4139,4145,2025-02-27 23:00:00,2025-02-28 05:00:00,2306.35,2256.23,2.173,82.92,TP,6,2.913,-1.327,14.1,DOWN,0.20249575343721837,0.20249575343721837,0.20249575343721837,83.12249575343722
S,200.0,1.8982393149360612,4.0,2107.215865,4240,4246,2025-03-04 04:00:00,2025-03-04 10:00:00,2107.22,2056.68,2.398,91.93,TP,6,3.957,-3.108,26.3,DOWN,-0.17567316028156418,-0.17567316028156418,-0.17567316028156418,91.75432683971844
L,200.0,1.8259047312295626,4.0,2190.6947999999998,4275,4278,2025-03-05 15:00:00,2025-03-05 18:00:00,2190.69,2236.91,2.11,80.39,MFE,3,3.246,-0.157,1.0,DOWN,-0.28796680417317144,-0.28796680417317144,-0.28796680417317144,80.10203319582683
L,200.0,1.9274905985441375,4.0,2075.2371,4396,4398,2025-03-10 16:00:00,2025-03-10 18:00:00,2075.24,2099.93,1.19,43.59,MFE,2,3.747,-1.373,19.2,DOWN,0.0,-0.1029584810695173,0.0,43.59
L,200.0,2.0864542287481016,4.0,1917.128085,4422,4426,2025-03-11 18:00:00,2025-03-11 22:00:00,1917.13,1901.54,-0.813,-36.53,MFE,4,2.746,-2.721,10.1,DOWN,0.0,0.0,0.0,-36.53
L,200.0,2.1099746146052905,4.0,1895.7574049999998,4490,4500,2025-03-14 14:00:00,2025-03-15 00:00:00,1895.76,1920.24,1.291,47.66,MFE,10,2.429,-1.2,23.2,DOWN,-0.5311010523522128,-0.5311010523522128,-0.30665211680921806,47.128898947647784
S,200.0,2.10910255152873,4.0,1896.541255,4587,4598,2025-03-18 15:00:00,2025-03-19 02:00:00,1896.54,1876.75,1.044,37.75,MHx,11,1.339,-0.831,24.2,DOWN,0.22270644070171391,0.22270644070171391,0.22270644070171391,37.972706440701714
L,200.0,2.026479562619242,4.0,1973.86644,4615,4617,2025-03-19 19:00:00,2025-03-19 21:00:00,1973.87,2002.11,1.431,53.23,MFE,2,2.982,-0.059,20.2,DOWN,0.0,0.0,0.0,53.23
S,200.0,1.98501123475418,4.0,2015.1019450000001,4634,4639,2025-03-20 14:00:00,2025-03-20 19:00:00,2015.1,1982.7,1.608,60.32,TP,5,2.223,-0.321,26.3,DOWN,0.06185390109382281,0.06185390109382281,0.06185390109382281,60.38185390109382
S,200.0,1.974239681369166,4.0,2026.096445,4786,4792,2025-03-26 22:00:00,2025-03-27 04:00:00,2026.1,1999.9,1.293,47.72,TP,6,2.255,-0.532,10.1,MILD_UP,-0.08877281358606501,-0.08877281358606501,-0.08877281358606501,47.63122718641393
S,200.0,2.001981471170999,4.0,1998.02049,4824,4825,2025-03-28 12:00:00,2025-03-28 13:00:00,1998.02,1937.28,3.04,117.61,TP,1,5.071,-0.293,25.3,MILD_UP,0.0,0.0,0.0,117.61
L,200.0,2.153167276766615,4.0,1857.7284,4923,4927,2025-04-01 15:00:00,2025-04-01 19:00:00,1857.73,1871.55,0.744,25.77,MFE,4,1.814,-0.337,4.0,DOWN,-0.11481147151888792,-0.11481147151888792,-0.11481147151888792,25.655188528481112
S,200.0,2.1573199002200716,4.0,1854.15246,4946,4956,2025-04-02 14:00:00,2025-04-03 00:00:00,1854.15,1901.04,-2.529,-105.15,MH,10,0.187,-3.443,24.2,DOWN,0.17289478460686994,-0.0018098607705657602,0.17289478460686994,-104.97710521539314
S,200.0,2.2327735596049125,4.0,1791.4938050000003,4975,4977,2025-04-03 19:00:00,2025-04-03 21:00:00,1791.49,1759.45,1.789,67.55,TP,2,2.457,-0.576,4.0,DOWN,0.0,0.0,0.0,67.55
L,200.0,2.2004760906060112,4.0,1817.78844,4996,5000,2025-04-04 16:00:00,2025-04-04 20:00:00,1817.79,1782.27,-1.954,-82.16,MH,4,0.93,-3.315,10.1,DOWN,0.0,0.0,0.08367770035989446,-82.16
L,200.0,2.546140667868356,4.0,1571.0051099999998,5081,5087,2025-04-08 05:00:00,2025-04-08 11:00:00,1571.01,1588.16,1.092,39.67,MFE,6,2.991,-1.961,15.2,DOWN,0.017312960108703913,0.017312960108703913,0.017312960108703913,39.687312960108706
S,200.0,2.615105793810689,4.0,1529.57483,5099,5101,2025-04-08 23:00:00,2025-04-09 01:00:00,1529.57,1486.74,2.8,108.01,TP,2,3.16,-0.582,26.3,DOWN,-0.05720914772113503,-0.05720914772113503,-0.05720914772113503,107.95279085227887
L,200.0,2.691477215015349,4.0,1486.172715,5119,5123,2025-04-09 19:00:00,2025-04-09 23:00:00,1486.17,1469.61,-1.114,-48.57,BE,4,1.0,-3.172,23.2,DOWN,0.0,0.0,0.0,-48.57
S,200.0,2.5138197239323175,4.0,1591.2040000000002,5141,5146,2025-04-10 17:00:00,2025-04-10 22:00:00,1591.2,1569.02,1.394,51.76,TP,5,2.275,-2.288,17.2,DOWN,0.0,0.0,0.0,51.76
L,200.0,2.5760481700914633,4.0,1552.765995,5164,5165,2025-04-11 16:00:00,2025-04-11 17:00:00,1552.77,1550.01,-0.177,-11.09,MFE,1,1.259,-1.049,6.1,DOWN,0.0,0.0,0.23416291854072965,-11.09
S,200.0,2.4710268778134012,4.0,1618.760215,5267,5273,2025-04-15 23:00:00,2025-04-16 05:00:00,1618.76,1595.19,1.456,54.25,TP,6,2.054,-0.754,33.3,DOWN,0.013411173439297803,0.013411173439297803,0.013411173439297803,54.263411173439295
S,200.0,2.250337944500815,4.0,1777.5108000000002,5471,5477,2025-04-24 11:00:00,2025-04-24 17:00:00,1777.51,1734.67,2.41,92.41,TP,6,3.167,-0.728,0.0,MILD_UP,0.28559724509128154,0.28559724509128154,0.28559724509128154,92.69559724509128
S,200.0,2.2950016920043415,4.0,1742.918105,5495,5506,2025-04-25 11:00:00,2025-04-25 22:00:00,1742.92,1768.99,-1.496,-63.84,MH,11,0.225,-3.39,32.3,MILD_UP,0.3192105842039744,0.3192105842039744,0.3192105842039744,-63.52078941579603
S,200.0,2.2555633837388966,4.0,1773.3928600000002,5625,5626,2025-04-30 21:00:00,2025-04-30 22:00:00,1773.39,1741.01,1.826,69.04,TP,1,2.244,-0.1,5.1,UP,0.0,0.0,0.0,69.04
S,200.0,2.185619805194942,4.0,1830.14447,5666,5676,2025-05-02 14:00:00,2025-05-03 00:00:00,1830.14,1841.13,-0.6,-28.01,MH,10,0.991,-1.281,17.2,MILD_UP,-0.2536433164668057,-0.2536433164668057,-0.22999170897143634,-28.26364331646681
L,200.0,2.169054361708035,4.0,1844.1216,5790,5797,2025-05-07 18:00:00,2025-05-08 01:00:00,1844.12,1809.98,-1.851,-78.05,MH,7,0.129,-2.464,2.0,SIDE,0.025534998125937035,0.025534998125937035,0.025534998125937035,-78.02446500187406
S,200.0,1.5530834638565707,4.0,2575.521595,5974,5980,2025-05-15 10:00:00,2025-05-15 16:00:00,2575.52,2530.86,1.734,65.36,TP,6,2.396,-0.844,20.2,UP,0.39288507693526054,0.0,0.39288507693526054,65.75288507693526
S,200.0,1.6115072543983224,4.0,2482.148305,6105,6116,2025-05-20 21:00:00,2025-05-21 08:00:00,2482.15,2524.35,-1.7,-72.01,MH,11,1.763,-2.35,24.2,MILD_UP,0.19588202067563404,0.04694584274649133,0.19588202067563404,-71.81411797932437
S,200.0,1.5195702527681272,4.0,2632.32318,6286,6300,2025-05-28 10:00:00,2025-05-29 00:00:00,2632.32,2627.48,0.184,3.35,BE,14,1.0,-2.158,29.3,MILD_UP,0.7994990949401586,0.4004614661335012,0.7994990949401586,4.1494990949401585
S,200.0,1.5144982328967136,4.0,2641.13877,6324,6333,2025-05-30 00:00:00,2025-05-30 09:00:00,2641.14,2573.53,2.56,98.4,TP,9,3.224,-1.201,27.3,MILD_UP,0.29788338792709207,0.29788338792709207,0.6308886309647382,98.69788338792709
L,200.0,1.512881436555963,4.0,2643.96132,6462,6467,2025-06-04 18:00:00,2025-06-04 23:00:00,2643.96,2637.99,-0.226,-13.03,MH,5,0.205,-1.92,14.1,SIDE,0.0,0.0,0.0,-13.03
L,200.0,1.5978326550473796,4.0,2503.3910699999997,6514,6516,2025-06-06 22:00:00,2025-06-07 00:00:00,2503.39,2507.04,0.146,1.82,MFE,2,1.05,-0.409,8.1,SIDE,-0.10758139184611344,-0.10758139184611344,0.0,1.7124186081538866
L,200.0,1.4417653866405038,4.0,2774.3764949999995,6608,6611,2025-06-10 20:00:00,2025-06-10 23:00:00,2774.38,2733.77,-1.464,-62.54,MH,3,0.149,-2.068,21.2,SIDE,0.0,0.0,0.0,-62.54
S,200.0,1.4516466139136954,4.0,2755.4915650000003,6647,6662,2025-06-12 11:00:00,2025-06-13 02:00:00,2755.49,2762.24,-0.245,-13.8,BE,15,1.623,-0.756,34.3,MILD_UP,0.6081866685010157,0.6081866685010157,0.6081866685010157,-13.191813331498984
L,200.0,1.5676836869575062,4.0,2551.53513,6684,6685,2025-06-14 00:00:00,2025-06-14 01:00:00,2551.54,2559.35,0.306,8.25,MFE,1,1.312,-0.335,17.2,MILD_UP,0.0,-0.08327836081959021,0.0,8.25
L,200.0,1.5756600388201274,4.0,2538.6186749999997,6822,6830,2025-06-19 18:00:00,2025-06-20 02:00:00,2538.62,2506.19,-1.278,-55.1,MH,8,0.212,-2.168,1.0,SIDE,-0.19172472005863583,-0.19172472005863583,-0.19172472005863583,-55.29172472005864
L,200.0,1.6304396229763265,4.0,2453.3260499999997,7135,7141,2025-07-02 19:00:00,2025-07-03 01:00:00,2453.33,2558.5,4.287,167.48,TP,6,4.472,-0.934,2.0,MILD_UP,-0.21328247108536627,-0.21328247108536627,-0.21328247108536627,167.26671752891463
S,200.0,1.5585694036390951,4.0,2566.45613,7178,7187,2025-07-04 14:00:00,2025-07-04 23:00:00,2566.46,2516.63,1.942,73.66,TP,9,2.807,-0.099,4.0,MILD_UP,0.2613952642938806,0.2613952642938806,0.2613952642938806,73.92139526429388
L,200.0,1.5672350732461713,4.0,2552.2654949999996,7274,7283,2025-07-08 14:00:00,2025-07-08 23:00:00,2552.27,2561.64,0.367,10.69,MFE,9,1.87,-0.402,13.1,MILD_UP,-0.11147578724169323,-0.11147578724169323,-0.11147578724169323,10.578524212758307
L,200.0,1.5035731476119782,4.0,2660.3295,7305,7311,2025-07-09 21:00:00,2025-07-10 03:00:00,2660.33,2715.53,2.075,79.0,BE,6,2.384,-1.215,9.1,MILD_UP,-0.2502554243750634,-0.2502554243750634,-0.2502554243750634,78.74974457562493
L,200.0,1.4369978324630057,4.0,2783.581095,7319,7324,2025-07-10 11:00:00,2025-07-10 16:00:00,2783.58,2788.15,0.164,2.56,MFE,5,1.388,-0.688,8.1,MILD_UP,-0.1125691834569957,-0.1125691834569957,0.0,2.4474308165430045
L,200.0,1.3309367820167948,4.0,3005.40195,7346,7350,2025-07-11 14:00:00,2025-07-11 18:00:00,3005.4,3013.35,0.265,6.58,MFE,4,1.183,-1.494,7.1,MILD_UP,-0.39506861968995527,-0.39506861968995527,-0.39506861968995527,6.1849313803100445
S,200.0,1.344925612559441,4.0,2974.142185,7438,7448,2025-07-15 10:00:00,2025-07-15 20:00:00,2974.14,2981.66,-0.253,-14.11,MH,10,1.451,-0.679,26.3,UP,0.40029693469412925,0.40029693469412925,0.40029693469412925,-13.70970306530587
S,200.0,1.0969074455110266,4.0,3646.61578,7618,7628,2025-07-22 22:00:00,2025-07-23 08:00:00,3646.62,3747.88,-2.777,-115.08,MH,10,0.565,-2.879,28.3,UP,0.8187244560577205,0.4078068725803627,0.8187244560577205,-114.26127554394228
S,200.0,1.0941783276465191,4.0,3655.7112300000003,7638,7642,2025-07-23 18:00:00,2025-07-23 22:00:00,3655.71,3588.44,1.84,69.6,TP,4,2.071,-0.665,15.2,UP,0.0,0.0,0.0,69.6
S,200.0,1.107323774667208,4.0,3612.3129400000003,7679,7686,2025-07-25 11:00:00,2025-07-25 18:00:00,3612.31,3727.8,-3.197,-131.88,MH,7,1.168,-3.352,9.1,UP,0.4021431339533944,0.4021431339533944,0.4021431339533944,-131.4778568660466
L,200.0,1.0444835449470704,4.0,3829.643865,7779,7783,2025-07-29 15:00:00,2025-07-29 19:00:00,3829.64,3826.81,-0.074,-6.96,MFE,4,1.457,-0.173,15.2,MILD_UP,-0.4048971796493667,-0.4048971796493667,-0.4048971796493667,-7.3648971796493665
S,200.0,1.06532245841337,4.0,3754.7316950000004,7808,7816,2025-07-30 20:00:00,2025-07-31 04:00:00,3754.73,3760.58,-0.156,-10.23,TP,8,2.257,-2.03,30.3,MILD_UP,0.06227310897110587,0.06227310897110587,0.06227310897110587,-10.167726891028895
L,200.0,1.0354859762652198,4.0,3862.9204949999994,7823,7834,2025-07-31 11:00:00,2025-07-31 22:00:00,3862.92,3803.42,-1.54,-65.61,MH,11,0.39,-2.04,4.0,MILD_UP,-0.399936459807465,-0.399936459807465,-0.399936459807465,-66.00993645980746
S,200.0,1.1080473233272006,4.0,3609.9541200000003,7948,7957,2025-08-05 16:00:00,2025-08-06 01:00:00,3609.95,3577.95,0.887,31.46,MHx,9,1.522,-2.281,30.3,DOWN,0.05418657405159598,0.05418657405159598,0.1788885799596378,31.514186574051596
L,200.0,1.0992004815531358,4.0,3639.008595,7970,7979,2025-08-06 14:00:00,2025-08-06 23:00:00,3639.01,3633.17,-0.16,-10.42,MH,9,0.247,-1.868,13.1,DOWN,-0.3279451446308002,-0.3279451446308002,-0.3279451446308002,-10.7479451446308
L,200.0,1.080248851526682,4.0,3702.8505,7996,8001,2025-08-07 16:00:00,2025-08-07 21:00:00,3702.85,3846.55,3.881,151.23,MHx,5,3.974,-0.053,17.2,DOWN,0.0,-0.17131434282858568,0.0,151.23
L,200.0,0.9997626875805525,4.0,4000.9494749999994,8026,8029,2025-08-08 22:00:00,2025-08-09 01:00:00,4000.95,3967.83,-0.828,-37.12,MH,3,0.101,-1.898,5.1,DOWN,-0.39520675513154296,-0.39520675513154296,-0.39520675513154296,-37.51520675513154
S,200.0,0.8500806111785467,4.0,4705.436105,8167,8169,2025-08-14 19:00:00,2025-08-14 21:00:00,4705.44,4570.77,2.862,110.47,TP,2,4.451,-0.671,19.2,UP,0.0,0.0,0.0,110.47
S,200.0,0.8909669951578449,4.0,4489.504125,8195,8196,2025-08-15 23:00:00,2025-08-16 00:00:00,4489.5,4430.93,1.305,48.18,TP,1,2.16,-0.201,6.1,UP,0.2554598032526033,0.0,0.2554598032526033,48.435459803252606
L,200.0,0.9436035354441874,4.0,4239.068475,8309,8315,2025-08-20 17:00:00,2025-08-20 23:00:00,4239.07,4209.56,-0.696,-31.84,MH,6,0.0,-3.178,5.1,MILD_UP,0.0,0.0,0.0,-31.84
L,200.0,0.9238101728851501,4.0,4329.893864999999,8357,8362,2025-08-22 17:00:00,2025-08-22 22:00:00,4329.89,4286.24,-1.008,-44.33,MH,5,0.022,-2.861,22.2,DOWN,0.0,0.0,0.0,-44.33
L,200.0,0.8675181997591976,4.0,4610.854275,8503,8509,2025-08-28 19:00:00,2025-08-29 01:00:00,4610.85,4460.91,-3.252,-134.08,MH,6,0.045,-3.358,6.1,MILD_UP,-0.08494609056984348,-0.08494609056984348,-0.08494609056984348,-134.16494609056986
L,200.0,0.9190975924845171,4.0,4352.094959999999,8646,8653,2025-09-03 18:00:00,2025-09-04 01:00:00,4352.09,4462.03,2.526,97.04,MHx,7,3.037,-0.288,9.1,DOWN,-0.13060715733824357,-0.13060715733824357,-0.13060715733824357,96.90939284266176
S,200.0,0.9152012094054508,4.0,4370.623595000001,8666,8677,2025-09-04 14:00:00,2025-09-05 01:00:00,4370.62,4296.79,1.689,63.58,MHx,11,1.997,-1.404,26.3,DOWN,-0.1799693234878278,-0.1799693234878278,-0.1799693234878278,63.40003067651217
L,200.0,0.9055494902605323,4.0,4417.2074999999995,8692,8698,2025-09-05 16:00:00,2025-09-05 22:00:00,4417.21,4439.01,0.494,15.74,MFE,6,1.749,-1.057,23.2,DOWN,0.0,0.0,0.13818207294756754,15.74
L,200.0,0.9233237335480172,4.0,4332.175005,8813,8819,2025-09-10 17:00:00,2025-09-10 23:00:00,4332.18,4397.22,1.501,56.06,MFE,6,2.802,-0.614,21.2,DOWN,0.0,0.0,0.0,56.06
L,200.0,0.9050861845352661,4.0,4419.46863,8834,8841,2025-09-11 14:00:00,2025-09-11 21:00:00,4419.47,4422.24,0.063,-1.49,MFE,7,1.447,-2.05,14.1,SIDE,-0.4017677573152047,-0.4017677573152047,-0.4017677573152047,-1.8917677573152047
L,200.0,0.8981486638975442,4.0,4453.605689999999,8851,8854,2025-09-12 07:00:00,2025-09-12 10:00:00,4453.61,4494.32,0.914,32.57,MFE,3,1.908,-0.118,0.0,SIDE,-0.1944645078642723,-0.1944645078642723,-0.1944645078642723,32.375535492135725
S,200.0,0.8950039026141734,4.0,4469.254255,8962,8967,2025-09-16 22:00:00,2025-09-17 03:00:00,4469.25,4474.57,-0.119,-8.75,MH,5,1.079,-0.884,29.3,MILD_UP,0.08141574849829168,0.08141574849829168,0.08141574849829168,-8.668584251501708
L,200.0,0.8829039537436731,4.0,4530.50412,8975,8981,2025-09-17 11:00:00,2025-09-17 17:00:00,4530.5,4507.03,-0.518,-24.73,BE,6,0.521,-1.526,16.2,MILD_UP,-0.21487612358688246,-0.21487612358688246,-0.21487612358688246,-24.944876123586884
S,200.0,0.8800519411936004,4.0,4545.18627,9024,9036,2025-09-19 12:00:00,2025-09-20 00:00:00,4545.19,4474.53,1.555,58.18,TP,12,2.264,-0.261,16.2,MILD_UP,-0.20627348594891853,-0.20627348594891853,-0.036093702517586104,57.97372651405108
L,200.0,0.9537739426304997,4.0,4193.865885,9155,9165,2025-09-24 23:00:00,2025-09-25 09:00:00,4193.87,4124.67,-1.65,-70.0,MH,10,0.05,-1.761,22.2,DOWN,0.4841265942015599,0.4841265942015599,0.4841265942015599,-69.51587340579844
S,200.0,0.9659925801795967,4.0,4140.818555000001,9162,9168,2025-09-25 06:00:00,2025-09-25 12:00:00,4140.82,4061.79,1.909,72.34,TP,6,2.918,-0.506,26.3,DOWN,-0.3448855606867229,-0.3448855606867229,-0.3448855606867229,71.99511443931328
L,200.0,0.9319371372661126,4.0,4292.134994999999,9317,9323,2025-10-01 17:00:00,2025-10-01 23:00:00,4292.13,4319.42,0.636,21.43,BE,6,1.068,-0.371,9.1,DOWN,0.0,0.0,0.0,21.43
L,200.0,0.9226887206063827,4.0,4335.156494999999,9329,9338,2025-10-02 05:00:00,2025-10-02 14:00:00,4335.16,4379.66,1.027,37.06,MHx,9,1.443,-1.167,11.1,DOWN,-0.059629600245838424,-0.059629600245838424,-0.059629600245838424,37.00037039975416
L,200.0,0.9078504748161819,4.0,4406.011905,9345,9350,2025-10-02 21:00:00,2025-10-03 02:00:00,4406.01,4461.94,1.269,46.77,MHx,5,1.606,-1.675,16.2,DOWN,-0.1503300160146801,-0.1503300160146801,-0.1503300160146801,46.619669983985325
L,200.0,0.8868680123115018,4.0,4510.254,9359,9360,2025-10-03 11:00:00,2025-10-03 12:00:00,4510.25,4496.71,-0.3,-16.01,MFE,1,1.081,-0.504,1.0,SIDE,0.0,0.0,0.0,-16.01
S,200.0,0.8574222065226311,4.0,4665.1462599999995,9459,9466,2025-10-07 15:00:00,2025-10-07 22:00:00,4665.15,4704.35,-0.84,-37.62,MH,7,0.625,-1.905,20.2,UP,0.40100178981312373,0.40100178981312373,0.40100178981312373,-37.218998210186875
S,200.0,0.9009802267309307,4.0,4439.609085,9480,9493,2025-10-08 12:00:00,2025-10-09 01:00:00,4439.61,4496.8,-1.288,-55.53,MH,13,0.696,-1.856,27.3,UP,0.29319193812870253,0.29319193812870253,0.29319193812870253,-55.2368080618713
S,200.0,0.9073268553492481,4.0,4408.554620000001,9503,9509,2025-10-09 11:00:00,2025-10-09 17:00:00,4408.55,4328.42,1.818,68.71,TP,6,2.086,-1.14,25.3,UP,-0.009072553398465095,-0.009072553398465095,-0.009072553398465095,68.70092744660153
S,200.0,0.9355475243764187,4.0,4275.571145,9539,9540,2025-10-10 23:00:00,2025-10-11 00:00:00,4275.57,4102.53,4.047,157.89,TP,1,4.868,-0.136,15.2,MILD_UP,-0.19744890068950074,-0.19744890068950074,0.0,157.6925510993105
S,200.0,0.9836454847439745,4.0,4066.5057300000003,9626,9627,2025-10-14 14:00:00,2025-10-14 15:00:00,4066.51,4003.62,1.546,57.86,TP,1,2.511,-0.585,29.3,DOWN,0.0,0.0,0.0,57.86
L,200.0,0.989609106852076,4.0,4041.99999,9675,9681,2025-10-16 15:00:00,2025-10-16 21:00:00,4042.0,4050.5,0.21,4.42,MFE,6,1.171,-2.59,17.2,DOWN,-0.030307639551143593,-0.030307639551143593,-0.030307639551143593,4.389692360448857
S,200.0,1.0479871687071032,4.0,3816.8406250000003,9699,9701,2025-10-17 15:00:00,2025-10-17 17:00:00,3816.84,3709.22,2.82,108.78,TP,2,2.988,-0.166,5.1,DOWN,0.22155535540381333,0.22155535540381333,0.22155535540381333,109.00155535540381
L,200.0,0.9948889396398319,4.0,4020.5492699999995,9763,9767,2025-10-20 07:00:00,2025-10-20 11:00:00,4020.55,3952.84,-1.684,-71.36,MH,4,0.0,-2.827,16.2,DOWN,-0.0982602983992917,-0.0982602983992917,-0.0982602983992917,-71.4582602983993
S,200.0,1.0205515364372126,4.0,3919.449295,9792,9794,2025-10-21 12:00:00,2025-10-21 14:00:00,3919.45,3863.97,1.415,52.62,TP,2,2.073,-0.05,33.3,DOWN,0.0,0.0,0.0,52.62
S,200.0,1.0433751431968803,4.0,3833.7121850000003,9822,9832,2025-10-22 18:00:00,2025-10-23 04:00:00,3833.71,3804.42,0.764,26.56,MHx,10,1.792,-1.092,21.2,DOWN,0.09582994024367533,0.09582994024367533,0.09582994024367533,26.655829940243674
L,200.0,1.0278218818288567,4.0,3891.72489,9843,9851,2025-10-23 15:00:00,2025-10-23 23:00:00,3891.72,3844.2,-1.221,-52.85,MH,8,0.353,-2.177,0.0,SIDE,-0.16641084058501948,-0.16641084058501948,-0.16641084058501948,-53.016410840585024
S,200.0,0.9775235588737353,4.0,4091.97299,9959,9971,2025-10-28 11:00:00,2025-10-28 23:00:00,4091.97,4119.35,-0.669,-30.76,MH,12,0.677,-2.007,23.2,MILD_UP,0.18567047860097285,0.18567047860097285,0.18567047860097285,-30.57432952139903
L,200.0,0.9617329951553134,4.0,4159.158539999999,9970,9973,2025-10-28 22:00:00,2025-10-29 01:00:00,4159.16,4130.85,-0.681,-31.22,MH,3,0.359,-2.24,22.2,MILD_UP,-0.07073785266189926,-0.07073785266189926,-0.07073785266189926,-31.2907378526619
S,200.0,1.0131058192814721,4.0,3948.2548850000003,9996,9999,2025-10-30 00:00:00,2025-10-30 03:00:00,3948.25,3917.25,0.785,27.41,TP,3,2.843,-1.744,14.1,MILD_UP,0.0,0.0,0.1566783391695848,27.41
S,200.0,1.0488358502854682,4.0,3813.75217,10017,10022,2025-10-30 21:00:00,2025-10-31 02:00:00,3813.75,3771.54,1.107,40.27,TP,5,2.301,-0.557,12.1,MILD_UP,-0.2529478218603357,-0.2529478218603357,-0.2529478218603357,40.017052178139664
L,200.0,1.0325015816794934,4.0,3874.0860749999997,10040,10046,2025-10-31 20:00:00,2025-11-01 02:00:00,3874.09,3824.77,-1.273,-54.92,MH,6,0.334,-1.844,22.2,SIDE,0.0511207412974536,0.0511207412974536,0.0511207412974536,-54.86887925870255
L,200.0,1.1957353709381495,4.0,3345.221775,10161,10169,2025-11-05 21:00:00,2025-11-06 05:00:00,3345.22,3447.8,3.066,118.65,MFE,8,3.999,-0.829,7.1,DOWN,-0.17612990504941933,-0.17612990504941933,-0.17612990504941933,118.47387009495058
S,200.0,1.182785189623959,4.0,3381.84823,10179,10188,2025-11-06 15:00:00,2025-11-07 00:00:00,3381.85,3301.66,2.371,90.85,TP,9,3.154,-0.96,21.2,DOWN,0.2020432951244533,0.19927202942516437,0.2020432951244533,91.05204329512445
S,200.0,1.2127863776729326,4.0,3298.1900800000003,10206,10208,2025-11-07 18:00:00,2025-11-07 20:00:00,3298.19,3260.25,1.15,42.01,TP,2,2.248,-0.328,23.2,DOWN,0.0,0.0,0.0,42.01
S,200.0,1.1333934676960993,4.0,3529.224505,10306,10310,2025-11-11 22:00:00,2025-11-12 02:00:00,3529.22,3473.24,1.586,59.46,TP,4,2.442,-0.483,29.3,DOWN,0.11149029999155578,0.11149029999155578,0.11149029999155578,59.57149029999156
L,200.0,1.1481678999848508,4.0,3483.811035,10326,10331,2025-11-12 18:00:00,2025-11-12 23:00:00,3483.81,3499.19,0.441,13.66,MFE,5,2.969,-0.165,19.2,DOWN,0.0,0.0,0.0,13.66
S,200.0,1.182093445172455,4.0,3383.82724,10356,10358,2025-11-14 00:00:00,2025-11-14 02:00:00,3383.83,3256.03,3.777,147.07,TP,2,3.896,-0.418,33.3,DOWN,0.0,0.0,0.09290184481930454,147.07
L,200.0,1.2550189758006316,4.0,3187.202805,10442,10449,2025-11-17 14:00:00,2025-11-17 21:00:00,3187.2,3181.09,-0.192,-11.67,MFE,7,1.13,-0.548,21.2,DOWN,-0.40126596211376014,-0.40126596211376014,-0.40126596211376014,-12.07126596211376
L,200.0,1.3046177188775494,4.0,3066.0322499999997,10471,10478,2025-11-18 19:00:00,2025-11-19 02:00:00,3066.03,3132.72,2.175,83.01,MFE,7,3.322,-1.501,22.2,DOWN,-0.24015332435497147,-0.24015332435497147,-0.24015332435497147,82.76984667564503
S,200.0,1.3267826359604584,4.0,3014.8118400000003,10490,10501,2025-11-19 14:00:00,2025-11-20 01:00:00,3014.81,2950.34,2.138,81.53,TP,11,2.646,-3.256,19.2,DOWN,0.4016009079202639,0.4016009079202639,0.4016009079202639,81.93160090792027
S,200.0,1.3545305007903965,4.0,2953.052735,10524,10525,2025-11-21 00:00:00,2025-11-21 01:00:00,2953.05,2862.64,3.062,118.47,TP,1,3.625,-0.239,22.2,DOWN,0.0,0.0,0.27165490845865303,118.47
S,200.0,1.3943331279463205,4.0,2868.7549050000002,10637,10646,2025-11-25 17:00:00,2025-11-26 02:00:00,2868.75,2936.32,-2.355,-98.2,MH,9,0.479,-2.936,18.2,DOWN,0.02243710785045263,0.02243710785045263,0.02243710785045263,-98.17756289214955
S,200.0,1.3772268949770976,4.0,2904.3870800000004,10662,10670,2025-11-26 18:00:00,2025-11-27 02:00:00,2904.39,3025.26,-4.162,-170.47,SN,8,0.596,-4.439,28.3,DOWN,0.07601776320602609,0.07601776320602609,0.07601776320602609,-170.39398223679396
L,200.0,1.3178412853729708,4.0,3035.266875,10677,10679,2025-11-27 09:00:00,2025-11-27 11:00:00,3035.27,3034.23,-0.034,-5.36,MFE,2,1.144,-0.297,13.1,DOWN,0.0,0.0,0.0,-5.36
S,200.0,1.3383544466331299,4.0,2988.7448799999997,10689,10708,2025-11-27 21:00:00,2025-11-28 16:00:00,2988.74,3001.64,-0.431,-21.26,MH,19,0.165,-1.832,15.2,DOWN,0.13987564001554204,0.033949070185332914,0.13987564001554204,-21.12012435998446
L,200.0,1.4219058083664982,4.0,2813.1258599999996,10803,10812,2025-12-02 15:00:00,2025-12-03 00:00:00,2813.13,3004.05,6.787,267.47,TP,9,7.569,-1.156,23.2,MILD_UP,-0.39861279262639693,-0.39861279262639693,-0.22138622729952598,267.0713872073736
L,200.0,1.3197074724539193,4.0,3030.97473,10823,10828,2025-12-03 11:00:00,2025-12-03 16:00:00,3030.97,3054.88,0.789,27.55,MFE,5,1.761,-0.373,12.1,MILD_UP,-0.04465144188120632,-0.04465144188120632,0.0,27.505348558118794
S,200.0,1.2627038643083528,4.0,3167.805305,10858,10864,2025-12-04 22:00:00,2025-12-05 04:00:00,3167.81,3119.22,1.534,57.35,TP,6,3.251,-1.889,0.0,MILD_UP,0.3898485497359188,0.3898485497359188,0.3898485497359188,57.73984854973592
S,200.0,1.291826504225469,4.0,3096.3910300000002,10882,10885,2025-12-05 22:00:00,2025-12-06 01:00:00,3096.39,3033.21,2.041,77.62,TP,3,3.212,-1.957,34.3,MILD_UP,0.19592657419956108,0.19592657419956108,0.19592657419956108,77.81592657419957
L,200.0,1.2723329703780877,4.0,3143.83113,10949,10952,2025-12-08 17:00:00,2025-12-08 20:00:00,3143.83,3139.04,-0.152,-10.1,MFE,3,1.15,-0.346,8.1,MILD_UP,0.0,0.0,0.0,-10.1
S,200.0,1.267193872539786,4.0,3156.58092,11027,11037,2025-12-11 23:00:00,2025-12-12 09:00:00,3156.58,3189.2,-1.033,-45.34,MH,10,0.105,-3.67,0.0,MILD_UP,0.09518792406875577,0.09518792406875577,0.09518792406875577,-45.24481207593125
S,200.0,1.3035833877850977,4.0,3068.465,11052,11058,2025-12-13 00:00:00,2025-12-13 06:00:00,3068.46,3081.54,-0.426,-21.04,MH,6,0.892,-0.972,11.1,MILD_UP,0.0,-0.00945119540514283,0.0,-21.04
L,200.0,1.4022513878708616,4.0,2852.555565,11190,11194,2025-12-18 18:00:00,2025-12-18 22:00:00,2852.56,2961.39,3.815,148.61,TP,4,4.456,-0.16,1.0,DOWN,0.0,0.0,0.0,148.61
L,200.0,1.353442339748557,4.0,2955.426975,11214,11220,2025-12-19 18:00:00,2025-12-20 00:00:00,2955.43,2962.0,0.222,4.89,MFE,6,2.117,-0.472,20.2,DOWN,-0.36884904472108315,-0.36884904472108315,0.0,4.521150955278917
S,200.0,1.352722006064009,4.0,2957.0007600000004,11307,11317,2025-12-23 15:00:00,2025-12-24 01:00:00,2957.0,2956.57,0.015,-3.41,BE,10,1.951,-0.59,28.3,DOWN,0.3767586380186226,0.3767586380186226,0.3767586380186226,-3.0332413619813776
S,200.0,1.3714829628754697,4.0,2916.5509950000005,11334,11352,2025-12-24 18:00:00,2025-12-25 12:00:00,2916.55,2947.37,-1.057,-46.27,MH,18,1.022,-1.582,29.3,DOWN,0.48950571272155086,0.48950571272155086,0.48950571272155086,-45.78049428727845
L,200.0,1.351406503346488,4.0,2959.8792,11347,11359,2025-12-25 07:00:00,2025-12-25 19:00:00,2959.88,2917.87,-1.419,-60.77,MH,12,0.0,-1.68,12.1,DOWN,-0.525675252287323,-0.525675252287323,-0.525675252287323,-61.295675252287324
L,200.0,1.3402573238105973,4.0,2984.501505,11386,11389,2025-12-26 22:00:00,2025-12-27 01:00:00,2984.5,2906.91,-2.6,-108.0,MH,3,0.0,-3.066,1.0,SIDE,-0.13512649925770434,-0.13512649925770434,-0.13512649925770434,-108.13512649925771
L,200.0,1.3549789871552396,4.0,2952.0753,11472,11477,2025-12-30 12:00:00,2025-12-30 17:00:00,2952.08,2975.21,0.784,27.35,MFE,5,1.725,-0.549,13.1,SIDE,-0.15666360286390796,-0.15666360286390796,-0.15666360286390796,27.193336397136093
L,200.0,1.3348026841280216,4.0,2996.6975999999995,11483,11488,2025-12-30 23:00:00,2025-12-31 04:00:00,2996.7,2968.83,-0.93,-41.19,MH,5,0.158,-1.85,20.2,SIDE,-0.3989044473489751,-0.3989044473489751,-0.3989044473489751,-41.58890444734897
L,200.0,1.3324538072242609,4.0,3001.98024,11504,11507,2025-12-31 20:00:00,2025-12-31 23:00:00,3001.98,2991.0,-0.366,-18.63,MH,3,0.858,-0.735,13.1,SIDE,0.0,0.0,0.0,-18.63
L,200.0,1.3400012734702103,4.0,2985.07179,11527,11539,2026-01-01 19:00:00,2026-01-02 07:00:00,2985.07,2996.14,0.371,10.83,MHx,12,0.668,-0.304,0.0,SIDE,0.022425350111931475,0.022425350111931475,0.022425350111931475,10.85242535011193
L,200.0,1.2201414849527874,4.0,3278.3083349999997,11651,11655,2026-01-06 23:00:00,2026-01-07 03:00:00,3278.31,3215.95,-1.902,-80.08,MH,4,0.688,-2.977,8.1,MILD_UP,-0.1696075363210154,-0.1696075363210154,-0.1696075363210154,-80.24960753632101
S,200.0,1.2512978852696603,4.0,3196.6808600000004,11670,11679,2026-01-07 18:00:00,2026-01-08 03:00:00,3196.68,3146.82,1.56,58.39,TP,9,2.085,-0.98,21.2,MILD_UP,0.15446089967204293,0.15446089967204293,0.15446089967204293,58.544460899672046
S,200.0,1.2893085997378375,4.0,3102.438005,11691,11700,2026-01-08 15:00:00,2026-01-09 00:00:00,3102.44,3104.44,-0.065,-6.58,BE,9,1.612,-1.072,28.3,MILD_UP,0.31065039971550784,0.30868976037631823,0.31065039971550784,-6.269349600284492
S,200.0,1.298693194518442,4.0,3080.01922,11717,11725,2026-01-09 17:00:00,2026-01-10 01:00:00,3080.02,3133.61,-1.74,-73.59,MH,8,0.754,-2.109,33.3,MILD_UP,0.2247460154485659,0.2247460154485659,0.2247460154485659,-73.36525398455144
L,200.0,1.2770391734384385,4.0,3132.2453399999995,11810,11819,2026-01-13 14:00:00,2026-01-13 23:00:00,3132.25,3141.66,0.301,8.02,BE,9,1.028,-0.37,17.2,SIDE,-0.36525334404360554,-0.36525334404360554,-0.36525334404360554,7.654746655956394
S,200.0,1.2264639724000472,4.0,3261.40848,11892,11912,2026-01-17 00:00:00,2026-01-17 20:00:00,3261.41,3303.05,-1.277,-55.07,MH,20,0.105,-1.335,4.0,MILD_UP,0.664267356839864,0.664267356839864,0.7750030638862873,-54.405732643160135
S,200.0,1.25560456952736,4.0,3185.7163450000003,11971,11979,2026-01-20 07:00:00,2026-01-20 15:00:00,3185.72,3116.76,2.165,82.58,TP,8,2.482,-0.44,11.1,MILD_UP,0.3447057229018312,0.3447057229018312,0.3447057229018312,82.92470572290183
S,200.0,1.3659079430497247,4.0,2928.4550400000003,12009,12014,2026-01-21 21:00:00,2026-01-22 02:00:00,2928.46,2903.46,0.853,30.14,TP,5,2.191,-3.333,22.2,MILD_UP,0.0456262133360258,0.0456262133360258,0.0456262133360258,30.185626213336025
S,200.0,1.367602322565518,4.0,2924.8268550000003,12053,12061,2026-01-23 17:00:00,2026-01-24 01:00:00,2924.83,2967.83,-1.47,-62.82,MH,8,1.184,-1.864,16.2,DOWN,0.2036223891277147,0.2036223891277147,0.2036223891277147,-62.616377610872284
L,200.0,1.3685222836654516,4.0,2922.8606999999997,12131,12137,2026-01-26 23:00:00,2026-01-27 05:00:00,2922.86,2898.72,-0.826,-37.04,MH,6,0.929,-1.298,22.2,DOWN,-0.05259041077347382,-0.05259041077347382,-0.05259041077347382,-37.092590410773475
S,200.0,1.3921020319745965,4.0,2873.352605,12203,12204,2026-01-29 23:00:00,2026-01-30 00:00:00,2873.35,2824.06,1.715,64.62,TP,1,2.726,-0.092,11.1,DOWN,-0.04586166130964355,-0.04586166130964355,0.0,64.57413833869036
S,200.0,1.7469273818359101,4.0,2289.7345600000003,12318,12325,2026-02-03 18:00:00,2026-02-04 01:00:00,2289.73,2241.0,2.128,81.14,TP,7,2.427,-1.163,21.2,DOWN,-0.15698121398701198,-0.15698121398701198,-0.15698121398701198,80.98301878601299
S,200.0,1.8213100506527267,4.0,2196.2213400000005,12346,12348,2026-02-04 22:00:00,2026-02-05 00:00:00,2196.22,2151.52,2.036,77.42,TP,2,2.788,-1.339,16.2,DOWN,-0.239563743909413,-0.239563743909413,0.0,77.18043625609059
L,200.0,2.021029723738879,4.0,1979.1890999999998,12395,12398,2026-02-06 23:00:00,2026-02-07 02:00:00,1979.19,2065.5,4.361,170.43,TP,3,5.599,-0.97,5.1,DOWN,-0.07408939105414436,-0.07408939105414436,-0.07408939105414436,170.35591060894586
S,200.0,2.0546473423591216,4.0,1946.80611,12507,12516,2026-02-11 15:00:00,2026-02-12 00:00:00,1946.81,1929.01,0.914,32.56,TP,9,2.342,-3.525,21.2,DOWN,-1.007898651974908,-1.007898651974908,-0.5194874052525771,31.552101348025094
L,200.0,2.029648187379556,4.0,1970.7848999999999,12530,12537,2026-02-12 14:00:00,2026-02-12 21:00:00,1970.78,1978.85,0.409,12.37,MFE,7,1.528,-0.741,7.1,DOWN,-0.08947566750247193,-0.08947566750247193,-0.08947566750247193,12.280524332497528
S,200.0,2.0549744029434343,4.0,1946.4962650000002,12540,12541,2026-02-13 00:00:00,2026-02-13 01:00:00,1946.5,1908.77,1.938,73.52,TP,1,2.709,-0.129,7.1,DOWN,0.0,-0.1642143405382259,0.0,73.52
L,200.0,2.041556750208215,4.0,1959.289155,12557,12564,2026-02-13 17:00:00,2026-02-14 00:00:00,1959.29,2032.69,3.746,145.86,TP,7,4.629,-0.791,16.2,DOWN,-0.17689414710203913,-0.17689414710203913,0.0,145.68310585289797
L,200.0,2.0231672323404317,4.0,1977.0980549999997,12629,12634,2026-02-16 17:00:00,2026-02-16 22:00:00,1977.1,1965.79,-0.572,-26.88,MFE,5,2.337,-1.065,11.1,DOWN,0.0,0.0,0.0,-26.88
L,200.0,1.9978816860059618,4.0,2002.1205599999998,12675,12677,2026-02-18 15:00:00,2026-02-18 17:00:00,2002.12,2018.58,0.822,28.88,MFE,2,1.806,-0.328,9.1,SIDE,0.15245894622849288,0.15245894622849288,0.15245894622849288,29.03245894622849
S,200.0,2.032008956932921,4.0,1968.4952600000001,12682,12688,2026-02-18 22:00:00,2026-02-19 04:00:00,1968.5,1940.79,1.407,52.3,TP,6,2.38,-2.098,19.2,DOWN,-0.03492538404660136,-0.03492538404660136,-0.03492538404660136,52.265074615953395
S,200.0,2.08414756745369,4.0,1919.2498950000002,12706,12712,2026-02-19 22:00:00,2026-02-20 04:00:00,1919.25,1941.11,-1.139,-49.56,MH,6,0.716,-1.495,12.1,DOWN,-0.31558862824365974,-0.31558862824365974,-0.31558862824365974,-49.87558862824366
S,200.0,2.205445277471757,4.0,1813.6927,12826,12837,2026-02-24 22:00:00,2026-02-25 09:00:00,1813.69,1851.88,-2.105,-88.21,MH,11,0.642,-2.806,28.3,DOWN,-0.22135773666536165,-0.22135773666536165,-0.22135773666536165,-88.43135773666536
L,200.0,2.1498558873666425,4.0,1860.58983,12835,12839,2026-02-25 07:00:00,2026-02-25 11:00:00,1860.59,1918.99,3.139,121.55,TP,4,4.574,-0.8,23.2,DOWN,0.09769913662271282,0.09769913662271282,0.09769913662271282,121.6476991366227
L,200.0,2.0765815878730627,4.0,1926.24264,12848,12852,2026-02-25 20:00:00,2026-02-26 00:00:00,1926.24,2011.85,4.444,173.78,TP,4,5.279,-0.26,14.1,DOWN,-0.24048281605793925,-0.24048281605793925,0.0,173.53951718394205
S,200.0,1.951986128561935,4.0,2049.1948899999998,12875,12877,2026-02-26 23:00:00,2026-02-27 01:00:00,2049.19,1983.88,3.187,123.49,TP,2,3.582,-0.159,0.0,DOWN,0.15574755956960248,0.15574755956960248,0.15574755956960248,123.6457475595696
S,200.0,2.0216210348051376,4.0,1978.6102,12895,12898,2026-02-27 19:00:00,2026-02-27 22:00:00,1978.61,1963.02,0.788,27.52,TP,3,2.154,-0.224,27.3,DOWN,0.0,0.0,0.0,27.52
L,200.0,2.0206926351888774,4.0,1979.519265,12971,12972,2026-03-02 23:00:00,2026-03-03 00:00:00,1979.52,2045.37,3.326,129.06,TP,1,4.308,-0.329,8.1,SIDE,0.27854541111055464,0.0,0.27854541111055464,129.33854541111054
S,200.0,1.901820558142969,4.0,2103.24785,13036,13045,2026-03-05 16:00:00,2026-03-06 01:00:00,2103.25,2080.21,1.095,39.81,TP,9,2.268,-2.841,7.1,MILD_UP,-0.05804557625959242,-0.09154454590674418,-0.05804557625959242,39.75195442374041
S,200.0,1.9439362515848513,4.0,2057.6806450000004,13062,13067,2026-03-06 18:00:00,2026-03-06 23:00:00,2057.68,1981.26,3.714,144.56,TP,5,4.251,-0.517,4.0,MILD_UP,0.0,0.0,0.0,144.56
L,200.0,1.9445435574244532,4.0,2057.038005,13157,13165,2026-03-10 17:00:00,2026-03-11 01:00:00,2057.04,2078.52,1.044,37.77,MHx,8,1.505,-2.395,16.2,SIDE,-0.10799035984800524,-0.10799035984800524,-0.10799035984800524,37.662009640152
L,200.0,1.928978577390838,4.0,2073.6362999999997,13220,13221,2026-03-13 08:00:00,2026-03-13 09:00:00,2073.64,2117.1,2.096,79.84,TP,1,3.586,-0.219,9.1,MILD_UP,0.0,-0.09051823639468504,0.0,79.84
L,200.0,1.8806422779851308,4.0,2126.932935,13231,13234,2026-03-13 19:00:00,2026-03-13 22:00:00,2126.93,2183.45,2.657,102.28,TP,3,3.698,-0.463,18.2,MILD_UP,0.0,0.0,0.0,102.28
S,200.0,1.7312089045630235,4.0,2310.52416,13351,13352,2026-03-18 19:00:00,2026-03-18 20:00:00,2310.52,2269.23,1.787,67.48,TP,1,2.1,-0.342,19.2,UP,0.0,0.0,0.0,67.48
S,200.0,1.8482688073543945,4.0,2164.187365,13372,13378,2026-03-19 16:00:00,2026-03-19 22:00:00,2164.19,2137.74,1.222,44.88,TP,6,2.647,-1.285,11.1,UP,0.0,-0.03485696529200058,0.0,44.88
S,200.0,1.888957014910697,4.0,2117.570685,13538,13542,2026-03-26 14:00:00,2026-03-26 18:00:00,2117.57,2082.33,1.664,62.57,TP,4,2.105,-0.409,20.2,DOWN,0.02866570476532546,0.02866570476532546,0.02866570476532546,62.598665704765324
S,200.0,1.9618709834845258,4.0,2038.8700550000003,13566,13567,2026-03-27 18:00:00,2026-03-27 19:00:00,2038.87,1990.69,2.363,90.51,TP,1,2.821,-0.238,26.3,DOWN,0.0,0.0,0.0,90.51
L,200.0,1.9394496968095871,4.0,2062.4407049999995,13637,13640,2026-03-30 17:00:00,2026-03-30 20:00:00,2062.44,2069.36,0.336,9.43,MFE,3,1.19,-0.778,23.2,DOWN,0.0,0.0,0.0,9.43
L,200.0,1.8912825046952093,4.0,2114.966955,13677,13684,2026-04-01 09:00:00,2026-04-01 16:00:00,2114.97,2129.06,0.667,22.66,MFE,7,2.034,-1.597,9.1,DOWN,-0.19266131143878792,-0.19266131143878792,0.0,22.467338688561213
S,200.0,1.9754285773167595,4.0,2024.8770550000002,13713,13724,2026-04-02 21:00:00,2026-04-03 08:00:00,2024.88,2056.99,-1.586,-67.43,MH,11,0.461,-2.525,23.2,DOWN,-0.4175734175672879,-0.4175734175672879,-0.29620680442505226,-67.84757341756729
S,200.0,1.9531007054489882,4.0,2048.0254750000004,13737,13757,2026-04-03 21:00:00,2026-04-04 17:00:00,2048.03,2050.47,-0.12,-8.78,MH,20,0.379,-0.633,14.1,DOWN,0.15748594495130208,0.15748594495130208,0.15748594495130208,-8.622514055048697
S,200.0,1.9164009790308099,4.0,2087.245855,13831,13838,2026-04-07 19:00:00,2026-04-08 02:00:00,2087.25,2099.34,-0.579,-27.18,MH,7,1.401,-1.369,28.3,MILD_UP,0.041084419361290814,0.041084419361290814,0.041084419361290814,-27.13891558063871
L,200.0,1.7850370354909968,4.0,2240.8498649999997,13850,13858,2026-04-08 14:00:00,2026-04-08 22:00:00,2240.85,2233.72,-0.318,-16.72,MFE,8,1.285,-0.467,14.1,MILD_UP,-0.23460568046942104,-0.23460568046942104,-0.23460568046942104,-16.95460568046942
S,200.0,1.84917406374624,4.0,2163.127895,13882,13888,2026-04-09 22:00:00,2026-04-10 04:00:00,2163.13,2216.47,-2.466,-102.63,MH,6,0.33,-3.091,4.0,MILD_UP,0.07858969430006818,0.07858969430006818,0.07858969430006818,-102.55141030569993
L,200.0,1.685398416408918,4.0,2373.3260699999996,13995,14003,2026-04-14 15:00:00,2026-04-14 23:00:00,2373.33,2350.9,-0.945,-41.79,MFE,8,1.815,-0.899,3.0,MILD_UP,-0.40061414738515055,-0.40061414738515055,-0.40061414738515055,-42.19061414738515
L,200.0,1.68714805353476,4.0,2370.8648399999997,14183,14187,2026-04-22 11:00:00,2026-04-22 15:00:00,2370.86,2391.2,0.858,30.31,MFE,4,1.834,-0.575,8.1,MILD_UP,0.0,0.0,0.0,30.31
L,200.0,1.6631657547268965,4.0,2405.0519249999998,14193,14200,2026-04-22 21:00:00,2026-04-23 04:00:00,2405.05,2395.55,-0.395,-19.8,MH,7,0.746,-0.905,1.0,MILD_UP,-0.3115724158013761,-0.3115724158013761,-0.3115724158013761,-20.111572415801376
L,200.0,1.7639225425098388,4.0,2267.67327,14398,14403,2026-05-01 10:00:00,2026-05-01 15:00:00,2267.67,2275.0,0.323,8.93,MFE,5,1.205,-0.207,4.0,SIDE,0.0,0.0,0.0,8.93
L,200.0,1.6791550464939564,4.0,2382.15048,14496,14507,2026-05-05 12:00:00,2026-05-05 23:00:00,2382.15,2376.09,-0.254,-14.17,BE,11,0.702,-0.714,8.1,SIDE,0.09628463457622544,0.09628463457622544,0.09628463457622544,-14.073715365423775
L,200.0,1.8682422263293348,4.0,2141.04999,14836,14842,2026-05-19 16:00:00,2026-05-19 22:00:00,2141.05,2117.11,-1.118,-48.72,MH,6,0.0,-1.65,21.2,DOWN,0.0,-0.22736647960657191,0.0,-48.72
S,200.0,1.89691668191353,4.0,2108.68513,14840,14858,2026-05-19 20:00:00,2026-05-20 14:00:00,2108.69,2125.62,-0.803,-36.13,MH,18,0.736,-1.004,24.2,DOWN,0.36472913450098643,0.36472913450098643,0.36472913450098643,-35.76527086549902
S,200.0,1.8834807206831028,4.0,2123.727605,14907,14920,2026-05-22 15:00:00,2026-05-23 04:00:00,2123.73,2065.63,2.736,105.42,TP,13,3.171,-0.64,1.0,DOWN,0.3610764525368077,0.3610764525368077,0.3610764525368077,105.78107645253681
L,200.0,1.8893341018105327,4.0,2117.148045,14983,14992,2026-05-25 19:00:00,2026-05-26 04:00:00,2117.15,2119.35,0.104,0.16,MFE,9,1.155,-0.289,21.2,DOWN,-0.13050398636624397,-0.13050398636624397,-0.13050398636624397,0.029496013633756035
S,200.0,1.939198251960155,4.0,2062.70813,15034,15042,2026-05-27 22:00:00,2026-05-28 06:00:00,2062.71,2021.1,2.017,76.69,TP,8,2.362,-0.819,27.3,DOWN,0.24484381937254499,0.24484381937254499,0.24484381937254499,76.93484381937255
S,200.0,2.0279314296356867,4.0,1972.4532800000002,15178,15179,2026-06-02 22:00:00,2026-06-02 23:00:00,1972.45,1941.63,1.563,58.51,TP,1,2.456,-0.103,24.2,DOWN,0.0,0.0,0.0,58.51
S,200.0,2.2203610723976506,4.0,1801.5087950000002,15208,15214,2026-06-04 04:00:00,2026-06-04 10:00:00,1801.51,1760.06,2.301,88.03,TP,6,2.628,-2.779,18.2,DOWN,0.30789868999779146,0.30789868999779146,0.30789868999779146,88.33789868999779
S,200.0,2.3139373933231475,4.0,1728.65524,15239,15242,2026-06-05 11:00:00,2026-06-05 14:00:00,1728.66,1684.21,2.571,98.84,TP,3,2.809,-1.061,3.0,DOWN,0.0,0.0,0.0,98.84
S,200.0,2.4079428402528578,4.0,1661.169,15333,15349,2026-06-09 09:00:00,2026-06-10 01:00:00,1661.17,1632.17,1.746,65.84,TP,16,2.894,-2.097,22.2,DOWN,-0.20268410725313368,-0.20268410725313368,-0.20268410725313368,65.63731589274687
L,200.0,2.4094358495400194,4.0,1660.139655,15389,15396,2026-06-11 17:00:00,2026-06-12 00:00:00,1660.14,1643.82,-0.983,-43.33,MH,7,0.81,-1.502,12.1,DOWN,0.09637175927828795,0.0,0.09637175927828795,-43.23362824072171
L,200.0,2.3019484218012827,4.0,1737.658395,15487,15490,2026-06-15 19:00:00,2026-06-15 22:00:00,1737.66,1812.39,4.301,168.04,TP,3,5.133,-0.26,20.2,SIDE,0.0,0.0,0.0,168.04
S,200.0,2.267975201040622,4.0,1763.687715,15533,15541,2026-06-17 17:00:00,2026-06-18 01:00:00,1763.69,1771.88,-0.464,-22.57,MH,8,1.323,-1.571,24.2,MILD_UP,-0.029630115495560955,-0.029630115495560955,-0.029630115495560955,-22.59963011549556
S,200.0,2.3804289770464426,4.0,1680.3693950000002,15564,15576,2026-06-19 00:00:00,2026-06-19 12:00:00,1680.37,1697.47,-1.018,-44.7,MH,12,0.584,-2.289,18.2,MILD_UP,0.266688859052434,0.23903108443556176,0.266688859052434,-44.433311140947566
L,200.0,2.290120634852586,4.0,1746.63288,15652,15659,2026-06-22 16:00:00,2026-06-22 23:00:00,1746.63,1752.86,0.357,10.27,MFE,7,1.853,-0.233,22.2,MILD_UP,0.0,-0.07760119940029986,0.0,10.27
S,200.0,2.3365528558835638,4.0,1711.92361,15674,15677,2026-06-23 14:00:00,2026-06-23 17:00:00,1711.92,1648.18,3.723,144.93,TP,3,4.591,-0.064,31.3,MILD_UP,0.0131655395534851,0.0131655395534851,0.0131655395534851,144.9431655395535
L,200.0,2.3991844692152244,4.0,1667.2332,15692,15704,2026-06-24 08:00:00,2026-06-24 20:00:00,1667.23,1677.81,0.634,21.38,MFE,12,1.486,-0.762,1.0,MILD_UP,-0.08873839607403405,-0.27180576325458206,-0.08873839607403405,21.291261603925964
L,200.0,2.4183261651576324,4.0,1654.036605,15723,15730,2026-06-25 15:00:00,2026-06-25 22:00:00,1654.04,1578.82,-4.548,-185.9,SN,7,0.3,-7.499,7.1,SIDE,-0.17153444312984498,-0.17153444312984498,-0.17153444312984498,-186.07153444312985
S,200.0,2.6037572953333097,4.0,1536.241495,15730,15738,2026-06-25 22:00:00,2026-06-26 06:00:00,1536.24,1580.66,-2.891,-119.65,MH,8,0.0,-3.737,13.1,DOWN,-0.3324298449574167,-0.3324298449574167,-0.3324298449574167,-119.98242984495742
S,200.0,2.527680686490775,4.0,1582.4783650000002,15845,15849,2026-06-30 17:00:00,2026-06-30 21:00:00,1582.48,1552.59,1.889,71.56,TP,4,2.052,-0.252,16.2,DOWN,0.0,0.0,0.0,71.56
L,200.0,2.4339023392366204,4.0,1643.451315,15894,15898,2026-07-02 18:00:00,2026-07-02 22:00:00,1643.45,1709.3,4.007,156.28,TP,4,4.286,-0.17,4.0,DOWN,0.0,0.0,0.0,156.28
L,200.0,2.335922244716862,4.0,1712.3857649999998,15910,15917,2026-07-03 10:00:00,2026-07-03 17:00:00,1712.39,1718.24,0.342,9.68,MFE,7,1.457,-0.998,3.0,DOWN,-0.4010778494178852,-0.4010778494178852,-0.4010778494178852,9.278922150582115
S,200.0,2.314793970952437,4.0,1728.0155600000003,16043,16056,2026-07-08 23:00:00,2026-07-09 12:00:00,1728.02,1730.76,-0.159,-10.36,BE,13,0.901,-1.578,33.3,UP,0.4708761063252696,0.4708761063252696,0.4708761063252696,-9.88912389367473
L,200.0,2.221654737547095,4.0,1800.45978,16183,16185,2026-07-14 19:00:00,2026-07-14 21:00:00,1800.46,1859.77,3.294,127.77,TP,2,3.692,-0.395,13.1,MILD_UP,0.0,0.0,0.0,127.77
L,200.0,2.1253640174049355,4.0,1882.0305449999998,16195,16207,2026-07-15 07:00:00,2026-07-15 19:00:00,1882.03,1876.23,-0.308,-16.33,MH,12,0.556,-0.994,1.0,MILD_UP,-0.35294733148078045,-0.35294733148078045,-0.35294733148078045,-16.68294733148078
S,200.0,2.0953872174606394,4.0,1908.9550450000002,16228,16233,2026-07-16 16:00:00,2026-07-16 21:00:00,1908.96,1872.67,1.901,72.04,TP,5,2.222,-0.169,12.1,MILD_UP,0.0,0.0,0.24328897964482615,72.04
S,200.0,2.195030194272876,4.0,1822.298395,16250,16260,2026-07-17 14:00:00,2026-07-18 00:00:00,1822.3,1831.12,-0.484,-23.35,MH,10,1.089,-1.117,33.3,MILD_UP,0.2895950041156679,0.19149145724841624,0.2895950041156679,-23.060404995884333
L,200.0,2.088765183511533,4.0,1915.0070249999999,16341,16351,2026-07-21 09:00:00,2026-07-21 19:00:00,1915.01,1932.02,0.889,31.54,MFE,10,2.017,-0.597,12.1,MILD_UP,-0.16661775802251796,-0.16661775802251796,-0.16661775802251796,31.37338224197748
S,200.0,2.0881929989200305,4.0,1915.5317550000002,16371,16379,2026-07-22 15:00:00,2026-07-22 23:00:00,1915.53,1933.37,-0.931,-41.24,MH,8,0.324,-2.256,26.3,MILD_UP,0.057094184052874856,0.057094184052874856,0.057094184052874856,-41.18290581594713
S,200.0,2.090243444095795,4.0,1913.652695,16396,16406,2026-07-23 16:00:00,2026-07-24 02:00:00,1913.65,1878.67,1.828,69.12,TP,10,2.127,-0.893,3.0,MILD_UP,-0.128777421234212,-0.26136371438078526,-0.128777421234212,68.99122257876579
L,200.0,2.1097630604222957,4.0,1895.9475,16420,16427,2026-07-24 16:00:00,2026-07-24 23:00:00,1895.95,1860.99,-1.844,-77.75,MH,7,0.0,-2.625,19.2,MILD_UP,0.0,-0.07100449775112444,0.0,-77.75
S,200.0,2.155286698567047,4.0,1855.901585,16426,16446,2026-07-24 22:00:00,2026-07-25 18:00:00,1855.9,1858.43,-0.136,-9.45,MH,20,0.524,-0.69,26.3,MILD_UP,0.3769560409617625,0.3769560409617625,0.3769560409617625,-9.073043959038237
S,200.0,2.116195608181484,4.0,1890.1844350000001,16548,16554,2026-07-30 00:00:00,2026-07-30 06:00:00,1890.18,1898.39,-0.434,-21.36,MH,6,1.054,-2.371,13.1,MILD_UP,0.0,0.0,0.08577779141922032,-21.36
L,200.0,2.0850070401565843,4.0,1918.4587499999998,16567,16575,2026-07-30 19:00:00,2026-07-31 03:00:00,1918.46,1914.4,-0.211,-12.46,BE,8,0.941,-0.331,8.1,SIDE,-0.07958167074642601,-0.07958167074642601,-0.07958167074642601,-12.539581670746427
L,200.0,2.114561273338049,4.0,1891.64535,16874,16881,2026-08-12 14:00:00,2026-08-12 21:00:00,1891.65,1909.63,0.951,34.04,MHx,7,1.762,-0.381,14.1,SIDE,-0.29147122953041904,-0.29147122953041904,-0.29147122953041904,33.74852877046958
L,200.0,2.0902394518221623,4.0,1913.65635,17012,17019,2026-08-18 08:00:00,2026-08-18 15:00:00,1913.66,1901.07,-0.658,-30.31,MH,7,0.0,-1.539,13.1,SIDE,0.0,-0.18522738630684657,0.0,-30.31
L,200.0,1.7486467452348513,4.0,2287.48317,17071,17072,2026-08-20 19:00:00,2026-08-20 20:00:00,2287.48,2294.45,0.305,8.19,MFE,1,1.368,-0.265,2.0,MILD_UP,0.0,0.0,0.0,8.19
L,200.0,1.6949947214792196,4.0,2359.889355,17086,17092,2026-08-21 10:00:00,2026-08-21 16:00:00,2359.89,2370.32,0.442,13.69,MFE,6,1.639,-1.006,21.2,MILD_UP,-0.4019189616065708,-0.4019189616065708,0.0,13.288081038393429
S,200.0,1.643363515244944,4.0,2434.0323750000002,17201,17214,2026-08-26 05:00:00,2026-08-26 18:00:00,2434.03,2448.02,-0.575,-26.99,MH,13,0.877,-1.56,27.3,UP,0.5305353853808128,0.5305353853808128,0.5305353853808128,-26.459464614619186
S,200.0,1.6067324564292367,4.0,2489.5246150000003,17255,17267,2026-08-28 11:00:00,2026-08-28 23:00:00,2489.52,2513.3,-0.955,-42.19,MH,12,1.117,-1.466,17.2,UP,-0.005332427211208755,-0.005332427211208755,-0.005332427211208755,-42.195332427211206
L,200.0,1.5946079289646817,4.0,2508.4536,17490,17495,2026-09-07 06:00:00,2026-09-07 11:00:00,2508.45,2509.55,0.044,-2.24,MFE,5,1.098,-0.912,23.2,SIDE,-0.2706710776883779,-0.2706710776883779,-0.2706710776883779,-2.5106710776883783
