case,family,n,pnl,delta,wr,mdd,mh_n,mh_pnl,d_discover,d_validate,d_holdout,folds_better,worst_fold_delta
BASELINE,baseline,278,8051.97,0.0,63.31,330.1,78,-3538.7,0.0,0.0,0.0,0,0.0
L_DEFAULT=4,mh_parameter,269,7095.47,-956.5,59.48,299.61,84,-3489.18,-515.43,-304.52,-136.55,1,-367.71
L_DEFAULT=5,mh_parameter,281,7521.59,-530.38,60.85,311.1,80,-3623.84,-179.99,-292.38,-58.01,1,-311.38
L_DEFAULT=6,mh_parameter,278,8051.97,0.0,63.31,330.1,78,-3538.7,0.0,0.0,0.0,0,0.0
L_DEFAULT=7,mh_parameter,278,7708.38,-343.59,63.31,304.56,74,-3586.6,-210.88,11.08,-143.79,1,-125.47
L_DEFAULT=8,mh_parameter,270,7507.84,-544.13,62.96,316.45,72,-3526.29,-436.4,41.69,-149.42,2,-330.43
L_DEFAULT=9,mh_parameter,267,7522.09,-529.88,62.55,328.45,71,-3447.66,-613.42,154.37,-70.83,3,-502.88
L_MILD_UP=5,mh_parameter,277,7665.39,-386.58,62.82,394.47,79,-3614.0,-58.4,-387.62,59.44,3,-262.62
L_MILD_UP=6,mh_parameter,276,7935.57,-116.4,63.41,372.59,79,-3556.21,44.79,-254.6,93.41,3,-168.56
L_MILD_UP=7,mh_parameter,278,8051.97,0.0,63.31,330.1,78,-3538.7,0.0,0.0,0.0,0,0.0
L_MILD_UP=8,mh_parameter,278,7989.75,-62.22,62.95,328.07,79,-3443.74,-15.13,-5.87,-41.22,2,-41.22
L_MILD_UP=9,mh_parameter,278,7890.91,-161.06,63.31,352.46,76,-3368.76,-47.19,-78.42,-35.45,0,-56.06
L_CONDITIONAL=3,mh_parameter,280,7907.79,-144.18,62.14,348.2,86,-3853.4,51.52,-179.02,-16.68,3,-160.92
L_CONDITIONAL=4,mh_parameter,281,7927.45,-124.52,62.63,331.21,82,-3678.86,-39.79,-69.86,-14.87,1,-68.75
L_CONDITIONAL=5,mh_parameter,278,8051.97,0.0,63.31,330.1,78,-3538.7,0.0,0.0,0.0,0,0.0
L_CONDITIONAL=6,mh_parameter,278,7978.68,-73.29,63.67,326.56,78,-3622.62,0.57,-75.3,1.44,3,-78.84
S_DEFAULT=6,mh_parameter,279,7230.77,-821.2,59.5,309.82,80,-3461.07,-51.81,-483.81,-285.58,2,-649.17
S_DEFAULT=7,mh_parameter,279,7549.35,-502.62,60.93,307.07,86,-3749.87,66.75,-465.65,-103.72,2,-524.18
S_DEFAULT=8,mh_parameter,279,7656.98,-394.99,62.01,320.37,77,-3682.11,57.65,-441.19,-11.45,1,-378.5
S_DEFAULT=9,mh_parameter,278,7621.73,-430.24,62.59,321.61,75,-3702.85,-42.94,-323.59,-63.71,1,-227.17
S_DEFAULT=10,mh_parameter,278,8051.97,0.0,63.31,330.1,78,-3538.7,0.0,0.0,0.0,0,0.0
S_DEFAULT=11,mh_parameter,278,8269.35,217.38,64.03,340.89,74,-3653.78,78.05,-124.43,263.76,3,-52.76
S_DEFAULT=12,mh_parameter,278,8129.7,77.73,64.03,323.71,75,-3447.94,32.98,-109.92,154.67,2,-141.51
S_DEFAULT=13,mh_parameter,278,8314.29,262.32,64.75,320.21,71,-3088.5,133.5,-90.37,219.19,3,-101.27
S_DEFAULT=14,mh_parameter,277,8312.51,260.54,64.98,342.08,67,-3137.5,99.1,-83.49,244.93,2,-130.98
S_DEFAULT=15,mh_parameter,270,7928.25,-123.72,64.07,322.6,68,-3057.41,-323.49,-78.63,278.4,2,-506.21
S_DEFAULT=16,mh_parameter,271,7785.13,-266.84,64.21,353.52,68,-3229.74,-334.01,-180.66,247.83,2,-415.12
S_DEFAULT=17,mh_parameter,270,7735.29,-316.68,64.81,358.45,67,-3282.11,-378.06,-136.79,198.17,3,-445.67
S_DEFAULT=18,mh_parameter,268,7674.95,-377.02,65.3,385.6,64,-3186.51,-558.55,31.61,149.92,3,-457.67
S_DEFAULT=19,mh_parameter,267,7636.08,-415.89,65.17,388.81,63,-2955.21,-717.29,135.83,165.57,3,-579.78
S_DEFAULT=20,mh_parameter,267,7623.51,-428.46,65.54,386.23,61,-2844.98,-644.82,14.6,201.76,3,-466.92
S_MILD_UP=8,mh_parameter,279,7974.3,-77.67,63.08,313.75,75,-3634.18,2.65,-94.91,14.59,2,-142.35
S_MILD_UP=9,mh_parameter,278,7879.69,-172.28,63.31,332.73,75,-3627.93,-41.37,-91.12,-39.79,1,-74.05
S_MILD_UP=10,mh_parameter,278,8051.97,0.0,63.31,330.1,78,-3538.7,0.0,0.0,0.0,0,0.0
S_MILD_UP=11,mh_parameter,278,8088.59,36.62,64.39,348.51,75,-3642.74,47.16,-122.98,112.44,3,-75.77
S_MILD_UP=12,mh_parameter,278,7991.26,-60.71,64.39,346.74,76,-3575.44,-20.99,-99.18,59.46,3,-129.02
S_MILD_UP=13,mh_parameter,278,8118.74,66.77,65.11,346.74,72,-3329.05,51.72,-67.9,82.95,3,-99.51
S_MILD_UP=14,mh_parameter,278,8054.16,2.19,64.75,346.74,71,-3345.6,6.05,-71.46,67.6,3,-108.4
S_MILD_UP=15,mh_parameter,276,7867.74,-184.23,64.86,346.74,73,-3497.3,-143.56,-78.41,37.74,3,-132.93
S_MILD_UP=16,mh_parameter,276,7929.91,-122.06,65.22,347.34,72,-3533.77,-75.71,-98.01,51.66,2,-93.05
S_MILD_UP=17,mh_parameter,276,8023.95,-28.02,65.58,346.74,70,-3379.35,-84.93,-1.22,58.13,3,-101.38
S_MILD_UP=18,mh_parameter,275,7962.86,-89.11,65.82,351.12,67,-3271.88,-218.1,49.29,79.7,2,-84.39
S_DOWN=8,mh_parameter,278,7734.65,-317.32,62.23,320.37,80,-3586.63,55.0,-346.28,-26.04,3,-329.31
S_DOWN=9,mh_parameter,278,7855.05,-196.92,62.95,321.61,77,-3563.95,-1.57,-232.47,37.12,3,-201.93
S_DOWN=10,mh_parameter,278,8051.97,0.0,63.31,330.1,78,-3538.7,0.0,0.0,0.0,0,0.0
S_DOWN=11,mh_parameter,278,8232.73,180.76,62.95,322.48,77,-3549.74,30.89,-1.45,151.32,3,-40.66
S_DOWN=12,mh_parameter,278,8190.41,138.44,62.95,324.59,77,-3411.2,53.97,-10.74,95.21,3,-55.62
S_DOWN=13,mh_parameter,278,8247.52,195.55,62.95,332.21,77,-3298.15,81.78,-22.47,136.24,3,-47.46
S_DOWN=14,mh_parameter,277,8310.32,258.35,63.54,342.08,74,-3330.6,93.05,-12.03,177.33,2,-79.89
S_DOWN=15,mh_parameter,270,7951.79,-100.18,62.59,322.6,72,-3030.1,-340.62,-0.22,240.66,2,-476.24
S_DOWN=16,mh_parameter,271,7778.08,-273.89,62.36,356.21,73,-3165.96,-387.41,-82.65,196.17,2,-476.24
S_DOWN=17,mh_parameter,275,7660.14,-391.83,62.55,360.63,75,-3409.0,-422.24,-135.57,165.98,2,-476.24
S_DOWN=18,mh_parameter,271,7653.42,-398.55,63.1,322.31,73,-3365.1,-484.05,-17.68,103.18,2,-476.24
S_UP=5,mh_parameter,279,7854.86,-197.11,62.01,330.1,83,-3528.92,-48.09,-149.39,0.37,1,-149.39
S_UP=6,mh_parameter,278,7926.17,-125.8,62.59,330.1,81,-3530.24,2.81,-139.66,11.05,2,-139.66
S_UP=7,mh_parameter,278,7853.46,-198.51,62.95,330.1,80,-3604.3,-21.62,-184.08,7.19,1,-184.08
S_UP=8,mh_parameter,278,8051.97,0.0,63.31,330.1,78,-3538.7,0.0,0.0,0.0,0,0.0
S_UP=9,mh_parameter,278,8027.23,-24.74,63.31,330.1,78,-3553.5,-25.68,5.99,-5.05,1,-25.24
S_UP=10,mh_parameter,278,8030.65,-21.32,63.31,330.1,79,-3560.18,-54.78,26.29,7.17,2,-54.34
S_UP=11,mh_parameter,278,8080.35,28.38,63.31,330.1,79,-3526.48,-41.57,47.97,21.98,3,-57.13
S_UP=12,mh_parameter,278,8063.94,11.97,62.95,330.1,78,-3512.02,-149.09,136.54,24.52,2,-140.14
S_UP=13,mh_parameter,278,8104.02,52.05,62.95,330.1,79,-3476.34,-57.59,85.12,24.52,2,-48.64
S_UP=14,mh_parameter,278,7966.05,-85.92,62.95,330.1,80,-3619.1,-122.64,39.48,-2.76,1,-113.69
STALL_L_N2_P+0.000_M0.005_G0,stalled_underwater,279,6589.78,-1462.19,55.2,369.85,105,-3774.65,-212.4,-1021.45,-228.34,1,-675.7
STALL_L_N2_P+0.000_M0.005_G1,stalled_underwater,278,6770.27,-1281.7,56.12,371.61,101,-3635.08,-283.14,-970.6,-27.96,0,-612.94
STALL_L_N2_P+0.000_M0.005_G2,stalled_underwater,280,7646.49,-405.48,60.0,296.81,89,-3489.47,-116.28,-294.4,5.2,2,-327.69
STALL_L_N2_P+0.000_M0.010_G0,stalled_underwater,262,6000.56,-2051.41,51.91,389.78,112,-3805.94,-638.88,-1030.56,-381.97,1,-654.73
STALL_L_N2_P+0.000_M0.010_G1,stalled_underwater,265,5994.74,-2057.23,52.45,445.88,110,-3976.98,-818.91,-1085.72,-152.6,0,-653.79
STALL_L_N2_P+0.000_M0.010_G2,stalled_underwater,271,6859.43,-1192.54,56.46,353.84,95,-3610.22,-482.16,-505.05,-205.33,0,-481.31
STALL_L_N2_P+0.000_M0.990_G0,stalled_underwater,262,6000.56,-2051.41,51.91,389.78,112,-3805.94,-638.88,-1030.56,-381.97,1,-654.73
STALL_L_N2_P+0.000_M0.990_G1,stalled_underwater,265,5994.74,-2057.23,52.45,445.88,110,-3976.98,-818.91,-1085.72,-152.6,0,-653.79
STALL_L_N2_P+0.000_M0.990_G2,stalled_underwater,271,6859.43,-1192.54,56.46,353.84,95,-3610.22,-482.16,-505.05,-205.33,0,-481.31
STALL_L_N2_P-0.005_M0.005_G0,stalled_underwater,278,6719.22,-1332.75,59.35,359.15,92,-3883.11,-227.86,-998.8,-106.09,1,-653.6
STALL_L_N2_P-0.005_M0.005_G1,stalled_underwater,279,7016.9,-1035.07,59.86,369.97,90,-3753.24,-32.61,-949.46,-53.0,1,-593.44
STALL_L_N2_P-0.005_M0.005_G2,stalled_underwater,279,7678.13,-373.84,62.01,313.85,83,-3605.0,39.24,-401.1,-11.98,2,-417.35
STALL_L_N2_P-0.005_M0.010_G0,stalled_underwater,268,6299.67,-1752.3,58.96,376.25,95,-4099.68,-633.0,-931.07,-188.23,1,-645.73
STALL_L_N2_P-0.005_M0.010_G1,stalled_underwater,268,6648.55,-1403.42,59.7,455.17,91,-4042.1,-247.47,-1034.66,-121.29,1,-593.44
STALL_L_N2_P-0.005_M0.010_G2,stalled_underwater,268,7295.22,-756.75,61.94,370.88,82,-3725.68,-206.21,-458.13,-92.41,1,-417.35
STALL_L_N2_P-0.005_M0.990_G0,stalled_underwater,268,6299.67,-1752.3,58.96,376.25,95,-4099.68,-633.0,-931.07,-188.23,1,-645.73
STALL_L_N2_P-0.005_M0.990_G1,stalled_underwater,268,6648.55,-1403.42,59.7,455.17,91,-4042.1,-247.47,-1034.66,-121.29,1,-593.44
STALL_L_N2_P-0.005_M0.990_G2,stalled_underwater,268,7295.22,-756.75,61.94,370.88,82,-3725.68,-206.21,-458.13,-92.41,1,-417.35
STALL_L_N2_P-0.010_M0.005_G0,stalled_underwater,277,7452.79,-599.18,61.73,330.58,86,-3847.45,41.57,-573.31,-67.44,2,-572.83
STALL_L_N2_P-0.010_M0.005_G1,stalled_underwater,277,7622.16,-429.81,62.45,348.2,82,-3691.98,15.4,-447.54,2.33,2,-429.44
STALL_L_N2_P-0.010_M0.005_G2,stalled_underwater,279,7477.4,-574.57,62.01,331.21,83,-3805.73,-10.38,-552.21,-11.98,1,-551.1
STALL_L_N2_P-0.010_M0.010_G0,stalled_underwater,266,7005.42,-1046.55,61.28,428.76,86,-4142.8,-249.31,-671.49,-125.75,1,-572.83
STALL_L_N2_P-0.010_M0.010_G1,stalled_underwater,266,7200.06,-851.91,62.41,446.38,82,-4017.26,-250.21,-545.72,-55.98,2,-429.44
STALL_L_N2_P-0.010_M0.010_G2,stalled_underwater,266,7108.31,-943.66,62.03,401.22,80,-3861.9,-251.15,-622.22,-70.29,1,-551.1
STALL_L_N2_P-0.010_M0.990_G0,stalled_underwater,266,7005.42,-1046.55,61.28,428.76,86,-4142.8,-249.31,-671.49,-125.75,1,-572.83
STALL_L_N2_P-0.010_M0.990_G1,stalled_underwater,266,7200.06,-851.91,62.41,446.38,82,-4017.26,-250.21,-545.72,-55.98,2,-429.44
STALL_L_N2_P-0.010_M0.990_G2,stalled_underwater,266,7108.31,-943.66,62.03,401.22,80,-3861.9,-251.15,-622.22,-70.29,1,-551.1
STALL_L_N3_P+0.000_M0.005_G0,stalled_underwater,278,6770.27,-1281.7,56.12,371.61,101,-3635.08,-283.14,-970.6,-27.96,0,-612.94
STALL_L_N3_P+0.000_M0.005_G1,stalled_underwater,280,7646.49,-405.48,60.0,296.81,89,-3489.47,-116.28,-294.4,5.2,2,-327.69
STALL_L_N3_P+0.000_M0.005_G2,stalled_underwater,282,7707.79,-344.18,61.7,309.94,85,-3638.81,33.11,-382.46,5.17,4,-402.62
STALL_L_N3_P+0.000_M0.010_G0,stalled_underwater,265,5994.74,-2057.23,52.45,445.88,110,-3976.98,-818.91,-1085.72,-152.6,0,-653.79
STALL_L_N3_P+0.000_M0.010_G1,stalled_underwater,271,6859.43,-1192.54,56.46,353.84,95,-3610.22,-482.16,-505.05,-205.33,0,-481.31
STALL_L_N3_P+0.000_M0.010_G2,stalled_underwater,280,7490.2,-561.77,61.07,373.97,87,-3818.66,-90.39,-446.49,-24.89,2,-402.62
STALL_L_N3_P+0.000_M0.990_G0,stalled_underwater,265,5994.74,-2057.23,52.45,445.88,110,-3976.98,-818.91,-1085.72,-152.6,0,-653.79
STALL_L_N3_P+0.000_M0.990_G1,stalled_underwater,271,6859.43,-1192.54,56.46,353.84,95,-3610.22,-482.16,-505.05,-205.33,0,-481.31
STALL_L_N3_P+0.000_M0.990_G2,stalled_underwater,280,7490.2,-561.77,61.07,373.97,87,-3818.66,-90.39,-446.49,-24.89,2,-402.62
STALL_L_N3_P-0.005_M0.005_G0,stalled_underwater,279,7016.9,-1035.07,59.86,369.97,90,-3753.24,-32.61,-949.46,-53.0,1,-593.44
STALL_L_N3_P-0.005_M0.005_G1,stalled_underwater,279,7678.13,-373.84,62.01,313.85,83,-3605.0,39.24,-401.1,-11.98,2,-417.35
STALL_L_N3_P-0.005_M0.005_G2,stalled_underwater,281,7700.5,-351.47,62.28,313.0,82,-3621.8,40.46,-385.52,-6.41,3,-402.62
STALL_L_N3_P-0.005_M0.010_G0,stalled_underwater,268,6648.55,-1403.42,59.7,455.17,91,-4042.1,-247.47,-1034.66,-121.29,1,-593.44
STALL_L_N3_P-0.005_M0.010_G1,stalled_underwater,268,7295.22,-756.75,61.94,370.88,82,-3725.68,-206.21,-458.13,-92.41,1,-417.35
STALL_L_N3_P-0.005_M0.010_G2,stalled_underwater,277,7531.59,-520.38,62.09,377.03,81,-3715.36,-6.11,-449.55,-64.72,1,-402.62
STALL_L_N3_P-0.005_M0.990_G0,stalled_underwater,268,6648.55,-1403.42,59.7,455.17,91,-4042.1,-247.47,-1034.66,-121.29,1,-593.44
STALL_L_N3_P-0.005_M0.990_G1,stalled_underwater,268,7295.22,-756.75,61.94,370.88,82,-3725.68,-206.21,-458.13,-92.41,1,-417.35
STALL_L_N3_P-0.005_M0.990_G2,stalled_underwater,277,7531.59,-520.38,62.09,377.03,81,-3715.36,-6.11,-449.55,-64.72,1,-402.62
STALL_L_N3_P-0.010_M0.005_G0,stalled_underwater,277,7622.16,-429.81,62.45,348.2,82,-3691.98,15.4,-447.54,2.33,2,-429.44
STALL_L_N3_P-0.010_M0.005_G1,stalled_underwater,279,7477.4,-574.57,62.01,331.21,83,-3805.73,-10.38,-552.21,-11.98,1,-551.1
STALL_L_N3_P-0.010_M0.005_G2,stalled_underwater,281,7956.7,-95.27,62.63,330.1,81,-3624.16,17.71,-106.57,-6.41,2,-106.57
STALL_L_N3_P-0.010_M0.010_G0,stalled_underwater,266,7200.06,-851.91,62.41,446.38,82,-4017.26,-250.21,-545.72,-55.98,2,-429.44
STALL_L_N3_P-0.010_M0.010_G1,stalled_underwater,266,7108.31,-943.66,62.03,401.22,80,-3861.9,-251.15,-622.22,-70.29,1,-551.1
STALL_L_N3_P-0.010_M0.010_G2,stalled_underwater,277,7803.23,-248.74,62.45,394.47,80,-3702.28,-13.08,-170.94,-64.72,1,-122.68
STALL_L_N3_P-0.010_M0.990_G0,stalled_underwater,266,7200.06,-851.91,62.41,446.38,82,-4017.26,-250.21,-545.72,-55.98,2,-429.44
STALL_L_N3_P-0.010_M0.990_G1,stalled_underwater,266,7108.31,-943.66,62.03,401.22,80,-3861.9,-251.15,-622.22,-70.29,1,-551.1
STALL_L_N3_P-0.010_M0.990_G2,stalled_underwater,277,7803.23,-248.74,62.45,394.47,80,-3702.28,-13.08,-170.94,-64.72,1,-122.68
STALL_L_N4_P+0.000_M0.005_G0,stalled_underwater,280,7646.49,-405.48,60.0,296.81,89,-3489.47,-116.28,-294.4,5.2,2,-327.69
STALL_L_N4_P+0.000_M0.005_G1,stalled_underwater,282,7707.79,-344.18,61.7,309.94,85,-3638.81,33.11,-382.46,5.17,4,-402.62
STALL_L_N4_P+0.000_M0.005_G2,stalled_underwater,281,7900.26,-151.71,62.63,326.56,81,-3673.29,-22.57,-130.58,1.44,3,-134.12
STALL_L_N4_P+0.000_M0.010_G0,stalled_underwater,271,6859.43,-1192.54,56.46,353.84,95,-3610.22,-482.16,-505.05,-205.33,0,-481.31
STALL_L_N4_P+0.000_M0.010_G1,stalled_underwater,280,7490.2,-561.77,61.07,373.97,87,-3818.66,-90.39,-446.49,-24.89,2,-402.62
STALL_L_N4_P+0.000_M0.010_G2,stalled_underwater,277,7900.27,-151.7,63.18,369.05,79,-3660.05,-13.81,-173.07,35.18,2,-134.12
STALL_L_N4_P+0.000_M0.990_G0,stalled_underwater,271,6859.43,-1192.54,56.46,353.84,95,-3610.22,-482.16,-505.05,-205.33,0,-481.31
STALL_L_N4_P+0.000_M0.990_G1,stalled_underwater,280,7490.2,-561.77,61.07,373.97,87,-3818.66,-90.39,-446.49,-24.89,2,-402.62
STALL_L_N4_P+0.000_M0.990_G2,stalled_underwater,277,7900.27,-151.7,63.18,369.05,79,-3660.05,-13.81,-173.07,35.18,2,-134.12
STALL_L_N4_P-0.005_M0.005_G0,stalled_underwater,279,7678.13,-373.84,62.01,313.85,83,-3605.0,39.24,-401.1,-11.98,2,-417.35
STALL_L_N4_P-0.005_M0.005_G1,stalled_underwater,281,7700.5,-351.47,62.28,313.0,82,-3621.8,40.46,-385.52,-6.41,3,-402.62
STALL_L_N4_P-0.005_M0.005_G2,stalled_underwater,280,7940.93,-111.04,62.86,326.56,80,-3632.62,18.1,-130.58,1.44,3,-134.12
STALL_L_N4_P-0.005_M0.010_G0,stalled_underwater,268,7295.22,-756.75,61.94,370.88,82,-3725.68,-206.21,-458.13,-92.41,1,-417.35
STALL_L_N4_P-0.005_M0.010_G1,stalled_underwater,277,7531.59,-520.38,62.09,377.03,81,-3715.36,-6.11,-449.55,-64.72,1,-402.62
STALL_L_N4_P-0.005_M0.010_G2,stalled_underwater,276,7918.25,-133.72,63.04,369.05,78,-3621.77,4.84,-173.07,34.51,2,-134.12
STALL_L_N4_P-0.005_M0.990_G0,stalled_underwater,268,7295.22,-756.75,61.94,370.88,82,-3725.68,-206.21,-458.13,-92.41,1,-417.35
STALL_L_N4_P-0.005_M0.990_G1,stalled_underwater,277,7531.59,-520.38,62.09,377.03,81,-3715.36,-6.11,-449.55,-64.72,1,-402.62
STALL_L_N4_P-0.005_M0.990_G2,stalled_underwater,276,7918.25,-133.72,63.04,369.05,78,-3621.77,4.84,-173.07,34.51,2,-134.12
STALL_L_N4_P-0.010_M0.005_G0,stalled_underwater,279,7477.4,-574.57,62.01,331.21,83,-3805.73,-10.38,-552.21,-11.98,1,-551.1
STALL_L_N4_P-0.010_M0.005_G1,stalled_underwater,281,7956.7,-95.27,62.63,330.1,81,-3624.16,17.71,-106.57,-6.41,2,-106.57
STALL_L_N4_P-0.010_M0.005_G2,stalled_underwater,282,7954.52,-97.45,63.12,326.56,80,-3650.21,-7.78,-91.11,1.44,3,-94.65
STALL_L_N4_P-0.010_M0.010_G0,stalled_underwater,266,7108.31,-943.66,62.03,401.22,80,-3861.9,-251.15,-622.22,-70.29,1,-551.1
STALL_L_N4_P-0.010_M0.010_G1,stalled_underwater,277,7803.23,-248.74,62.45,394.47,80,-3702.28,-13.08,-170.94,-64.72,1,-122.68
STALL_L_N4_P-0.010_M0.010_G2,stalled_underwater,278,7945.88,-106.09,63.31,369.05,78,-3625.32,-7.0,-133.6,34.51,2,-94.65
STALL_L_N4_P-0.010_M0.990_G0,stalled_underwater,266,7108.31,-943.66,62.03,401.22,80,-3861.9,-251.15,-622.22,-70.29,1,-551.1
STALL_L_N4_P-0.010_M0.990_G1,stalled_underwater,277,7803.23,-248.74,62.45,394.47,80,-3702.28,-13.08,-170.94,-64.72,1,-122.68
STALL_L_N4_P-0.010_M0.990_G2,stalled_underwater,278,7945.88,-106.09,63.31,369.05,78,-3625.32,-7.0,-133.6,34.51,2,-94.65
STALL_L_N5_P+0.000_M0.005_G0,stalled_underwater,282,7707.79,-344.18,61.7,309.94,85,-3638.81,33.11,-382.46,5.17,4,-402.62
STALL_L_N5_P+0.000_M0.005_G1,stalled_underwater,281,7900.26,-151.71,62.63,326.56,81,-3673.29,-22.57,-130.58,1.44,3,-134.12
STALL_L_N5_P+0.000_M0.005_G2,stalled_underwater,283,7737.39,-314.58,63.25,285.89,77,-3589.82,-70.51,-64.29,-179.78,1,-144.57
STALL_L_N5_P+0.000_M0.010_G0,stalled_underwater,280,7490.2,-561.77,61.07,373.97,87,-3818.66,-90.39,-446.49,-24.89,2,-402.62
STALL_L_N5_P+0.000_M0.010_G1,stalled_underwater,277,7900.27,-151.7,63.18,369.05,79,-3660.05,-13.81,-173.07,35.18,2,-134.12
STALL_L_N5_P+0.000_M0.010_G2,stalled_underwater,280,7636.11,-415.86,63.93,304.56,73,-3578.01,-210.99,-66.17,-138.7,1,-144.57
STALL_L_N5_P+0.000_M0.990_G0,stalled_underwater,280,7490.2,-561.77,61.07,373.97,87,-3818.66,-90.39,-446.49,-24.89,2,-402.62
STALL_L_N5_P+0.000_M0.990_G1,stalled_underwater,277,7900.27,-151.7,63.18,369.05,79,-3660.05,-13.81,-173.07,35.18,2,-134.12
STALL_L_N5_P+0.000_M0.990_G2,stalled_underwater,280,7636.11,-415.86,63.93,304.56,73,-3578.01,-210.99,-66.17,-138.7,1,-144.57
STALL_L_N5_P-0.005_M0.005_G0,stalled_underwater,281,7700.5,-351.47,62.28,313.0,82,-3621.8,40.46,-385.52,-6.41,3,-402.62
STALL_L_N5_P-0.005_M0.005_G1,stalled_underwater,280,7940.93,-111.04,62.86,326.56,80,-3632.62,18.1,-130.58,1.44,3,-134.12
STALL_L_N5_P-0.005_M0.005_G2,stalled_underwater,280,7719.45,-332.52,63.21,305.72,77,-3542.83,-68.92,-120.19,-143.41,1,-144.57
STALL_L_N5_P-0.005_M0.010_G0,stalled_underwater,277,7531.59,-520.38,62.09,377.03,81,-3715.36,-6.11,-449.55,-64.72,1,-402.62
STALL_L_N5_P-0.005_M0.010_G1,stalled_underwater,276,7918.25,-133.72,63.04,369.05,78,-3621.77,4.84,-173.07,34.51,2,-134.12
STALL_L_N5_P-0.005_M0.010_G2,stalled_underwater,278,7561.97,-490.0,63.31,308.36,76,-3601.46,-229.23,-122.07,-138.7,1,-144.57
STALL_L_N5_P-0.005_M0.990_G0,stalled_underwater,277,7531.59,-520.38,62.09,377.03,81,-3715.36,-6.11,-449.55,-64.72,1,-402.62
STALL_L_N5_P-0.005_M0.990_G1,stalled_underwater,276,7918.25,-133.72,63.04,369.05,78,-3621.77,4.84,-173.07,34.51,2,-134.12
STALL_L_N5_P-0.005_M0.990_G2,stalled_underwater,278,7561.97,-490.0,63.31,308.36,76,-3601.46,-229.23,-122.07,-138.7,1,-144.57
STALL_L_N5_P-0.010_M0.005_G0,stalled_underwater,281,7956.7,-95.27,62.63,330.1,81,-3624.16,17.71,-106.57,-6.41,2,-106.57
STALL_L_N5_P-0.010_M0.005_G1,stalled_underwater,282,7954.52,-97.45,63.12,326.56,80,-3650.21,-7.78,-91.11,1.44,3,-94.65
STALL_L_N5_P-0.010_M0.005_G2,stalled_underwater,279,7772.99,-278.98,63.08,305.72,77,-3474.75,-45.69,-60.96,-172.33,2,-172.33
STALL_L_N5_P-0.010_M0.010_G0,stalled_underwater,277,7803.23,-248.74,62.45,394.47,80,-3702.28,-13.08,-170.94,-64.72,1,-122.68
STALL_L_N5_P-0.010_M0.010_G1,stalled_underwater,278,7945.88,-106.09,63.31,369.05,78,-3625.32,-7.0,-133.6,34.51,2,-94.65
STALL_L_N5_P-0.010_M0.010_G2,stalled_underwater,279,7737.82,-314.15,63.08,305.72,77,-3509.92,-86.63,-60.96,-166.56,2,-166.56
STALL_L_N5_P-0.010_M0.990_G0,stalled_underwater,277,7803.23,-248.74,62.45,394.47,80,-3702.28,-13.08,-170.94,-64.72,1,-122.68
STALL_L_N5_P-0.010_M0.990_G1,stalled_underwater,278,7945.88,-106.09,63.31,369.05,78,-3625.32,-7.0,-133.6,34.51,2,-94.65
STALL_L_N5_P-0.010_M0.990_G2,stalled_underwater,279,7737.82,-314.15,63.08,305.72,77,-3509.92,-86.63,-60.96,-166.56,2,-166.56
STALL_S_N3_P+0.000_M0.005_G0,stalled_underwater,279,6507.65,-1544.32,55.56,320.99,101,-3806.9,-735.66,-566.12,-242.54,0,-538.06
STALL_S_N3_P+0.000_M0.005_G1,stalled_underwater,278,6942.8,-1109.17,58.27,354.52,93,-3804.59,-416.75,-472.49,-219.93,2,-492.87
STALL_S_N3_P+0.000_M0.005_G2,stalled_underwater,278,7421.15,-630.82,60.07,316.29,87,-3606.19,-88.49,-442.59,-99.74,2,-454.95
STALL_S_N3_P+0.000_M0.010_G0,stalled_underwater,279,5547.6,-2504.37,50.54,474.67,118,-4156.23,-1235.71,-830.76,-437.9,0,-754.42
STALL_S_N3_P+0.000_M0.010_G1,stalled_underwater,281,5943.78,-2108.19,53.38,423.91,111,-4283.56,-832.84,-739.66,-535.69,1,-725.91
STALL_S_N3_P+0.000_M0.010_G2,stalled_underwater,279,6615.22,-1436.75,55.91,332.46,101,-3829.16,-491.96,-689.97,-254.82,1,-723.31
STALL_S_N3_P+0.000_M0.990_G0,stalled_underwater,278,5393.49,-2658.48,49.64,474.67,121,-4094.54,-1230.59,-859.99,-567.9,0,-783.65
STALL_S_N3_P+0.000_M0.990_G1,stalled_underwater,280,5804.82,-2247.15,52.5,423.91,114,-4206.72,-822.86,-794.09,-630.2,1,-780.34
STALL_S_N3_P+0.000_M0.990_G2,stalled_underwater,278,6553.82,-1498.15,55.04,304.25,104,-3681.65,-471.74,-686.57,-339.84,1,-748.12
STALL_S_N3_P-0.005_M0.005_G0,stalled_underwater,277,7104.1,-947.87,59.93,454.7,87,-3812.14,-108.85,-618.04,-220.98,1,-548.91
STALL_S_N3_P-0.005_M0.005_G1,stalled_underwater,278,7294.93,-757.04,61.15,336.27,84,-3865.87,-92.24,-451.4,-213.4,2,-412.53
STALL_S_N3_P-0.005_M0.005_G2,stalled_underwater,278,7430.47,-621.5,61.15,332.96,84,-3730.33,-75.66,-384.37,-161.47,3,-386.3
STALL_S_N3_P-0.005_M0.010_G0,stalled_underwater,278,6252.36,-1799.61,56.83,553.72,98,-4385.57,-606.42,-715.23,-477.96,0,-701.6
STALL_S_N3_P-0.005_M0.010_G1,stalled_underwater,279,6510.47,-1541.5,58.06,367.72,95,-4372.02,-542.15,-523.57,-475.78,0,-565.22
STALL_S_N3_P-0.005_M0.010_G2,stalled_underwater,278,6920.22,-1131.75,58.99,335.41,91,-3969.54,-393.07,-415.63,-323.05,0,-538.99
STALL_S_N3_P-0.005_M0.990_G0,stalled_underwater,277,5983.7,-2068.27,55.96,504.38,100,-4437.83,-628.11,-818.15,-622.01,0,-804.52
STALL_S_N3_P-0.005_M0.990_G1,stalled_underwater,278,6285.02,-1766.95,57.19,360.0,97,-4381.07,-563.84,-618.77,-584.34,0,-668.14
STALL_S_N3_P-0.005_M0.990_G2,stalled_underwater,278,6978.68,-1073.29,58.99,327.69,91,-3911.08,-414.76,-345.16,-313.37,1,-476.24
STALL_S_N3_P-0.010_M0.005_G0,stalled_underwater,277,7289.34,-762.63,61.73,465.24,82,-3870.58,-4.23,-527.03,-231.37,2,-333.32
STALL_S_N3_P-0.010_M0.005_G1,stalled_underwater,278,7424.47,-627.5,62.23,336.27,81,-3838.1,-33.99,-369.72,-223.79,2,-311.45
STALL_S_N3_P-0.010_M0.005_G2,stalled_underwater,279,7628.44,-423.53,62.72,330.1,80,-3718.4,-2.66,-245.54,-175.33,2,-226.97
STALL_S_N3_P-0.010_M0.010_G0,stalled_underwater,277,6637.34,-1414.63,59.93,467.69,89,-4524.86,-478.85,-632.95,-302.83,1,-546.54
STALL_S_N3_P-0.010_M0.010_G1,stalled_underwater,278,6818.81,-1233.16,60.43,341.92,88,-4446.04,-456.87,-475.64,-300.65,1,-524.67
STALL_S_N3_P-0.010_M0.010_G2,stalled_underwater,279,7139.94,-912.03,61.29,332.55,85,-4140.41,-262.37,-351.46,-298.2,1,-440.19
STALL_S_N3_P-0.010_M0.990_G0,stalled_underwater,278,6588.74,-1463.23,59.71,439.22,90,-4550.07,-474.41,-589.62,-399.2,1,-503.21
STALL_S_N3_P-0.010_M0.990_G1,stalled_underwater,278,6855.39,-1196.58,60.43,337.99,88,-4409.46,-452.43,-432.31,-311.84,1,-481.34
STALL_S_N3_P-0.010_M0.990_G2,stalled_underwater,279,7176.52,-875.45,61.29,332.55,85,-4103.83,-257.93,-308.13,-309.39,2,-396.86
STALL_S_N4_P+0.000_M0.005_G0,stalled_underwater,278,6942.8,-1109.17,58.27,354.52,93,-3804.59,-416.75,-472.49,-219.93,2,-492.87
STALL_S_N4_P+0.000_M0.005_G1,stalled_underwater,278,7421.15,-630.82,60.07,316.29,87,-3606.19,-88.49,-442.59,-99.74,2,-454.95
STALL_S_N4_P+0.000_M0.005_G2,stalled_underwater,277,7543.51,-508.46,61.73,346.47,83,-3846.6,10.82,-464.55,-54.73,1,-383.71
STALL_S_N4_P+0.000_M0.010_G0,stalled_underwater,281,5943.78,-2108.19,53.38,423.91,111,-4283.56,-832.84,-739.66,-535.69,1,-725.91
STALL_S_N4_P+0.000_M0.010_G1,stalled_underwater,279,6615.22,-1436.75,55.91,332.46,101,-3829.16,-491.96,-689.97,-254.82,1,-723.31
STALL_S_N4_P+0.000_M0.010_G2,stalled_underwater,277,7158.71,-893.26,58.48,341.01,93,-3912.07,-306.36,-430.01,-156.89,2,-584.89
STALL_S_N4_P+0.000_M0.990_G0,stalled_underwater,280,5804.82,-2247.15,52.5,423.91,114,-4206.72,-822.86,-794.09,-630.2,1,-780.34
STALL_S_N4_P+0.000_M0.990_G1,stalled_underwater,278,6553.82,-1498.15,55.04,304.25,104,-3681.65,-471.74,-686.57,-339.84,1,-748.12
STALL_S_N4_P+0.000_M0.990_G2,stalled_underwater,276,7037.47,-1014.5,57.25,317.3,97,-3729.65,-250.64,-571.29,-192.57,2,-754.38
STALL_S_N4_P-0.005_M0.005_G0,stalled_underwater,278,7294.93,-757.04,61.15,336.27,84,-3865.87,-92.24,-451.4,-213.4,2,-412.53
STALL_S_N4_P-0.005_M0.005_G1,stalled_underwater,278,7430.47,-621.5,61.15,332.96,84,-3730.33,-75.66,-384.37,-161.47,3,-386.3
STALL_S_N4_P-0.005_M0.005_G2,stalled_underwater,277,7573.53,-478.44,62.09,334.53,82,-3824.2,10.82,-464.55,-24.71,1,-383.71
STALL_S_N4_P-0.005_M0.010_G0,stalled_underwater,279,6510.47,-1541.5,58.06,367.72,95,-4372.02,-542.15,-523.57,-475.78,0,-565.22
STALL_S_N4_P-0.005_M0.010_G1,stalled_underwater,278,6920.22,-1131.75,58.99,335.41,91,-3969.54,-393.07,-415.63,-323.05,0,-538.99
STALL_S_N4_P-0.005_M0.010_G2,stalled_underwater,277,7093.01,-958.96,59.93,336.98,89,-4099.42,-297.71,-504.29,-156.96,0,-584.89
STALL_S_N4_P-0.005_M0.990_G0,stalled_underwater,278,6285.02,-1766.95,57.19,360.0,97,-4381.07,-563.84,-618.77,-584.34,0,-668.14
STALL_S_N4_P-0.005_M0.990_G1,stalled_underwater,278,6978.68,-1073.29,58.99,327.69,91,-3911.08,-414.76,-345.16,-313.37,1,-476.24
STALL_S_N4_P-0.005_M0.990_G2,stalled_underwater,277,7175.77,-876.2,59.93,329.26,89,-4016.66,-295.1,-433.82,-147.28,1,-522.14
STALL_S_N4_P-0.010_M0.005_G0,stalled_underwater,278,7424.47,-627.5,62.23,336.27,81,-3838.1,-33.99,-369.72,-223.79,2,-311.45
STALL_S_N4_P-0.010_M0.005_G1,stalled_underwater,279,7628.44,-423.53,62.72,330.1,80,-3718.4,-2.66,-245.54,-175.33,2,-226.97
STALL_S_N4_P-0.010_M0.005_G2,stalled_underwater,278,7727.13,-324.84,62.95,330.1,80,-3784.32,-16.48,-301.46,-6.9,1,-225.05
STALL_S_N4_P-0.010_M0.010_G0,stalled_underwater,278,6818.81,-1233.16,60.43,341.92,88,-4446.04,-456.87,-475.64,-300.65,1,-524.67
STALL_S_N4_P-0.010_M0.010_G1,stalled_underwater,279,7139.94,-912.03,61.29,332.55,85,-4140.41,-262.37,-351.46,-298.2,1,-440.19
STALL_S_N4_P-0.010_M0.010_G2,stalled_underwater,278,7378.06,-673.91,61.87,332.55,84,-4110.67,-256.0,-414.03,-3.88,2,-438.27
STALL_S_N4_P-0.010_M0.990_G0,stalled_underwater,278,6855.39,-1196.58,60.43,337.99,88,-4409.46,-452.43,-432.31,-311.84,1,-481.34
STALL_S_N4_P-0.010_M0.990_G1,stalled_underwater,279,7176.52,-875.45,61.29,332.55,85,-4103.83,-257.93,-308.13,-309.39,2,-396.86
STALL_S_N4_P-0.010_M0.990_G2,stalled_underwater,278,7414.64,-637.33,61.87,332.55,84,-4074.09,-251.56,-370.7,-15.07,2,-394.94
STALL_S_N5_P+0.000_M0.005_G0,stalled_underwater,278,7421.15,-630.82,60.07,316.29,87,-3606.19,-88.49,-442.59,-99.74,2,-454.95
STALL_S_N5_P+0.000_M0.005_G1,stalled_underwater,277,7543.51,-508.46,61.73,346.47,83,-3846.6,10.82,-464.55,-54.73,1,-383.71
STALL_S_N5_P+0.000_M0.005_G2,stalled_underwater,278,7584.16,-467.81,61.87,334.33,82,-3841.77,-32.83,-417.18,-17.8,1,-308.93
STALL_S_N5_P+0.000_M0.010_G0,stalled_underwater,279,6615.22,-1436.75,55.91,332.46,101,-3829.16,-491.96,-689.97,-254.82,1,-723.31
STALL_S_N5_P+0.000_M0.010_G1,stalled_underwater,277,7158.71,-893.26,58.48,341.01,93,-3912.07,-306.36,-430.01,-156.89,2,-584.89
STALL_S_N5_P+0.000_M0.010_G2,stalled_underwater,278,7162.27,-889.7,58.99,338.26,91,-4004.49,-262.58,-457.52,-169.6,0,-485.22
STALL_S_N5_P+0.000_M0.990_G0,stalled_underwater,278,6553.82,-1498.15,55.04,304.25,104,-3681.65,-471.74,-686.57,-339.84,1,-748.12
STALL_S_N5_P+0.000_M0.990_G1,stalled_underwater,276,7037.47,-1014.5,57.25,317.3,97,-3729.65,-250.64,-571.29,-192.57,2,-754.38
STALL_S_N5_P+0.000_M0.990_G2,stalled_underwater,278,7163.66,-888.31,58.63,329.06,92,-3908.35,-230.32,-561.46,-96.53,1,-596.88
STALL_S_N5_P-0.005_M0.005_G0,stalled_underwater,278,7430.47,-621.5,61.15,332.96,84,-3730.33,-75.66,-384.37,-161.47,3,-386.3
STALL_S_N5_P-0.005_M0.005_G1,stalled_underwater,277,7573.53,-478.44,62.09,334.53,82,-3824.2,10.82,-464.55,-24.71,1,-383.71
STALL_S_N5_P-0.005_M0.005_G2,stalled_underwater,278,7620.73,-431.24,62.59,334.33,80,-3816.98,-11.31,-417.18,-2.75,1,-308.93
STALL_S_N5_P-0.005_M0.010_G0,stalled_underwater,278,6920.22,-1131.75,58.99,335.41,91,-3969.54,-393.07,-415.63,-323.05,0,-538.99
STALL_S_N5_P-0.005_M0.010_G1,stalled_underwater,277,7093.01,-958.96,59.93,336.98,89,-4099.42,-297.71,-504.29,-156.96,0,-584.89
STALL_S_N5_P-0.005_M0.010_G2,stalled_underwater,278,7204.06,-847.91,60.79,336.78,86,-4130.64,-225.29,-457.52,-165.1,1,-485.22
STALL_S_N5_P-0.005_M0.990_G0,stalled_underwater,278,6978.68,-1073.29,58.99,327.69,91,-3911.08,-414.76,-345.16,-313.37,1,-476.24
STALL_S_N5_P-0.005_M0.990_G1,stalled_underwater,277,7175.77,-876.2,59.93,329.26,89,-4016.66,-295.1,-433.82,-147.28,1,-522.14
STALL_S_N5_P-0.005_M0.990_G2,stalled_underwater,278,7218.38,-833.59,60.79,329.06,86,-4116.32,-222.68,-455.49,-155.42,1,-490.91
STALL_S_N5_P-0.010_M0.005_G0,stalled_underwater,279,7628.44,-423.53,62.72,330.1,80,-3718.4,-2.66,-245.54,-175.33,2,-226.97
STALL_S_N5_P-0.010_M0.005_G1,stalled_underwater,278,7727.13,-324.84,62.95,330.1,80,-3784.32,-16.48,-301.46,-6.9,1,-225.05
STALL_S_N5_P-0.010_M0.005_G2,stalled_underwater,278,7707.45,-344.52,62.95,330.1,79,-3797.77,-38.35,-303.42,-2.75,1,-199.4
STALL_S_N5_P-0.010_M0.010_G0,stalled_underwater,279,7139.94,-912.03,61.29,332.55,85,-4140.41,-262.37,-351.46,-298.2,1,-440.19
STALL_S_N5_P-0.010_M0.010_G1,stalled_underwater,278,7378.06,-673.91,61.87,332.55,84,-4110.67,-256.0,-414.03,-3.88,2,-438.27
STALL_S_N5_P-0.010_M0.010_G2,stalled_underwater,278,7517.17,-534.8,62.23,332.55,82,-4096.03,-294.24,-214.0,-26.56,1,-258.21
STALL_S_N5_P-0.010_M0.990_G0,stalled_underwater,279,7176.52,-875.45,61.29,332.55,85,-4103.83,-257.93,-308.13,-309.39,2,-396.86
STALL_S_N5_P-0.010_M0.990_G1,stalled_underwater,278,7414.64,-637.33,61.87,332.55,84,-4074.09,-251.56,-370.7,-15.07,2,-394.94
STALL_S_N5_P-0.010_M0.990_G2,stalled_underwater,278,7485.31,-566.66,62.23,332.55,82,-4127.89,-289.8,-239.11,-37.75,2,-258.21
STALL_S_N6_P+0.000_M0.005_G0,stalled_underwater,277,7543.51,-508.46,61.73,346.47,83,-3846.6,10.82,-464.55,-54.73,1,-383.71
STALL_S_N6_P+0.000_M0.005_G1,stalled_underwater,278,7584.16,-467.81,61.87,334.33,82,-3841.77,-32.83,-417.18,-17.8,1,-308.93
STALL_S_N6_P+0.000_M0.005_G2,stalled_underwater,278,7707.69,-344.28,62.59,336.86,80,-3730.02,29.67,-335.55,-38.4,2,-229.49
STALL_S_N6_P+0.000_M0.010_G0,stalled_underwater,277,7158.71,-893.26,58.48,341.01,93,-3912.07,-306.36,-430.01,-156.89,2,-584.89
STALL_S_N6_P+0.000_M0.010_G1,stalled_underwater,278,7162.27,-889.7,58.99,338.26,91,-4004.49,-262.58,-457.52,-169.6,0,-485.22
STALL_S_N6_P+0.000_M0.010_G2,stalled_underwater,278,7458.32,-593.65,61.87,323.81,82,-3919.51,-224.17,-323.89,-45.59,1,-228.75
STALL_S_N6_P+0.000_M0.990_G0,stalled_underwater,276,7037.47,-1014.5,57.25,317.3,97,-3729.65,-250.64,-571.29,-192.57,2,-754.38
STALL_S_N6_P+0.000_M0.990_G1,stalled_underwater,278,7163.66,-888.31,58.63,329.06,92,-3908.35,-230.32,-561.46,-96.53,1,-596.88
STALL_S_N6_P+0.000_M0.990_G2,stalled_underwater,278,7558.18,-493.79,61.87,320.37,82,-3819.65,-171.3,-317.39,-5.1,1,-231.59
STALL_S_N6_P-0.005_M0.005_G0,stalled_underwater,277,7573.53,-478.44,62.09,334.53,82,-3824.2,10.82,-464.55,-24.71,1,-383.71
STALL_S_N6_P-0.005_M0.005_G1,stalled_underwater,278,7620.73,-431.24,62.59,334.33,80,-3816.98,-11.31,-417.18,-2.75,1,-308.93
STALL_S_N6_P-0.005_M0.005_G2,stalled_underwater,278,7783.3,-268.67,62.95,336.86,79,-3721.92,29.67,-261.13,-37.21,2,-155.07
STALL_S_N6_P-0.005_M0.010_G0,stalled_underwater,277,7093.01,-958.96,59.93,336.98,89,-4099.42,-297.71,-504.29,-156.96,0,-584.89
STALL_S_N6_P-0.005_M0.010_G1,stalled_underwater,278,7204.06,-847.91,60.79,336.78,86,-4130.64,-225.29,-457.52,-165.1,1,-485.22
STALL_S_N6_P-0.005_M0.010_G2,stalled_underwater,278,7527.05,-524.92,62.23,329.69,81,-3918.29,-224.17,-249.28,-51.47,1,-228.75
STALL_S_N6_P-0.005_M0.990_G0,stalled_underwater,277,7175.77,-876.2,59.93,329.26,89,-4016.66,-295.1,-433.82,-147.28,1,-522.14
STALL_S_N6_P-0.005_M0.990_G1,stalled_underwater,278,7218.38,-833.59,60.79,329.06,86,-4116.32,-222.68,-455.49,-155.42,1,-490.91
STALL_S_N6_P-0.005_M0.990_G2,stalled_underwater,278,7505.11,-546.86,62.23,325.76,81,-3940.23,-241.42,-242.78,-62.66,1,-233.42
STALL_S_N6_P-0.010_M0.005_G0,stalled_underwater,278,7727.13,-324.84,62.95,330.1,80,-3784.32,-16.48,-301.46,-6.9,1,-225.05
STALL_S_N6_P-0.010_M0.005_G1,stalled_underwater,278,7707.45,-344.52,62.95,330.1,79,-3797.77,-38.35,-303.42,-2.75,1,-199.4
STALL_S_N6_P-0.010_M0.005_G2,stalled_underwater,278,7755.61,-296.36,62.95,330.1,79,-3749.61,15.38,-254.37,-57.37,2,-155.07
STALL_S_N6_P-0.010_M0.010_G0,stalled_underwater,278,7378.06,-673.91,61.87,332.55,84,-4110.67,-256.0,-414.03,-3.88,2,-438.27
STALL_S_N6_P-0.010_M0.010_G1,stalled_underwater,278,7517.17,-534.8,62.23,332.55,82,-4096.03,-294.24,-214.0,-26.56,1,-258.21
STALL_S_N6_P-0.010_M0.010_G2,stalled_underwater,278,7481.85,-570.12,62.23,330.1,81,-3963.49,-238.46,-261.02,-70.64,1,-228.75
STALL_S_N6_P-0.010_M0.990_G0,stalled_underwater,278,7414.64,-637.33,61.87,332.55,84,-4074.09,-251.56,-370.7,-15.07,2,-394.94
STALL_S_N6_P-0.010_M0.990_G1,stalled_underwater,278,7485.31,-566.66,62.23,332.55,82,-4127.89,-289.8,-239.11,-37.75,2,-258.21
STALL_S_N6_P-0.010_M0.990_G2,stalled_underwater,278,7458.56,-593.41,62.23,330.1,81,-3986.78,-234.02,-277.56,-81.83,1,-228.75
STALL_S_N7_P+0.000_M0.005_G0,stalled_underwater,278,7584.16,-467.81,61.87,334.33,82,-3841.77,-32.83,-417.18,-17.8,1,-308.93
STALL_S_N7_P+0.000_M0.005_G1,stalled_underwater,278,7707.69,-344.28,62.59,336.86,80,-3730.02,29.67,-335.55,-38.4,2,-229.49
STALL_S_N7_P+0.000_M0.005_G2,stalled_underwater,278,7756.49,-295.48,62.95,332.73,79,-3748.73,-38.95,-238.31,-18.22,1,-146.04
STALL_S_N7_P+0.000_M0.010_G0,stalled_underwater,278,7162.27,-889.7,58.99,338.26,91,-4004.49,-262.58,-457.52,-169.6,0,-485.22
STALL_S_N7_P+0.000_M0.010_G1,stalled_underwater,278,7458.32,-593.65,61.87,323.81,82,-3919.51,-224.17,-323.89,-45.59,1,-228.75
STALL_S_N7_P+0.000_M0.010_G2,stalled_underwater,278,7807.09,-244.88,63.31,323.98,78,-3709.5,-58.54,-230.84,44.5,1,-128.4
STALL_S_N7_P+0.000_M0.990_G0,stalled_underwater,278,7163.66,-888.31,58.63,329.06,92,-3908.35,-230.32,-561.46,-96.53,1,-596.88
STALL_S_N7_P+0.000_M0.990_G1,stalled_underwater,278,7558.18,-493.79,61.87,320.37,82,-3819.65,-171.3,-317.39,-5.1,1,-231.59
STALL_S_N7_P+0.000_M0.990_G2,stalled_underwater,278,7694.33,-357.64,62.95,321.61,79,-3810.89,-45.53,-243.35,-68.76,1,-146.93
STALL_S_N7_P-0.005_M0.005_G0,stalled_underwater,278,7620.73,-431.24,62.59,334.33,80,-3816.98,-11.31,-417.18,-2.75,1,-308.93
STALL_S_N7_P-0.005_M0.005_G1,stalled_underwater,278,7783.3,-268.67,62.95,336.86,79,-3721.92,29.67,-261.13,-37.21,2,-155.07
STALL_S_N7_P-0.005_M0.005_G2,stalled_underwater,278,7768.52,-283.45,62.95,332.73,79,-3736.7,-38.95,-238.31,-6.19,1,-146.04
STALL_S_N7_P-0.005_M0.010_G0,stalled_underwater,278,7204.06,-847.91,60.79,336.78,86,-4130.64,-225.29,-457.52,-165.1,1,-485.22
STALL_S_N7_P-0.005_M0.010_G1,stalled_underwater,278,7527.05,-524.92,62.23,329.69,81,-3918.29,-224.17,-249.28,-51.47,1,-228.75
STALL_S_N7_P-0.005_M0.010_G2,stalled_underwater,278,7729.15,-322.82,62.95,323.98,79,-3776.07,-58.54,-238.25,-26.03,0,-138.06
STALL_S_N7_P-0.005_M0.990_G0,stalled_underwater,278,7218.38,-833.59,60.79,329.06,86,-4116.32,-222.68,-455.49,-155.42,1,-490.91
STALL_S_N7_P-0.005_M0.990_G1,stalled_underwater,278,7505.11,-546.86,62.23,325.76,81,-3940.23,-241.42,-242.78,-62.66,1,-233.42
STALL_S_N7_P-0.005_M0.990_G2,stalled_underwater,278,7666.85,-385.12,62.95,321.61,79,-3838.37,-70.25,-250.76,-64.11,0,-156.59
STALL_S_N7_P-0.010_M0.005_G0,stalled_underwater,278,7707.45,-344.52,62.95,330.1,79,-3797.77,-38.35,-303.42,-2.75,1,-199.4
STALL_S_N7_P-0.010_M0.005_G1,stalled_underwater,278,7755.61,-296.36,62.95,330.1,79,-3749.61,15.38,-254.37,-57.37,2,-155.07
STALL_S_N7_P-0.010_M0.005_G2,stalled_underwater,278,7762.09,-289.88,62.95,330.1,79,-3743.13,-48.01,-235.68,-6.19,1,-146.04
STALL_S_N7_P-0.010_M0.010_G0,stalled_underwater,278,7517.17,-534.8,62.23,332.55,82,-4096.03,-294.24,-214.0,-26.56,1,-258.21
STALL_S_N7_P-0.010_M0.010_G1,stalled_underwater,278,7481.85,-570.12,62.23,330.1,81,-3963.49,-238.46,-261.02,-70.64,1,-228.75
STALL_S_N7_P-0.010_M0.010_G2,stalled_underwater,278,7707.51,-344.46,62.95,330.1,79,-3797.71,-71.13,-252.35,-20.98,0,-146.04
STALL_S_N7_P-0.010_M0.990_G0,stalled_underwater,278,7485.31,-566.66,62.23,332.55,82,-4127.89,-289.8,-239.11,-37.75,2,-258.21
STALL_S_N7_P-0.010_M0.990_G1,stalled_underwater,278,7458.56,-593.41,62.23,330.1,81,-3986.78,-234.02,-277.56,-81.83,1,-228.75
STALL_S_N7_P-0.010_M0.990_G2,stalled_underwater,278,7660.88,-391.09,62.95,330.1,79,-3844.34,-61.15,-270.88,-59.06,1,-164.57
STALL_S_N8_P+0.000_M0.005_G0,stalled_underwater,278,7707.69,-344.28,62.59,336.86,80,-3730.02,29.67,-335.55,-38.4,2,-229.49
STALL_S_N8_P+0.000_M0.005_G1,stalled_underwater,278,7756.49,-295.48,62.95,332.73,79,-3748.73,-38.95,-238.31,-18.22,1,-146.04
STALL_S_N8_P+0.000_M0.005_G2,stalled_underwater,278,8051.97,0.0,63.31,330.1,78,-3538.7,0.0,0.0,0.0,0,0.0
STALL_S_N8_P+0.000_M0.010_G0,stalled_underwater,278,7458.32,-593.65,61.87,323.81,82,-3919.51,-224.17,-323.89,-45.59,1,-228.75
STALL_S_N8_P+0.000_M0.010_G1,stalled_underwater,278,7807.09,-244.88,63.31,323.98,78,-3709.5,-58.54,-230.84,44.5,1,-128.4
STALL_S_N8_P+0.000_M0.010_G2,stalled_underwater,278,8024.36,-27.61,63.31,330.1,78,-3566.31,-44.84,10.06,7.17,2,-44.84
STALL_S_N8_P+0.000_M0.990_G0,stalled_underwater,278,7558.18,-493.79,61.87,320.37,82,-3819.65,-171.3,-317.39,-5.1,1,-231.59
STALL_S_N8_P+0.000_M0.990_G1,stalled_underwater,278,7694.33,-357.64,62.95,321.61,79,-3810.89,-45.53,-243.35,-68.76,1,-146.93
STALL_S_N8_P+0.000_M0.990_G2,stalled_underwater,278,8040.59,-11.38,63.31,330.1,78,-3550.08,-44.84,26.29,7.17,2,-44.84
STALL_S_N8_P-0.005_M0.005_G0,stalled_underwater,278,7783.3,-268.67,62.95,336.86,79,-3721.92,29.67,-261.13,-37.21,2,-155.07
STALL_S_N8_P-0.005_M0.005_G1,stalled_underwater,278,7768.52,-283.45,62.95,332.73,79,-3736.7,-38.95,-238.31,-6.19,1,-146.04
STALL_S_N8_P-0.005_M0.005_G2,stalled_underwater,278,8051.97,0.0,63.31,330.1,78,-3538.7,0.0,0.0,0.0,0,0.0
STALL_S_N8_P-0.005_M0.010_G0,stalled_underwater,278,7527.05,-524.92,62.23,329.69,81,-3918.29,-224.17,-249.28,-51.47,1,-228.75
STALL_S_N8_P-0.005_M0.010_G1,stalled_underwater,278,7729.15,-322.82,62.95,323.98,79,-3776.07,-58.54,-238.25,-26.03,0,-138.06
STALL_S_N8_P-0.005_M0.010_G2,stalled_underwater,278,8024.36,-27.61,63.31,330.1,78,-3566.31,-44.84,10.06,7.17,2,-44.84
STALL_S_N8_P-0.005_M0.990_G0,stalled_underwater,278,7505.11,-546.86,62.23,325.76,81,-3940.23,-241.42,-242.78,-62.66,1,-233.42
STALL_S_N8_P-0.005_M0.990_G1,stalled_underwater,278,7666.85,-385.12,62.95,321.61,79,-3838.37,-70.25,-250.76,-64.11,0,-156.59
STALL_S_N8_P-0.005_M0.990_G2,stalled_underwater,278,8040.59,-11.38,63.31,330.1,78,-3550.08,-44.84,26.29,7.17,2,-44.84
STALL_S_N8_P-0.010_M0.005_G0,stalled_underwater,278,7755.61,-296.36,62.95,330.1,79,-3749.61,15.38,-254.37,-57.37,2,-155.07
STALL_S_N8_P-0.010_M0.005_G1,stalled_underwater,278,7762.09,-289.88,62.95,330.1,79,-3743.13,-48.01,-235.68,-6.19,1,-146.04
STALL_S_N8_P-0.010_M0.005_G2,stalled_underwater,278,8051.97,0.0,63.31,330.1,78,-3538.7,0.0,0.0,0.0,0,0.0
STALL_S_N8_P-0.010_M0.010_G0,stalled_underwater,278,7481.85,-570.12,62.23,330.1,81,-3963.49,-238.46,-261.02,-70.64,1,-228.75
STALL_S_N8_P-0.010_M0.010_G1,stalled_underwater,278,7707.51,-344.46,62.95,330.1,79,-3797.71,-71.13,-252.35,-20.98,0,-146.04
STALL_S_N8_P-0.010_M0.010_G2,stalled_underwater,278,8007.13,-44.84,63.31,330.1,78,-3583.54,-44.84,0.0,0.0,0,-44.84
STALL_S_N8_P-0.010_M0.990_G0,stalled_underwater,278,7458.56,-593.41,62.23,330.1,81,-3986.78,-234.02,-277.56,-81.83,1,-228.75
STALL_S_N8_P-0.010_M0.990_G1,stalled_underwater,278,7660.88,-391.09,62.95,330.1,79,-3844.34,-61.15,-270.88,-59.06,1,-164.57
STALL_S_N8_P-0.010_M0.990_G2,stalled_underwater,278,8023.36,-28.61,63.31,330.1,78,-3567.31,-44.84,16.23,0.0,1,-44.84
GRACE_L_LOSS0.0050_X1_IMP0,shallow_loss_grace,281,8154.0,102.03,64.06,308.85,75,-3547.83,90.7,57.93,-46.6,3,-9.62
GRACE_L_LOSS0.0050_X1_IMP1,shallow_loss_grace,278,8069.75,17.78,63.67,328.07,77,-3523.89,25.37,2.03,-9.62,3,-9.62
GRACE_L_LOSS0.0050_X2_IMP0,shallow_loss_grace,280,8174.5,122.53,64.64,296.56,72,-3500.71,98.61,33.54,-9.62,4,-9.62
GRACE_L_LOSS0.0050_X2_IMP1,shallow_loss_grace,278,8062.92,10.95,64.03,352.46,75,-3504.1,42.93,-22.36,-9.62,2,-22.36
GRACE_L_LOSS0.0050_X3_IMP0,shallow_loss_grace,280,8174.5,122.53,64.64,296.56,72,-3500.71,98.61,33.54,-9.62,4,-9.62
GRACE_L_LOSS0.0050_X3_IMP1,shallow_loss_grace,278,8062.92,10.95,64.03,352.46,75,-3504.1,42.93,-22.36,-9.62,2,-22.36
GRACE_L_LOSS0.0050_X4_IMP0,shallow_loss_grace,280,8174.5,122.53,64.64,296.56,72,-3500.71,98.61,33.54,-9.62,4,-9.62
GRACE_L_LOSS0.0050_X4_IMP1,shallow_loss_grace,278,8062.92,10.95,64.03,352.46,75,-3504.1,42.93,-22.36,-9.62,2,-22.36
GRACE_L_LOSS0.0050_X5_IMP0,shallow_loss_grace,280,8174.5,122.53,64.64,296.56,72,-3500.71,98.61,33.54,-9.62,4,-9.62
GRACE_L_LOSS0.0050_X5_IMP1,shallow_loss_grace,278,8062.92,10.95,64.03,352.46,75,-3504.1,42.93,-22.36,-9.62,2,-22.36
GRACE_L_LOSS0.0050_X6_IMP0,shallow_loss_grace,280,8174.5,122.53,64.64,296.56,72,-3500.71,98.61,33.54,-9.62,4,-9.62
GRACE_L_LOSS0.0050_X6_IMP1,shallow_loss_grace,278,8062.92,10.95,64.03,352.46,75,-3504.1,42.93,-22.36,-9.62,2,-22.36
GRACE_L_LOSS0.0075_X1_IMP0,shallow_loss_grace,279,8188.2,136.23,64.52,276.3,73,-3496.29,133.21,-0.07,3.09,5,-58.0
GRACE_L_LOSS0.0075_X1_IMP1,shallow_loss_grace,276,8054.26,2.29,63.77,328.07,76,-3519.8,67.88,-55.97,-9.62,4,-58.0
GRACE_L_LOSS0.0075_X2_IMP0,shallow_loss_grace,279,8131.85,79.88,64.87,296.65,71,-3526.02,79.61,-23.18,23.45,4,-58.0
GRACE_L_LOSS0.0075_X2_IMP1,shallow_loss_grace,276,7997.81,-54.16,64.13,352.46,74,-3549.63,35.82,-80.36,-9.62,2,-58.0
GRACE_L_LOSS0.0075_X3_IMP0,shallow_loss_grace,279,8109.18,57.21,64.87,298.15,70,-3538.51,65.33,-24.68,16.56,4,-58.0
GRACE_L_LOSS0.0075_X3_IMP1,shallow_loss_grace,276,7997.81,-54.16,64.13,352.46,74,-3549.63,35.82,-80.36,-9.62,2,-58.0
GRACE_L_LOSS0.0075_X4_IMP0,shallow_loss_grace,279,8050.54,-1.43,64.87,313.67,70,-3597.15,65.33,-40.2,-26.56,3,-58.0
GRACE_L_LOSS0.0075_X4_IMP1,shallow_loss_grace,276,7997.81,-54.16,64.13,352.46,74,-3549.63,35.82,-80.36,-9.62,2,-58.0
GRACE_L_LOSS0.0075_X5_IMP0,shallow_loss_grace,279,8050.54,-1.43,64.87,313.67,70,-3597.15,65.33,-40.2,-26.56,3,-58.0
GRACE_L_LOSS0.0075_X5_IMP1,shallow_loss_grace,276,7997.81,-54.16,64.13,352.46,74,-3549.63,35.82,-80.36,-9.62,2,-58.0
GRACE_L_LOSS0.0075_X6_IMP0,shallow_loss_grace,279,8050.54,-1.43,64.87,313.67,70,-3597.15,65.33,-40.2,-26.56,3,-58.0
GRACE_L_LOSS0.0075_X6_IMP1,shallow_loss_grace,276,7997.81,-54.16,64.13,352.46,74,-3549.63,35.82,-80.36,-9.62,2,-58.0
GRACE_L_LOSS0.0100_X1_IMP0,shallow_loss_grace,276,7976.58,-75.39,64.13,304.56,73,-3546.35,-75.91,-3.18,3.7,3,-89.44
GRACE_L_LOSS0.0100_X1_IMP1,shallow_loss_grace,276,8028.17,-23.8,63.77,328.07,76,-3545.89,41.79,-55.97,-9.62,3,-58.0
GRACE_L_LOSS0.0100_X2_IMP0,shallow_loss_grace,271,7872.31,-179.66,64.21,316.45,70,-3564.28,-175.39,-30.21,25.94,2,-101.33
GRACE_L_LOSS0.0100_X2_IMP1,shallow_loss_grace,276,7971.72,-80.25,64.13,352.46,74,-3575.72,9.73,-80.36,-9.62,1,-58.0
GRACE_L_LOSS0.0100_X3_IMP0,shallow_loss_grace,271,7831.61,-220.36,64.21,328.45,69,-3594.8,-201.67,-31.71,13.02,2,-113.33
GRACE_L_LOSS0.0100_X3_IMP1,shallow_loss_grace,276,7971.72,-80.25,64.13,352.46,74,-3575.72,9.73,-80.36,-9.62,1,-58.0
GRACE_L_LOSS0.0100_X4_IMP0,shallow_loss_grace,271,7785.89,-266.08,64.21,328.45,69,-3640.52,-201.22,-47.23,-17.63,1,-113.33
GRACE_L_LOSS0.0100_X4_IMP1,shallow_loss_grace,276,7971.72,-80.25,64.13,352.46,74,-3575.72,9.73,-80.36,-9.62,1,-58.0
GRACE_L_LOSS0.0100_X5_IMP0,shallow_loss_grace,271,7775.38,-276.59,64.21,328.45,69,-3651.03,-204.8,-50.27,-21.52,1,-113.33
GRACE_L_LOSS0.0100_X5_IMP1,shallow_loss_grace,276,7971.72,-80.25,64.13,352.46,74,-3575.72,9.73,-80.36,-9.62,1,-58.0
GRACE_L_LOSS0.0100_X6_IMP0,shallow_loss_grace,271,7776.17,-275.8,64.21,328.45,69,-3650.24,-193.71,-50.27,-31.82,1,-113.33
GRACE_L_LOSS0.0100_X6_IMP1,shallow_loss_grace,276,7971.72,-80.25,64.13,352.46,74,-3575.72,9.73,-80.36,-9.62,1,-58.0
GRACE_L_LOSS0.0125_X1_IMP0,shallow_loss_grace,276,7801.04,-250.93,64.13,304.56,72,-3538.36,-75.91,-50.68,-124.34,2,-123.28
GRACE_L_LOSS0.0125_X1_IMP1,shallow_loss_grace,276,7919.92,-132.05,63.77,328.07,75,-3470.61,41.79,-30.41,-143.43,3,-143.43
GRACE_L_LOSS0.0125_X2_IMP0,shallow_loss_grace,273,7643.17,-408.8,64.1,316.45,69,-3611.84,-203.03,-65.66,-140.11,1,-140.93
GRACE_L_LOSS0.0125_X2_IMP1,shallow_loss_grace,275,7832.73,-219.24,64.0,352.46,72,-3499.01,9.73,-47.02,-181.95,1,-181.95
GRACE_L_LOSS0.0125_X3_IMP0,shallow_loss_grace,270,7691.72,-360.25,64.81,328.45,65,-3462.23,-274.08,-33.11,-53.06,1,-185.74
GRACE_L_LOSS0.0125_X3_IMP1,shallow_loss_grace,275,7832.73,-219.24,64.0,352.46,72,-3499.01,9.73,-47.02,-181.95,1,-181.95
GRACE_L_LOSS0.0125_X4_IMP0,shallow_loss_grace,270,7683.74,-368.23,65.19,322.63,64,-3496.66,-267.53,-16.99,-83.71,1,-179.64
GRACE_L_LOSS0.0125_X4_IMP1,shallow_loss_grace,275,7832.73,-219.24,64.0,352.46,72,-3499.01,9.73,-47.02,-181.95,1,-181.95
GRACE_L_LOSS0.0125_X5_IMP0,shallow_loss_grace,270,7657.44,-394.53,65.19,331.52,64,-3522.96,-280.28,-26.65,-87.6,1,-188.81
GRACE_L_LOSS0.0125_X5_IMP1,shallow_loss_grace,275,7832.73,-219.24,64.0,352.46,72,-3499.01,9.73,-47.02,-181.95,1,-181.95
GRACE_L_LOSS0.0125_X6_IMP0,shallow_loss_grace,270,7640.16,-411.81,65.19,338.03,64,-3540.24,-269.19,-44.72,-97.9,0,-188.81
GRACE_L_LOSS0.0125_X6_IMP1,shallow_loss_grace,275,7832.73,-219.24,64.0,352.46,72,-3499.01,9.73,-47.02,-181.95,1,-181.95
GRACE_L_LOSS0.0150_X1_IMP0,shallow_loss_grace,276,7801.62,-250.35,64.13,304.56,72,-3537.78,-88.59,-37.42,-124.34,2,-123.28
GRACE_L_LOSS0.0150_X1_IMP1,shallow_loss_grace,276,7919.92,-132.05,63.77,328.07,75,-3470.61,41.79,-30.41,-143.43,3,-143.43
GRACE_L_LOSS0.0150_X2_IMP0,shallow_loss_grace,273,7669.19,-382.78,64.1,316.45,69,-3585.82,-211.6,-31.07,-140.11,1,-140.93
GRACE_L_LOSS0.0150_X2_IMP1,shallow_loss_grace,275,7832.73,-219.24,64.0,352.46,72,-3499.01,9.73,-47.02,-181.95,1,-181.95
GRACE_L_LOSS0.0150_X3_IMP0,shallow_loss_grace,270,7716.14,-335.83,64.81,328.45,65,-3437.81,-326.57,43.8,-53.06,1,-185.74
GRACE_L_LOSS0.0150_X3_IMP1,shallow_loss_grace,275,7832.73,-219.24,64.0,352.46,72,-3499.01,9.73,-47.02,-181.95,1,-181.95
GRACE_L_LOSS0.0150_X4_IMP0,shallow_loss_grace,270,7749.06,-302.91,65.56,322.63,63,-3475.25,-320.02,100.82,-83.71,2,-179.64
GRACE_L_LOSS0.0150_X4_IMP1,shallow_loss_grace,275,7832.73,-219.24,64.0,352.46,72,-3499.01,9.73,-47.02,-181.95,1,-181.95
GRACE_L_LOSS0.0150_X5_IMP0,shallow_loss_grace,270,7738.53,-313.44,65.56,331.52,63,-3485.78,-332.77,108.84,-89.51,2,-188.81
GRACE_L_LOSS0.0150_X5_IMP1,shallow_loss_grace,275,7832.73,-219.24,64.0,352.46,72,-3499.01,9.73,-47.02,-181.95,1,-181.95
GRACE_L_LOSS0.0150_X6_IMP0,shallow_loss_grace,270,7709.71,-342.26,65.56,335.34,63,-3514.6,-325.5,92.95,-109.71,2,-192.63
GRACE_L_LOSS0.0150_X6_IMP1,shallow_loss_grace,275,7832.73,-219.24,64.0,352.46,72,-3499.01,9.73,-47.02,-181.95,1,-181.95
GRACE_L_LOSS0.0175_X1_IMP0,shallow_loss_grace,278,7707.94,-344.03,64.03,304.56,73,-3643.73,-182.27,-37.42,-124.34,1,-123.28
GRACE_L_LOSS0.0175_X1_IMP1,shallow_loss_grace,276,7873.57,-178.4,63.77,328.07,75,-3516.96,-4.56,-30.41,-143.43,2,-143.43
GRACE_L_LOSS0.0175_X2_IMP0,shallow_loss_grace,275,7660.33,-391.64,64.0,316.45,70,-3606.95,-220.46,-31.07,-140.11,1,-140.93
GRACE_L_LOSS0.0175_X2_IMP1,shallow_loss_grace,275,7786.38,-265.59,64.0,352.46,72,-3545.36,-36.62,-47.02,-181.95,1,-181.95
GRACE_L_LOSS0.0175_X3_IMP0,shallow_loss_grace,272,7738.41,-313.56,64.71,328.45,65,-3423.64,-311.83,43.8,-45.53,1,-175.6
GRACE_L_LOSS0.0175_X3_IMP1,shallow_loss_grace,275,7786.38,-265.59,64.0,352.46,72,-3545.36,-36.62,-47.02,-181.95,1,-181.95
GRACE_L_LOSS0.0175_X4_IMP0,shallow_loss_grace,272,7796.91,-255.06,65.44,322.35,62,-3406.53,-300.06,100.82,-55.82,3,-183.65
GRACE_L_LOSS0.0175_X4_IMP1,shallow_loss_grace,275,7786.38,-265.59,64.0,352.46,72,-3545.36,-36.62,-47.02,-181.95,1,-181.95
GRACE_L_LOSS0.0175_X5_IMP0,shallow_loss_grace,272,7760.97,-291.0,65.44,331.52,62,-3442.47,-302.37,83.08,-71.71,3,-182.38
GRACE_L_LOSS0.0175_X5_IMP1,shallow_loss_grace,275,7786.38,-265.59,64.0,352.46,72,-3545.36,-36.62,-47.02,-181.95,1,-181.95
GRACE_L_LOSS0.0175_X6_IMP0,shallow_loss_grace,269,7741.09,-310.88,65.43,317.82,61,-3446.02,-284.98,67.19,-93.09,3,-176.08
GRACE_L_LOSS0.0175_X6_IMP1,shallow_loss_grace,275,7786.38,-265.59,64.0,352.46,72,-3545.36,-36.62,-47.02,-181.95,1,-181.95
GRACE_L_LOSS0.0200_X1_IMP0,shallow_loss_grace,278,7700.27,-351.7,64.03,304.56,73,-3651.4,-189.94,-37.42,-124.34,1,-123.28
GRACE_L_LOSS0.0200_X1_IMP1,shallow_loss_grace,276,7873.57,-178.4,63.77,328.07,75,-3516.96,-4.56,-30.41,-143.43,2,-143.43
GRACE_L_LOSS0.0200_X2_IMP0,shallow_loss_grace,272,7381.33,-670.64,63.6,316.45,70,-3616.3,-499.46,-31.07,-140.11,1,-307.06
GRACE_L_LOSS0.0200_X2_IMP1,shallow_loss_grace,275,7786.38,-265.59,64.0,352.46,72,-3545.36,-36.62,-47.02,-181.95,1,-181.95
GRACE_L_LOSS0.0200_X3_IMP0,shallow_loss_grace,270,7355.26,-696.71,64.07,328.45,66,-3537.14,-694.98,43.8,-45.53,1,-394.02
GRACE_L_LOSS0.0200_X3_IMP1,shallow_loss_grace,275,7786.38,-265.59,64.0,352.46,72,-3545.36,-36.62,-47.02,-181.95,1,-181.95
GRACE_L_LOSS0.0200_X4_IMP0,shallow_loss_grace,270,7400.57,-651.4,64.81,322.35,63,-3533.22,-696.4,100.82,-55.82,2,-387.84
GRACE_L_LOSS0.0200_X4_IMP1,shallow_loss_grace,275,7786.38,-265.59,64.0,352.46,72,-3545.36,-36.62,-47.02,-181.95,1,-181.95
GRACE_L_LOSS0.0200_X5_IMP0,shallow_loss_grace,270,7368.46,-683.51,64.81,331.52,63,-3565.33,-694.88,83.08,-71.71,2,-384.01
GRACE_L_LOSS0.0200_X5_IMP1,shallow_loss_grace,275,7786.38,-265.59,64.0,352.46,72,-3545.36,-36.62,-47.02,-181.95,1,-181.95
GRACE_L_LOSS0.0200_X6_IMP0,shallow_loss_grace,267,7352.98,-698.99,64.79,317.82,62,-3564.48,-673.09,67.19,-93.09,2,-379.61
GRACE_L_LOSS0.0200_X6_IMP1,shallow_loss_grace,275,7786.38,-265.59,64.0,352.46,72,-3545.36,-36.62,-47.02,-181.95,1,-181.95
GRACE_L_LOSS0.0225_X1_IMP0,shallow_loss_grace,278,7703.81,-348.16,64.03,304.56,73,-3647.86,-189.94,-33.88,-124.34,1,-123.28
GRACE_L_LOSS0.0225_X1_IMP1,shallow_loss_grace,276,7877.11,-174.86,63.77,324.53,75,-3513.42,-4.56,-26.87,-143.43,2,-143.43
GRACE_L_LOSS0.0225_X2_IMP0,shallow_loss_grace,272,7392.45,-659.52,63.6,316.45,70,-3605.18,-499.46,-19.95,-140.11,1,-307.06
GRACE_L_LOSS0.0225_X2_IMP1,shallow_loss_grace,275,7797.5,-254.47,64.0,341.34,72,-3534.24,-36.62,-35.9,-181.95,1,-181.95
GRACE_L_LOSS0.0225_X3_IMP0,shallow_loss_grace,270,7350.86,-701.11,64.07,328.45,66,-3541.54,-701.8,46.22,-45.53,1,-394.02
GRACE_L_LOSS0.0225_X3_IMP1,shallow_loss_grace,275,7788.8,-263.17,64.0,350.04,72,-3542.94,-36.62,-44.6,-181.95,1,-181.95
GRACE_L_LOSS0.0225_X4_IMP0,shallow_loss_grace,270,7405.19,-646.78,64.81,322.35,63,-3528.6,-703.22,112.26,-55.82,2,-387.84
GRACE_L_LOSS0.0225_X4_IMP1,shallow_loss_grace,275,7788.8,-263.17,64.0,350.04,72,-3542.94,-36.62,-44.6,-181.95,1,-181.95
GRACE_L_LOSS0.0225_X5_IMP0,shallow_loss_grace,270,7368.29,-683.68,64.81,331.52,63,-3565.5,-701.7,89.73,-71.71,2,-384.01
GRACE_L_LOSS0.0225_X5_IMP1,shallow_loss_grace,275,7788.8,-263.17,64.0,350.04,72,-3542.94,-36.62,-44.6,-181.95,1,-181.95
GRACE_L_LOSS0.0225_X6_IMP0,shallow_loss_grace,267,7351.98,-699.99,64.79,317.82,62,-3565.48,-679.91,73.01,-93.09,2,-379.61
GRACE_L_LOSS0.0225_X6_IMP1,shallow_loss_grace,275,7788.8,-263.17,64.0,350.04,72,-3542.94,-36.62,-44.6,-181.95,1,-181.95
GRACE_L_LOSS0.0250_X1_IMP0,shallow_loss_grace,278,7703.81,-348.16,64.03,304.56,73,-3647.86,-189.94,-33.88,-124.34,1,-123.28
GRACE_L_LOSS0.0250_X1_IMP1,shallow_loss_grace,276,7877.11,-174.86,63.77,324.53,75,-3513.42,-4.56,-26.87,-143.43,2,-143.43
GRACE_L_LOSS0.0250_X2_IMP0,shallow_loss_grace,272,7392.45,-659.52,63.6,316.45,70,-3605.18,-499.46,-19.95,-140.11,1,-307.06
GRACE_L_LOSS0.0250_X2_IMP1,shallow_loss_grace,275,7797.5,-254.47,64.0,341.34,72,-3534.24,-36.62,-35.9,-181.95,1,-181.95
GRACE_L_LOSS0.0250_X3_IMP0,shallow_loss_grace,270,7339.73,-712.24,64.07,328.45,66,-3552.67,-712.93,46.22,-45.53,1,-405.15
GRACE_L_LOSS0.0250_X3_IMP1,shallow_loss_grace,275,7788.8,-263.17,64.0,350.04,72,-3542.94,-36.62,-44.6,-181.95,1,-181.95
GRACE_L_LOSS0.0250_X4_IMP0,shallow_loss_grace,270,7366.33,-685.64,64.81,322.35,63,-3567.46,-742.08,112.26,-55.82,2,-398.97
GRACE_L_LOSS0.0250_X4_IMP1,shallow_loss_grace,275,7788.8,-263.17,64.0,350.04,72,-3542.94,-36.62,-44.6,-181.95,1,-181.95
GRACE_L_LOSS0.0250_X5_IMP0,shallow_loss_grace,270,7350.99,-700.98,64.81,331.52,63,-3582.8,-719.0,89.73,-71.71,2,-403.88
GRACE_L_LOSS0.0250_X5_IMP1,shallow_loss_grace,275,7788.8,-263.17,64.0,350.04,72,-3542.94,-36.62,-44.6,-181.95,1,-181.95
GRACE_L_LOSS0.0250_X6_IMP0,shallow_loss_grace,263,7032.68,-1019.29,64.26,317.82,61,-3511.05,-999.21,73.01,-93.09,2,-423.65
GRACE_L_LOSS0.0250_X6_IMP1,shallow_loss_grace,275,7788.8,-263.17,64.0,350.04,72,-3542.94,-36.62,-44.6,-181.95,1,-181.95
GRACE_S_LOSS0.0050_X1_IMP0,shallow_loss_grace,278,8160.81,108.84,64.03,330.1,75,-3539.73,33.68,0.07,75.09,3,-25.6
GRACE_S_LOSS0.0050_X1_IMP1,shallow_loss_grace,278,8173.96,121.99,64.03,330.1,75,-3526.58,36.15,0.07,85.77,3,-25.6
GRACE_S_LOSS0.0050_X2_IMP0,shallow_loss_grace,278,8146.17,94.2,64.03,330.1,75,-3554.37,22.71,-6.86,78.35,2,-25.6
GRACE_S_LOSS0.0050_X2_IMP1,shallow_loss_grace,278,8167.03,115.06,64.03,330.1,75,-3533.51,36.15,-6.86,85.77,2,-25.6
GRACE_S_LOSS0.0050_X3_IMP0,shallow_loss_grace,278,8147.59,95.62,64.03,330.1,75,-3552.95,22.71,-6.86,79.77,2,-25.6
GRACE_S_LOSS0.0050_X3_IMP1,shallow_loss_grace,278,8167.03,115.06,64.03,330.1,75,-3533.51,36.15,-6.86,85.77,2,-25.6
GRACE_S_LOSS0.0050_X4_IMP0,shallow_loss_grace,278,8149.93,97.96,64.03,330.1,75,-3550.61,22.71,-6.86,82.11,2,-25.6
GRACE_S_LOSS0.0050_X4_IMP1,shallow_loss_grace,278,8167.03,115.06,64.03,330.1,75,-3533.51,36.15,-6.86,85.77,2,-25.6
GRACE_S_LOSS0.0050_X5_IMP0,shallow_loss_grace,278,8150.15,98.18,64.03,330.1,75,-3550.39,22.71,-6.86,82.33,2,-25.6
GRACE_S_LOSS0.0050_X5_IMP1,shallow_loss_grace,278,8167.03,115.06,64.03,330.1,75,-3533.51,36.15,-6.86,85.77,2,-25.6
GRACE_S_LOSS0.0050_X6_IMP0,shallow_loss_grace,278,8148.33,96.36,64.03,330.1,75,-3552.21,22.71,-6.86,80.51,2,-25.6
GRACE_S_LOSS0.0050_X6_IMP1,shallow_loss_grace,278,8167.03,115.06,64.03,330.1,75,-3533.51,36.15,-6.86,85.77,2,-25.6
GRACE_S_LOSS0.0075_X1_IMP0,shallow_loss_grace,278,8090.78,38.81,64.03,346.22,74,-3597.47,30.81,-69.14,77.14,2,-47.21
GRACE_S_LOSS0.0075_X1_IMP1,shallow_loss_grace,278,8123.55,71.58,64.03,330.1,75,-3576.99,2.6,-16.79,85.77,2,-33.55
GRACE_S_LOSS0.0075_X2_IMP0,shallow_loss_grace,278,8053.88,1.91,64.03,346.22,74,-3634.37,27.21,-76.07,50.77,3,-47.21
GRACE_S_LOSS0.0075_X2_IMP1,shallow_loss_grace,278,8116.62,64.65,64.03,330.1,75,-3583.92,2.6,-23.72,85.77,2,-33.55
GRACE_S_LOSS0.0075_X3_IMP0,shallow_loss_grace,278,8054.29,2.32,64.03,346.22,74,-3633.96,26.07,-75.94,52.19,3,-47.21
GRACE_S_LOSS0.0075_X3_IMP1,shallow_loss_grace,278,8116.62,64.65,64.03,330.1,75,-3583.92,2.6,-23.72,85.77,2,-33.55
GRACE_S_LOSS0.0075_X4_IMP0,shallow_loss_grace,278,8055.01,3.04,64.03,346.22,73,-3630.81,23.87,-75.36,54.53,3,-47.21
GRACE_S_LOSS0.0075_X4_IMP1,shallow_loss_grace,278,8116.62,64.65,64.03,330.1,75,-3583.92,2.6,-23.72,85.77,2,-33.55
GRACE_S_LOSS0.0075_X5_IMP0,shallow_loss_grace,278,8049.7,-2.27,64.03,346.22,73,-3636.12,23.87,-80.89,54.75,3,-47.21
GRACE_S_LOSS0.0075_X5_IMP1,shallow_loss_grace,278,8116.62,64.65,64.03,330.1,75,-3583.92,2.6,-23.72,85.77,2,-33.55
GRACE_S_LOSS0.0075_X6_IMP0,shallow_loss_grace,278,8046.54,-5.43,64.03,346.22,73,-3639.28,23.87,-82.23,52.93,3,-47.21
GRACE_S_LOSS0.0075_X6_IMP1,shallow_loss_grace,278,8116.62,64.65,64.03,330.1,75,-3583.92,2.6,-23.72,85.77,2,-33.55
GRACE_S_LOSS0.0100_X1_IMP0,shallow_loss_grace,278,8030.98,-20.99,64.03,340.89,74,-3657.27,15.13,-113.26,77.14,2,-74.03
GRACE_S_LOSS0.0100_X1_IMP1,shallow_loss_grace,278,8071.81,19.84,64.03,332.39,75,-3628.73,2.6,-68.53,85.77,2,-65.53
GRACE_S_LOSS0.0100_X2_IMP0,shallow_loss_grace,278,8029.01,-22.96,64.03,320.47,74,-3659.24,11.53,-97.48,62.99,3,-60.15
GRACE_S_LOSS0.0100_X2_IMP1,shallow_loss_grace,278,8066.96,14.99,64.03,332.39,75,-3633.58,2.6,-73.38,85.77,2,-72.46
GRACE_S_LOSS0.0100_X3_IMP0,shallow_loss_grace,278,8111.77,59.8,64.03,308.36,74,-3576.48,10.39,-54.05,103.46,3,-41.28
GRACE_S_LOSS0.0100_X3_IMP1,shallow_loss_grace,278,8090.4,38.43,64.03,332.39,75,-3610.14,2.6,-49.94,85.77,3,-72.46
GRACE_S_LOSS0.0100_X4_IMP0,shallow_loss_grace,278,8246.05,194.08,64.75,278.16,70,-3535.32,8.19,-5.51,191.4,4,-41.28
GRACE_S_LOSS0.0100_X4_IMP1,shallow_loss_grace,278,8093.01,41.04,64.03,332.39,75,-3607.53,2.6,-47.33,85.77,3,-72.46
GRACE_S_LOSS0.0100_X5_IMP0,shallow_loss_grace,278,8186.87,134.9,64.75,273.33,70,-3594.5,8.19,-64.91,191.62,4,-70.44
GRACE_S_LOSS0.0100_X5_IMP1,shallow_loss_grace,278,8048.48,-3.49,64.03,332.39,75,-3652.06,2.6,-91.86,85.77,2,-72.46
GRACE_S_LOSS0.0100_X6_IMP0,shallow_loss_grace,278,8171.23,119.26,64.75,285.12,70,-3610.14,8.19,-78.73,189.8,3,-70.44
GRACE_S_LOSS0.0100_X6_IMP1,shallow_loss_grace,278,8048.48,-3.49,64.03,332.39,75,-3652.06,2.6,-91.86,85.77,2,-72.46
GRACE_S_LOSS0.0125_X1_IMP0,shallow_loss_grace,278,8029.23,-22.74,64.03,340.89,74,-3659.02,22.7,-113.26,67.82,2,-74.03
GRACE_S_LOSS0.0125_X1_IMP1,shallow_loss_grace,278,8062.49,10.52,64.03,332.39,75,-3638.05,2.6,-68.53,76.45,2,-65.53
GRACE_S_LOSS0.0125_X2_IMP0,shallow_loss_grace,278,8031.09,-20.88,64.03,320.47,74,-3657.16,22.93,-97.48,53.67,3,-60.15
GRACE_S_LOSS0.0125_X2_IMP1,shallow_loss_grace,278,8057.64,5.67,64.03,332.39,75,-3642.9,2.6,-73.38,76.45,2,-72.46
GRACE_S_LOSS0.0125_X3_IMP0,shallow_loss_grace,278,8138.37,86.4,64.39,320.21,73,-3557.23,65.19,-65.9,87.11,4,-37.38
GRACE_S_LOSS0.0125_X3_IMP1,shallow_loss_grace,278,8081.08,29.11,64.03,332.39,75,-3619.46,2.6,-49.94,76.45,3,-72.46
GRACE_S_LOSS0.0125_X4_IMP0,shallow_loss_grace,278,8293.23,241.26,65.11,278.16,69,-3495.49,83.57,-17.36,175.05,5,-25.91
GRACE_S_LOSS0.0125_X4_IMP1,shallow_loss_grace,278,8083.69,31.72,64.03,332.39,75,-3616.85,2.6,-47.33,76.45,3,-72.46
GRACE_S_LOSS0.0125_X5_IMP0,shallow_loss_grace,278,8207.46,155.49,65.11,273.33,69,-3581.26,56.98,-76.76,175.27,4,-70.44
GRACE_S_LOSS0.0125_X5_IMP1,shallow_loss_grace,278,8039.16,-12.81,64.03,332.39,75,-3661.38,2.6,-91.86,76.45,2,-72.46
GRACE_S_LOSS0.0125_X6_IMP0,shallow_loss_grace,278,8173.62,121.65,65.11,285.12,69,-3615.1,76.99,-128.79,173.45,4,-108.65
GRACE_S_LOSS0.0125_X6_IMP1,shallow_loss_grace,278,8039.16,-12.81,64.03,332.39,75,-3661.38,2.6,-91.86,76.45,2,-72.46
GRACE_S_LOSS0.0150_X1_IMP0,shallow_loss_grace,278,8010.52,-41.45,64.39,340.89,73,-3689.1,8.17,-113.26,63.64,2,-91.72
GRACE_S_LOSS0.0150_X1_IMP1,shallow_loss_grace,278,8060.44,8.47,64.03,332.39,75,-3640.1,0.55,-68.53,76.45,2,-65.53
GRACE_S_LOSS0.0150_X2_IMP0,shallow_loss_grace,278,7956.39,-95.58,64.39,320.47,73,-3743.23,-47.59,-97.48,49.49,2,-77.84
GRACE_S_LOSS0.0150_X2_IMP1,shallow_loss_grace,278,8055.59,3.62,64.03,332.39,75,-3644.95,0.55,-73.38,76.45,2,-72.46
GRACE_S_LOSS0.0150_X3_IMP0,shallow_loss_grace,278,8063.36,11.39,64.75,320.21,72,-3643.61,-5.64,-65.9,82.93,3,-55.8
GRACE_S_LOSS0.0150_X3_IMP1,shallow_loss_grace,278,8079.03,27.06,64.03,332.39,75,-3621.51,0.55,-49.94,76.45,3,-72.46
GRACE_S_LOSS0.0150_X4_IMP0,shallow_loss_grace,278,8278.53,226.56,65.47,278.16,68,-3521.56,19.65,28.86,178.05,5,-31.33
GRACE_S_LOSS0.0150_X4_IMP1,shallow_loss_grace,278,8081.64,29.67,64.03,332.39,75,-3618.9,0.55,-47.33,76.45,3,-72.46
GRACE_S_LOSS0.0150_X5_IMP0,shallow_loss_grace,278,8222.77,170.8,65.47,273.67,68,-3577.32,-8.28,-0.88,179.96,4,-32.67
GRACE_S_LOSS0.0150_X5_IMP1,shallow_loss_grace,278,8037.11,-14.86,64.03,332.39,75,-3663.43,0.55,-91.86,76.45,2,-72.46
GRACE_S_LOSS0.0150_X6_IMP0,shallow_loss_grace,278,8124.22,72.25,65.47,310.75,68,-3672.83,-6.63,-102.24,181.12,2,-94.47
GRACE_S_LOSS0.0150_X6_IMP1,shallow_loss_grace,278,8037.11,-14.86,64.03,332.39,75,-3663.43,0.55,-91.86,76.45,2,-72.46
GRACE_S_LOSS0.0175_X1_IMP0,shallow_loss_grace,278,8033.44,-18.53,64.39,340.89,73,-3666.18,1.35,-113.26,93.38,2,-91.72
GRACE_S_LOSS0.0175_X1_IMP1,shallow_loss_grace,278,8059.78,7.81,64.03,332.39,75,-3640.76,-6.27,-68.53,82.61,2,-65.53
GRACE_S_LOSS0.0175_X2_IMP0,shallow_loss_grace,278,7943.0,-108.97,64.39,320.47,73,-3756.62,-154.18,-58.61,103.82,3,-144.76
GRACE_S_LOSS0.0175_X2_IMP1,shallow_loss_grace,278,7972.05,-79.92,64.03,332.39,75,-3728.49,-96.85,-73.38,90.31,2,-123.0
GRACE_S_LOSS0.0175_X3_IMP0,shallow_loss_grace,278,8088.28,36.31,64.75,320.21,72,-3618.69,-112.23,-5.59,154.13,3,-91.22
GRACE_S_LOSS0.0175_X3_IMP1,shallow_loss_grace,278,8000.68,-51.29,64.03,332.39,75,-3699.86,-96.85,-49.94,95.5,3,-123.0
GRACE_S_LOSS0.0175_X4_IMP0,shallow_loss_grace,278,8259.08,207.11,65.47,278.16,68,-3541.01,-86.94,52.46,241.59,4,-70.64
GRACE_S_LOSS0.0175_X4_IMP1,shallow_loss_grace,278,7999.34,-52.63,64.03,332.39,75,-3701.2,-96.85,-47.33,91.55,3,-123.0
GRACE_S_LOSS0.0175_X5_IMP0,shallow_loss_grace,278,8163.2,111.23,65.47,280.59,68,-3636.89,-121.79,17.48,215.54,2,-86.44
GRACE_S_LOSS0.0175_X5_IMP1,shallow_loss_grace,278,7954.81,-97.16,64.03,332.39,75,-3745.73,-96.85,-91.86,91.55,2,-123.0
GRACE_S_LOSS0.0175_X6_IMP0,shallow_loss_grace,278,8088.66,36.69,65.47,317.67,68,-3708.39,-120.14,-59.36,216.19,1,-66.43
GRACE_S_LOSS0.0175_X6_IMP1,shallow_loss_grace,278,7954.81,-97.16,64.03,332.39,75,-3745.73,-96.85,-91.86,91.55,2,-123.0
GRACE_S_LOSS0.0200_X1_IMP0,shallow_loss_grace,278,8059.57,7.6,64.39,340.89,73,-3640.05,1.35,-110.9,117.15,2,-89.36
GRACE_S_LOSS0.0200_X1_IMP1,shallow_loss_grace,278,8085.91,33.94,64.03,332.39,75,-3614.63,-6.27,-66.17,106.38,2,-63.17
GRACE_S_LOSS0.0200_X2_IMP0,shallow_loss_grace,278,7973.54,-78.43,64.39,320.47,73,-3726.08,-183.28,-65.36,170.21,3,-173.86
GRACE_S_LOSS0.0200_X2_IMP1,shallow_loss_grace,278,8023.79,-28.18,64.03,332.39,75,-3676.75,-96.85,-80.13,148.8,2,-123.0
GRACE_S_LOSS0.0200_X3_IMP0,shallow_loss_grace,278,8145.73,93.76,64.75,320.21,71,-3505.03,-147.82,-12.34,253.92,3,-126.81
GRACE_S_LOSS0.0200_X3_IMP1,shallow_loss_grace,278,8077.01,25.04,64.03,332.39,74,-3567.32,-96.85,-56.69,178.58,3,-123.0
GRACE_S_LOSS0.0200_X4_IMP0,shallow_loss_grace,278,8277.48,225.51,65.47,284.91,67,-3466.4,-131.43,45.71,311.23,4,-115.13
GRACE_S_LOSS0.0200_X4_IMP1,shallow_loss_grace,278,8056.85,4.88,64.03,332.39,74,-3587.48,-96.85,-54.08,155.81,3,-123.0
GRACE_S_LOSS0.0200_X5_IMP0,shallow_loss_grace,278,8208.11,156.14,65.47,280.59,67,-3535.77,-166.28,10.73,311.69,2,-130.93
GRACE_S_LOSS0.0200_X5_IMP1,shallow_loss_grace,278,8012.32,-39.65,64.03,332.39,74,-3632.01,-96.85,-98.61,155.81,2,-123.0
GRACE_S_LOSS0.0200_X6_IMP0,shallow_loss_grace,278,8116.91,64.94,65.47,310.75,67,-3623.93,-157.71,-66.11,288.76,1,-110.92
GRACE_S_LOSS0.0200_X6_IMP1,shallow_loss_grace,278,8012.32,-39.65,64.03,332.39,74,-3632.01,-96.85,-98.61,155.81,2,-123.0
GRACE_S_LOSS0.0225_X1_IMP0,shallow_loss_grace,278,8099.44,47.47,64.39,340.89,73,-3600.18,1.35,-110.9,157.02,2,-60.58
GRACE_S_LOSS0.0225_X1_IMP1,shallow_loss_grace,278,8086.22,34.25,64.03,332.39,75,-3614.32,-6.27,-66.17,106.69,2,-62.86
GRACE_S_LOSS0.0225_X2_IMP0,shallow_loss_grace,278,7939.21,-112.76,64.39,320.47,72,-3575.61,-183.28,-65.36,135.88,3,-173.86
GRACE_S_LOSS0.0225_X2_IMP1,shallow_loss_grace,278,7923.43,-128.54,64.03,332.39,74,-3592.31,-96.85,-80.13,48.44,2,-179.57
GRACE_S_LOSS0.0225_X3_IMP0,shallow_loss_grace,278,8103.6,51.63,64.75,320.21,70,-3362.36,-147.82,-15.02,214.47,3,-126.81
GRACE_S_LOSS0.0225_X3_IMP1,shallow_loss_grace,278,7976.65,-75.32,64.03,332.39,73,-3482.88,-96.85,-56.69,78.22,3,-179.57
GRACE_S_LOSS0.0225_X4_IMP0,shallow_loss_grace,278,8158.81,106.84,65.47,342.08,66,-3400.27,-131.43,-11.46,249.73,3,-115.13
GRACE_S_LOSS0.0225_X4_IMP1,shallow_loss_grace,278,7956.49,-95.48,64.03,332.39,73,-3503.04,-96.85,-54.08,55.45,3,-179.57
GRACE_S_LOSS0.0225_X5_IMP0,shallow_loss_grace,278,8085.73,33.76,65.47,337.25,66,-3473.35,-175.01,-46.44,255.21,1,-139.66
GRACE_S_LOSS0.0225_X5_IMP1,shallow_loss_grace,278,7911.96,-140.01,64.03,332.39,73,-3547.57,-96.85,-98.61,55.45,2,-179.57
GRACE_S_LOSS0.0225_X6_IMP0,shallow_loss_grace,278,8002.24,-49.73,65.47,349.04,66,-3553.8,-166.44,-123.28,239.99,1,-133.34
GRACE_S_LOSS0.0225_X6_IMP1,shallow_loss_grace,278,7911.96,-140.01,64.03,332.39,73,-3547.57,-96.85,-98.61,55.45,2,-179.57
GRACE_S_LOSS0.0250_X1_IMP0,shallow_loss_grace,278,8066.35,14.38,64.39,340.89,73,-3633.27,-31.74,-110.9,157.02,2,-64.68
GRACE_S_LOSS0.0250_X1_IMP1,shallow_loss_grace,278,8057.23,5.26,64.03,332.39,75,-3643.31,-35.26,-66.17,106.69,2,-64.59
GRACE_S_LOSS0.0250_X2_IMP0,shallow_loss_grace,278,7921.96,-130.01,64.39,320.47,72,-3592.86,-170.04,-95.85,135.88,3,-177.96
GRACE_S_LOSS0.0250_X2_IMP1,shallow_loss_grace,278,7940.77,-111.2,64.03,332.39,74,-3574.97,-79.51,-80.13,48.44,2,-179.57
GRACE_S_LOSS0.0250_X3_IMP0,shallow_loss_grace,278,8080.53,28.56,64.75,320.21,70,-3385.43,-140.4,-45.51,214.47,3,-130.91
GRACE_S_LOSS0.0250_X3_IMP1,shallow_loss_grace,278,7988.17,-63.8,64.03,332.39,73,-3471.36,-85.33,-56.69,78.22,3,-179.57
GRACE_S_LOSS0.0250_X4_IMP0,shallow_loss_grace,278,8145.11,93.14,65.47,342.08,66,-3413.97,-114.64,-41.95,249.73,3,-142.98
GRACE_S_LOSS0.0250_X4_IMP1,shallow_loss_grace,278,7968.01,-83.96,64.03,332.39,73,-3491.52,-85.33,-54.08,55.45,3,-179.57
GRACE_S_LOSS0.0250_X5_IMP0,shallow_loss_grace,278,8096.34,44.37,65.47,337.25,66,-3462.74,-133.91,-76.93,255.21,2,-143.76
GRACE_S_LOSS0.0250_X5_IMP1,shallow_loss_grace,278,7923.48,-128.49,64.03,332.39,73,-3536.05,-85.33,-98.61,55.45,2,-179.57
GRACE_S_LOSS0.0250_X6_IMP0,shallow_loss_grace,278,8009.07,-42.9,65.47,349.04,65,-3543.78,-129.12,-153.77,239.99,2,-163.83
GRACE_S_LOSS0.0250_X6_IMP1,shallow_loss_grace,278,7923.48,-128.49,64.03,332.39,73,-3536.05,-85.33,-98.61,55.45,2,-179.57
RECLAIM_L_N1_C1_D0.000,breakout_reclaim,260,5412.9,-2639.07,52.69,464.85,108,-4183.26,-1075.13,-1040.45,-523.49,0,-772.96
RECLAIM_L_N1_C1_D0.001,breakout_reclaim,259,5579.34,-2472.63,54.44,444.62,103,-4117.97,-997.34,-1031.2,-444.09,0,-784.63
RECLAIM_L_N1_C1_D0.002,breakout_reclaim,263,6071.3,-1980.67,57.41,464.2,96,-4036.15,-688.64,-974.19,-317.84,0,-687.64
RECLAIM_L_N1_C2_D0.000,breakout_reclaim,267,6193.46,-1858.51,57.68,430.0,95,-4092.02,-467.91,-919.19,-471.41,1,-653.74
RECLAIM_L_N1_C2_D0.001,breakout_reclaim,266,6484.3,-1567.67,59.77,430.0,89,-3933.92,-462.41,-851.99,-253.27,1,-562.36
RECLAIM_L_N1_C2_D0.002,breakout_reclaim,266,6482.09,-1569.88,60.15,429.25,88,-3952.52,-475.97,-879.12,-214.79,1,-530.64
RECLAIM_L_N2_C1_D0.000,breakout_reclaim,263,5894.53,-2157.44,55.51,469.13,101,-4210.39,-655.87,-1056.67,-444.9,0,-656.14
RECLAIM_L_N2_C1_D0.001,breakout_reclaim,267,6081.44,-1970.53,57.3,448.9,97,-4190.55,-577.44,-962.03,-431.06,0,-667.81
RECLAIM_L_N2_C1_D0.002,breakout_reclaim,266,6336.74,-1715.23,59.02,457.33,92,-4060.62,-395.77,-991.78,-327.68,1,-681.07
RECLAIM_L_N2_C2_D0.000,breakout_reclaim,267,6193.46,-1858.51,57.68,430.0,95,-4092.02,-467.91,-919.19,-471.41,1,-653.74
RECLAIM_L_N2_C2_D0.001,breakout_reclaim,266,6484.3,-1567.67,59.77,430.0,89,-3933.92,-462.41,-851.99,-253.27,1,-562.36
RECLAIM_L_N2_C2_D0.002,breakout_reclaim,266,6482.09,-1569.88,60.15,429.25,88,-3952.52,-475.97,-879.12,-214.79,1,-530.64
RECLAIM_L_N3_C1_D0.000,breakout_reclaim,270,6212.85,-1839.12,57.04,462.96,99,-4181.86,-623.85,-971.88,-243.39,0,-522.87
RECLAIM_L_N3_C1_D0.001,breakout_reclaim,271,6411.47,-1640.5,58.3,464.75,96,-4211.22,-416.53,-968.62,-255.35,0,-540.08
RECLAIM_L_N3_C1_D0.002,breakout_reclaim,270,6626.5,-1425.47,59.63,468.15,91,-4090.22,-287.69,-985.52,-152.26,1,-543.48
RECLAIM_L_N3_C2_D0.000,breakout_reclaim,271,6490.77,-1561.2,58.67,435.22,94,-4034.87,-483.69,-831.4,-246.11,1,-510.55
RECLAIM_L_N3_C2_D0.001,breakout_reclaim,270,6860.03,-1191.94,60.37,439.98,89,-3898.3,-301.94,-831.11,-58.89,1,-423.93
RECLAIM_L_N3_C2_D0.002,breakout_reclaim,270,6839.87,-1212.1,60.74,446.87,87,-3914.1,-315.5,-868.68,-27.92,1,-435.76
RECLAIM_L_N4_C1_D0.000,breakout_reclaim,273,6875.39,-1176.58,59.71,380.46,89,-3848.18,-351.85,-602.22,-222.51,1,-551.86
RECLAIM_L_N4_C1_D0.001,breakout_reclaim,269,7079.8,-972.17,60.97,380.46,84,-3813.05,-339.9,-539.86,-92.41,1,-489.5
RECLAIM_L_N4_C1_D0.002,breakout_reclaim,270,7206.26,-845.71,61.85,383.86,83,-3834.22,-210.04,-543.26,-92.41,1,-489.5
RECLAIM_L_N4_C2_D0.000,breakout_reclaim,269,7068.85,-983.12,61.34,383.86,83,-3705.67,-211.01,-531.83,-240.28,1,-478.07
RECLAIM_L_N4_C2_D0.001,breakout_reclaim,268,7429.54,-622.43,62.69,383.86,80,-3631.0,-211.01,-424.52,13.1,1,-370.76
RECLAIM_L_N4_C2_D0.002,breakout_reclaim,268,7418.92,-633.05,62.69,383.86,80,-3641.62,-211.01,-435.14,13.1,1,-381.38
RECLAIM_S_N1_C1_D0.000,breakout_reclaim,281,5059.91,-2992.06,49.82,382.03,122,-4478.53,-1277.8,-1064.79,-649.47,0,-962.61
RECLAIM_S_N1_C1_D0.001,breakout_reclaim,279,5498.08,-2553.89,52.33,366.55,113,-4460.12,-1005.93,-908.08,-639.88,0,-778.16
RECLAIM_S_N1_C1_D0.002,breakout_reclaim,279,5565.87,-2486.1,53.76,401.33,108,-4606.44,-1033.74,-852.41,-599.95,0,-707.27
RECLAIM_S_N1_C2_D0.000,breakout_reclaim,277,6219.43,-1832.54,55.6,397.8,102,-4278.06,-520.31,-821.23,-491.0,0,-867.81
RECLAIM_S_N1_C2_D0.001,breakout_reclaim,277,6424.64,-1627.33,57.76,405.72,96,-4336.07,-444.37,-1039.63,-143.33,2,-964.41
RECLAIM_S_N1_C2_D0.002,breakout_reclaim,277,6848.48,-1203.49,59.93,401.29,90,-4272.74,-214.18,-849.45,-139.86,1,-738.55
RECLAIM_S_N2_C1_D0.000,breakout_reclaim,279,5418.36,-2633.61,51.97,377.51,115,-4510.44,-1049.34,-923.05,-661.22,0,-824.56
RECLAIM_S_N2_C1_D0.001,breakout_reclaim,278,5561.97,-2490.0,53.6,404.77,109,-4578.06,-819.74,-963.47,-706.79,0,-822.23
RECLAIM_S_N2_C1_D0.002,breakout_reclaim,278,5669.29,-2382.68,55.04,381.77,104,-4684.85,-830.59,-901.8,-650.29,0,-756.66
RECLAIM_S_N2_C2_D0.000,breakout_reclaim,277,6219.43,-1832.54,55.6,397.8,102,-4278.06,-520.31,-821.23,-491.0,0,-867.81
RECLAIM_S_N2_C2_D0.001,breakout_reclaim,277,6424.64,-1627.33,57.76,405.72,96,-4336.07,-444.37,-1039.63,-143.33,2,-964.41
RECLAIM_S_N2_C2_D0.002,breakout_reclaim,277,6848.48,-1203.49,59.93,401.29,90,-4272.74,-214.18,-849.45,-139.86,1,-738.55
RECLAIM_S_N3_C1_D0.000,breakout_reclaim,278,6157.77,-1894.2,55.76,392.0,103,-4319.8,-548.39,-857.21,-488.6,0,-798.23
RECLAIM_S_N3_C1_D0.001,breakout_reclaim,278,6451.53,-1600.44,57.19,407.81,99,-4313.8,-393.08,-918.22,-289.14,0,-859.24
RECLAIM_S_N3_C1_D0.002,breakout_reclaim,278,6444.96,-1607.01,57.91,411.71,96,-4473.96,-426.73,-856.84,-323.44,1,-793.96
RECLAIM_S_N3_C2_D0.000,breakout_reclaim,277,6287.46,-1764.51,56.68,412.94,99,-4328.36,-335.92,-887.82,-540.77,0,-874.76
RECLAIM_S_N3_C2_D0.001,breakout_reclaim,277,6442.59,-1609.38,58.12,405.72,95,-4388.48,-261.55,-1039.63,-308.2,1,-964.41
RECLAIM_S_N3_C2_D0.002,breakout_reclaim,277,7010.83,-1041.14,60.29,401.29,89,-4224.67,-35.62,-849.45,-156.07,2,-738.55
RECLAIM_S_N4_C1_D0.000,breakout_reclaim,278,6860.43,-1191.54,58.27,337.06,96,-4092.9,-284.61,-620.05,-286.88,1,-703.73
RECLAIM_S_N4_C1_D0.001,breakout_reclaim,278,6807.23,-1244.74,58.63,364.32,95,-4248.39,-247.08,-683.52,-314.14,1,-767.2
RECLAIM_S_N4_C1_D0.002,breakout_reclaim,278,6670.12,-1381.85,58.63,372.9,94,-4352.18,-360.4,-692.31,-329.14,1,-772.09
RECLAIM_S_N4_C2_D0.000,breakout_reclaim,277,7038.22,-1013.75,59.21,366.59,92,-4014.18,-103.49,-606.32,-303.94,2,-735.92
RECLAIM_S_N4_C2_D0.001,breakout_reclaim,277,6868.16,-1183.81,59.57,375.68,91,-4214.02,-78.69,-791.22,-313.9,2,-851.44
RECLAIM_S_N4_C2_D0.002,breakout_reclaim,277,7130.07,-921.9,60.65,341.92,88,-4139.53,-57.75,-715.55,-148.6,2,-740.09
