side,entry_price,entry_time,exit_price,exit_time,exit_reason,pnl,tp1_done,duration_bars
long,112261.37,2025-09-03 14:00:00+00:00,111182.19714285713,2025-09-04 03:00:00+00:00,stop_loss,-20.826076737578894,False,13
long,112954.32,2025-09-05 07:00:00+00:00,111801.36428571428,2025-09-05 14:00:00+00:00,stop_loss,-22.014548364077143,False,7
long,113214.78,2025-09-05 12:00:00+00:00,112061.57571428572,2025-09-05 14:00:00+00:00,stop_loss,-21.971974148857257,False,2
long,111071.25,2025-09-07 08:00:00+00:00,111071.25,2025-09-07 17:00:00+00:00,stop_loss,-1.1805510941336044,True,9
long,111280.39,2025-09-08 07:00:00+00:00,111906.56,2025-09-08 14:00:00+00:00,atr_trail,9.16509655346408,True,7
long,112094.99,2025-09-08 09:00:00+00:00,112094.99,2025-09-08 17:00:00+00:00,stop_loss,-0.8769588925046106,True,8
long,111684.25,2025-09-08 08:00:00+00:00,112097.31,2025-09-08 20:00:00+00:00,atr_trail,5.749803447793941,True,12
long,112645.05,2025-09-08 14:00:00+00:00,111793.49571428572,2025-09-09 00:00:00+00:00,stop_loss,-16.71924910529644,False,10
long,113022.61,2025-09-09 06:00:00+00:00,112104.93714285715,2025-09-09 14:00:00+00:00,stop_loss,-17.838748284840598,False,8
long,113413.51,2025-09-10 12:00:00+00:00,113413.51,2025-09-10 18:00:00+00:00,stop_loss,-0.7792474408786976,True,6
long,113952.0,2025-09-10 13:00:00+00:00,113952.0,2025-09-11 13:00:00+00:00,stop_loss,-0.6944106791832119,True,24
long,114628.08,2025-09-11 13:00:00+00:00,115391.0,2025-09-12 03:00:00+00:00,atr_trail,11.160762583528486,True,14
long,115840.69,2025-09-12 00:00:00+00:00,115840.69,2025-09-12 21:00:00+00:00,stop_loss,-0.6157850159806219,True,21
long,116632.51,2025-09-12 19:00:00+00:00,115826.59714285714,2025-09-12 21:00:00+00:00,stop_loss,-15.419694991436936,False,2
long,115401.75,2025-09-14 14:00:00+00:00,115401.75,2025-09-14 23:00:00+00:00,stop_loss,-1.103338801806987,True,9
long,116058.01,2025-09-15 04:00:00+00:00,116058.01,2025-09-15 06:00:00+00:00,stop_loss,-0.9674259474698476,True,2
long,116520.0,2025-09-15 05:00:00+00:00,115736.45857142858,2025-09-15 07:00:00+00:00,stop_loss,-15.049046147810184,False,2
long,114868.59,2025-09-15 09:00:00+00:00,114868.59,2025-09-16 13:00:00+00:00,stop_loss,-0.6603399191073094,True,28
long,116461.54,2025-09-16 17:00:00+00:00,116461.54,2025-09-17 03:00:00+00:00,stop_loss,-0.7969881215721668,True,10
long,117581.66,2025-09-18 03:00:00+00:00,116109.33142857143,2025-09-19 13:00:00+00:00,stop_loss,-26.64350714947508,False,34
long,112161.93,2025-09-24 04:00:00+00:00,113062.35,2025-09-25 01:00:00+00:00,atr_trail,13.834992705890437,True,21
long,110222.02,2025-09-28 16:00:00+00:00,111455.22321428571,2025-09-28 22:00:00+00:00,atr_trail,18.944605593069458,True,6
long,111938.51,2025-09-28 22:00:00+00:00,111938.51,2025-09-29 01:00:00+00:00,stop_loss,-0.9453625311151441,True,3
long,110803.8,2025-09-28 20:00:00+00:00,111750.02,2025-09-29 03:00:00+00:00,atr_trail,14.29266149459032,True,7
long,112163.95,2025-09-28 23:00:00+00:00,113284.235,2025-09-29 14:00:00+00:00,atr_trail,17.053934708968505,True,15
long,114033.53,2025-09-29 14:00:00+00:00,114033.53,2025-09-30 05:00:00+00:00,stop_loss,-0.7815089073237717,True,15
long,113227.29,2025-09-29 13:00:00+00:00,113891.64,2025-09-30 07:00:00+00:00,atr_trail,9.699044098442641,True,18
long,116111.28,2025-10-01 08:00:00+00:00,117535.79,2025-10-01 17:00:00+00:00,atr_trail,21.49100373365957,True,9
long,117292.74,2025-10-01 14:00:00+00:00,117292.74,2025-10-01 17:00:00+00:00,stop_loss,-0.6065040927268178,True,3
long,119621.2,2025-10-02 13:00:00+00:00,118678.05142857143,2025-10-02 14:00:00+00:00,stop_loss,-17.36892008153348,False,1
long,117535.79,2025-10-01 16:00:00+00:00,119640.22,2025-10-03 08:00:00+00:00,atr_trail,31.7110402250365,True,40
long,122258.05,2025-10-03 15:00:00+00:00,122258.05,2025-10-03 17:00:00+00:00,stop_loss,-0.7200357417306007,True,2
long,122553.3,2025-10-03 16:00:00+00:00,124143.27535714285,2025-10-05 04:00:00+00:00,atr_trail,22.774433118371295,True,36
long,124031.44,2025-10-05 02:00:00+00:00,124713.63,2025-10-05 08:00:00+00:00,atr_trail,9.033352317767205,True,6
long,125172.81,2025-10-05 04:00:00+00:00,124000.87857142856,2025-10-05 09:00:00+00:00,stop_loss,-20.325015897165457,False,5
long,125031.33,2025-10-06 13:00:00+00:00,125031.33,2025-10-06 21:00:00+00:00,stop_loss,-0.6045112235926242,True,8
long,123563.38,2025-10-09 12:00:00+00:00,122379.06714285714,2025-10-09 13:00:00+00:00,stop_loss,-20.76931791834875,False,1
long,121684.2,2025-10-10 13:00:00+00:00,120640.43285714285,2025-10-10 14:00:00+00:00,stop_loss,-18.75534379742232,False,1
long,113700.0,2025-10-10 22:00:00+00:00,113700.0,2025-10-13 11:00:00+00:00,stop_loss,2.272011559241121,True,61
long,112338.1,2025-10-12 14:00:00+00:00,114810.61,2025-10-13 11:00:00+00:00,atr_trail,39.51264375767685,True,21
long,113198.2,2025-10-12 15:00:00+00:00,114810.61,2025-10-13 11:00:00+00:00,atr_trail,25.648645044078236,True,20
long,111014.38,2025-10-14 13:00:00+00:00,111014.38,2025-10-15 13:00:00+00:00,stop_loss,0.030131159584904754,True,24
long,111146.31,2025-10-16 09:00:00+00:00,109464.60714285714,2025-10-16 15:00:00+00:00,stop_loss,-31.861065025781834,False,6
long,109232.43,2025-10-16 16:00:00+00:00,107056.81714285714,2025-10-17 06:00:00+00:00,stop_loss,-41.43455933632267,False,14
long,104751.99,2025-10-17 10:00:00+00:00,104751.99,2025-10-17 14:00:00+00:00,stop_loss,0.15222446848028337,True,4
long,107401.47,2025-10-19 09:00:00+00:00,107401.47,2025-10-19 13:00:00+00:00,stop_loss,-0.6747240237959414,True,4
long,107882.71,2025-10-19 10:00:00+00:00,107882.71,2025-10-20 00:00:00+00:00,stop_loss,-0.6061018251077598,True,14
long,108405.47,2025-10-19 14:00:00+00:00,108405.47,2025-10-20 00:00:00+00:00,stop_loss,-0.4426374741843907,True,10
long,105683.72,2025-10-17 11:00:00+00:00,109514.92,2025-10-21 03:00:00+00:00,atr_trail,65.53907983448832,True,88
long,112170.52,2025-10-21 14:00:00+00:00,112170.52,2025-10-21 17:00:00+00:00,stop_loss,0.1609758020964145,True,3
long,113422.61,2025-10-21 15:00:00+00:00,111317.84285714287,2025-10-21 20:00:00+00:00,stop_loss,-38.71371379757765,False,5
long,108947.5,2025-10-22 14:00:00+00:00,107486.89857142857,2025-10-22 18:00:00+00:00,stop_loss,-28.412940702107598,False,4
long,111241.71,2025-10-23 17:00:00+00:00,109643.68714285715,2025-10-23 20:00:00+00:00,stop_loss,-30.330641719600674,False,3
long,111297.01,2025-10-24 12:00:00+00:00,110131.77428571427,2025-10-24 14:00:00+00:00,stop_loss,-22.539209674828136,False,2
long,112528.83,2025-10-26 09:00:00+00:00,113575.06,2025-10-26 13:00:00+00:00,atr_trail,15.639634119921533,True,4
long,113286.09,2025-10-26 11:00:00+00:00,113286.09,2025-10-26 13:00:00+00:00,stop_loss,-0.9739453297903865,True,2
long,113575.05,2025-10-26 12:00:00+00:00,113575.05,2025-10-26 14:00:00+00:00,stop_loss,-0.9411908186323967,True,2
long,113711.53,2025-10-26 13:00:00+00:00,114681.34,2025-10-26 23:00:00+00:00,atr_trail,14.482041736915912,True,10
long,114681.33,2025-10-26 22:00:00+00:00,115014.88,2025-10-27 09:00:00+00:00,atr_trail,4.719139180843916,True,11
long,116053.49,2025-10-27 06:00:00+00:00,114844.59857142858,2025-10-27 09:00:00+00:00,stop_loss,-22.43334897677661,False,3
long,115522.9,2025-10-28 13:00:00+00:00,114531.39285714286,2025-10-28 14:00:00+00:00,stop_loss,-18.76555146827407,False,1
long,110790.14,2025-10-31 14:00:00+00:00,109132.95857142858,2025-10-31 16:00:00+00:00,stop_loss,-31.515684348289856,False,2
long,110670.27,2025-11-02 04:00:00+00:00,110670.27,2025-11-02 09:00:00+00:00,stop_loss,-1.0568317992847525,True,5
long,110663.89,2025-11-02 06:00:00+00:00,110663.89,2025-11-02 09:00:00+00:00,stop_loss,-1.0398753610724176,True,3
long,110895.53,2025-11-02 07:00:00+00:00,110895.53,2025-11-02 12:00:00+00:00,stop_loss,-1.000808001136606,True,5
long,106678.44,2025-11-03 16:00:00+00:00,106678.44,2025-11-03 19:00:00+00:00,stop_loss,0.1875696612843467,True,3
long,104500.01,2025-11-04 14:00:00+00:00,102547.77428571429,2025-11-04 16:00:00+00:00,stop_loss,-38.96335937739541,False,2
long,101363.98,2025-11-04 18:00:00+00:00,99048.99857142857,2025-11-04 21:00:00+00:00,stop_loss,-47.27660876321991,False,3
long,100755.43,2025-11-04 20:00:00+00:00,100755.43,2025-11-05 00:00:00+00:00,stop_loss,0.5935662850698262,True,4
long,100806.08,2025-11-07 14:00:00+00:00,102215.63,2025-11-08 07:00:00+00:00,atr_trail,25.168626314149808,True,17
long,103037.9,2025-11-09 14:00:00+00:00,105299.23035714286,2025-11-10 00:00:00+00:00,atr_trail,38.85556260643642,True,10
long,103762.17,2025-11-09 15:00:00+00:00,105159.55714285714,2025-11-10 00:00:00+00:00,atr_trail,23.693729744802816,True,9
long,106314.96,2025-11-10 00:00:00+00:00,106110.36,2025-11-11 02:00:00+00:00,stop_loss,-3.4104346341690315,True,26
long,105079.99,2025-11-10 15:00:00+00:00,106110.36,2025-11-11 02:00:00+00:00,atr_trail,17.23579357021247,True,11
long,102873.14,2025-11-13 14:00:00+00:00,101060.26571428572,2025-11-13 16:00:00+00:00,stop_loss,-36.84485177985777,False,2
long,94357.67,2025-11-16 17:00:00+00:00,94049.63,2025-11-16 19:00:00+00:00,stop_loss,-6.258108723056365,True,2
long,94261.44,2025-11-16 23:00:00+00:00,94261.44,2025-11-17 13:00:00+00:00,stop_loss,0.3309865352001031,True,14
long,94769.32,2025-11-17 14:00:00+00:00,93249.73571428572,2025-11-17 16:00:00+00:00,stop_loss,-33.669118691878026,False,2
long,94306.0,2025-11-17 16:00:00+00:00,92627.33428571429,2025-11-17 18:00:00+00:00,stop_loss,-37.200401125818395,False,2
long,90600.68,2025-11-19 21:00:00+00:00,90600.68,2025-11-20 14:00:00+00:00,stop_loss,0.43869173104281867,True,17
long,83285.35,2025-11-21 12:00:00+00:00,83285.35,2025-11-21 15:00:00+00:00,stop_loss,1.8110835304682615,True,3
long,85879.83,2025-11-23 01:00:00+00:00,85879.83,2025-11-23 06:00:00+00:00,stop_loss,-0.2544603746221523,True,5
long,86000.34,2025-11-23 02:00:00+00:00,86000.34,2025-11-23 06:00:00+00:00,stop_loss,-0.2364389456400322,True,4
long,89830.79,2025-11-26 17:00:00+00:00,92362.5,2025-11-28 16:00:00+00:00,atr_trail,50.69858111169754,True,47
long,90145.69,2025-11-26 18:00:00+00:00,92362.5,2025-11-28 16:00:00+00:00,atr_trail,44.273135238871916,True,46
long,91389.21,2025-11-27 02:00:00+00:00,91389.21,2025-11-28 16:00:00+00:00,stop_loss,0.13889862302750466,True,38
long,90690.84,2025-11-29 18:00:00+00:00,90690.84,2025-11-29 23:00:00+00:00,stop_loss,-0.8829138768905114,True,5
long,91184.45,2025-11-30 08:00:00+00:00,91184.45,2025-11-30 11:00:00+00:00,stop_loss,-0.9720483199555469,True,3
long,91413.07,2025-11-30 09:00:00+00:00,91413.07,2025-11-30 14:00:00+00:00,stop_loss,-0.9357029955188051,True,5
long,91769.99,2025-11-30 13:00:00+00:00,91104.72428571428,2025-11-30 21:00:00+00:00,stop_loss,-16.098546077769445,False,8
long,87168.91,2025-12-01 01:00:00+00:00,85768.63142857143,2025-12-01 04:00:00+00:00,stop_loss,-33.72793578418202,False,3
long,90850.01,2025-12-02 15:00:00+00:00,90850.01,2025-12-02 20:00:00+00:00,stop_loss,0.023952962219187857,True,5
long,89271.99,2025-12-02 14:00:00+00:00,93130.89,2025-12-03 14:00:00+00:00,atr_trail,77.70306823322413,True,24
long,90459.35,2025-12-05 15:00:00+00:00,89222.62142857144,2025-12-05 16:00:00+00:00,stop_loss,-28.943299977914236,False,1
long,90004.76,2025-12-06 14:00:00+00:00,89421.19714285714,2025-12-06 19:00:00+00:00,stop_loss,-14.567377661867068,False,5
long,89554.52,2025-12-07 15:00:00+00:00,91439.05,2025-12-07 21:00:00+00:00,atr_trail,37.42275396038077,True,6
long,90945.17,2025-12-07 17:00:00+00:00,90945.17,2025-12-07 21:00:00+00:00,stop_loss,-0.18244886923156978,True,4
long,92707.51,2025-12-09 15:00:00+00:00,93800.83,2025-12-09 20:00:00+00:00,atr_trail,21.008060555180602,True,5
long,94187.81,2025-12-09 16:00:00+00:00,92707.29285714285,2025-12-09 21:00:00+00:00,stop_loss,-33.03755317927338,False,5
long,92957.67,2025-12-10 19:00:00+00:00,92453.89,2025-12-10 21:00:00+00:00,stop_loss,-10.008961074125738,True,2
long,92858.39,2025-12-11 21:00:00+00:00,91312.66142857143,2025-12-12 15:00:00+00:00,stop_loss,-34.89216824518642,False,18
long,90046.54,2025-12-12 16:00:00+00:00,90046.54,2025-12-12 19:00:00+00:00,stop_loss,-0.2741919392857355,True,3
long,87297.99,2025-12-16 14:00:00+00:00,87297.99,2025-12-16 17:00:00+00:00,stop_loss,-0.021145124385355984,True,3
long,87977.43,2025-12-16 15:00:00+00:00,86482.13142857142,2025-12-17 05:00:00+00:00,stop_loss,-35.59277681624879,False,14
long,87631.37,2025-12-17 13:00:00+00:00,87631.37,2025-12-17 15:00:00+00:00,stop_loss,-0.35243795197346417,True,2
long,89675.85,2025-12-17 14:00:00+00:00,88284.53571428572,2025-12-17 15:00:00+00:00,stop_loss,-32.629854430468875,False,1
long,88851.7,2025-12-18 13:00:00+00:00,87860.74142857142,2025-12-18 14:00:00+00:00,stop_loss,-23.905900088092377,False,1
long,88513.44,2025-12-18 15:00:00+00:00,87163.69,2025-12-18 17:00:00+00:00,stop_loss,-32.09819326872846,False,2
long,88537.87,2025-12-21 08:00:00+00:00,88537.87,2025-12-21 12:00:00+00:00,stop_loss,-1.129158701081412,True,4
long,88892.82,2025-12-21 09:00:00+00:00,88411.15000000001,2025-12-21 13:00:00+00:00,stop_loss,-12.437095729441324,False,4
long,89334.2,2025-12-22 08:00:00+00:00,89334.2,2025-12-22 15:00:00+00:00,stop_loss,-0.5077483363434184,True,7
long,90208.48,2025-12-22 12:00:00+00:00,89139.32142857142,2025-12-22 17:00:00+00:00,stop_loss,-25.304169972237105,False,5
long,90126.43,2025-12-22 14:00:00+00:00,89060.28714285714,2025-12-22 19:00:00+00:00,stop_loss,-25.258828096105773,False,5
long,87443.45,2025-12-23 15:00:00+00:00,87443.45,2025-12-23 17:00:00+00:00,stop_loss,-0.44134097114029014,True,2
long,88003.63,2025-12-23 16:00:00+00:00,86961.85714285714,2025-12-24 02:00:00+00:00,stop_loss,-25.27567922238798,False,10
long,88371.27,2025-12-25 15:00:00+00:00,87846.06142857143,2025-12-25 20:00:00+00:00,stop_loss,-13.48640994813311,False,5
long,89199.99,2025-12-26 02:00:00+00:00,88146.98714285715,2025-12-26 14:00:00+00:00,stop_loss,-25.209932179204408,False,12
long,88295.69,2025-12-29 00:00:00+00:00,89557.20642857143,2025-12-29 03:00:00+00:00,atr_trail,24.671699752760926,True,3
long,88445.57,2025-12-29 01:00:00+00:00,89463.33857142857,2025-12-29 03:00:00+00:00,atr_trail,19.751449743125903,True,2
long,89163.25,2025-12-29 02:00:00+00:00,89777.25,2025-12-29 07:00:00+00:00,atr_trail,11.563294775113537,True,5
long,90123.55,2025-12-29 03:00:00+00:00,89306.61142857143,2025-12-29 09:00:00+00:00,stop_loss,-19.729302971944062,False,6
long,90143.06,2025-12-29 04:00:00+00:00,89288.81999999999,2025-12-29 09:00:00+00:00,stop_loss,-20.552984289639276,False,5
long,87872.68,2025-12-30 08:00:00+00:00,88875.82,2025-12-30 15:00:00+00:00,atr_trail,19.708626786586763,True,7
long,88875.83,2025-12-30 14:00:00+00:00,88742.63,2025-12-30 17:00:00+00:00,stop_loss,-3.4376424726496992,True,3
long,89016.35,2025-12-30 15:00:00+00:00,88149.5942857143,2025-12-30 17:00:00+00:00,stop_loss,-21.07407895933076,False,2
long,88839.04,2026-01-01 23:00:00+00:00,88839.04,2026-01-02 04:00:00+00:00,stop_loss,-1.0676150099261508,True,5
long,89467.32,2026-01-02 09:00:00+00:00,89467.32,2026-01-02 11:00:00+00:00,stop_loss,-0.8619603608174626,True,2
long,88950.65,2026-01-02 03:00:00+00:00,88950.65,2026-01-02 14:00:00+00:00,stop_loss,-0.914350148087749,True,11
long,89666.29,2026-01-02 10:00:00+00:00,88957.42285714285,2026-01-02 14:00:00+00:00,stop_loss,-17.411229456624998,False,4
long,89580.0,2026-01-02 14:00:00+00:00,89580.0,2026-01-02 18:00:00+00:00,stop_loss,-0.5973256147737068,True,4
long,91341.47,2026-01-04 00:00:00+00:00,91237.54,2026-01-04 07:00:00+00:00,stop_loss,-3.0276006599976437,True,7
long,91468.28,2026-01-04 09:00:00+00:00,92452.06428571428,2026-01-05 01:00:00+00:00,atr_trail,18.578433129261498,True,16
long,92405.46,2026-01-05 00:00:00+00:00,92405.46,2026-01-05 04:00:00+00:00,stop_loss,-0.9090235144113781,True,4
long,92967.28,2026-01-05 01:00:00+00:00,92222.65428571429,2026-01-05 06:00:00+00:00,stop_loss,-17.619092185674504,False,5
long,93428.0,2026-01-05 14:00:00+00:00,93428.0,2026-01-05 17:00:00+00:00,stop_loss,-0.5041752548945265,True,3
long,93957.73,2026-01-05 15:00:00+00:00,93957.73,2026-01-05 18:00:00+00:00,stop_loss,-0.5526612506648473,True,3
long,90376.05,2026-01-02 16:00:00+00:00,93780.01,2026-01-06 07:00:00+00:00,atr_trail,67.51309546532025,True,87
long,93836.81,2026-01-06 14:00:00+00:00,93649.0,2026-01-06 16:00:00+00:00,stop_loss,-4.414669120024067,True,2
long,93258.05,2026-01-06 21:00:00+00:00,91882.87,2026-01-07 09:00:00+00:00,stop_loss,-31.09193125955363,False,12
long,90781.57,2026-01-08 15:00:00+00:00,90781.57,2026-01-08 20:00:00+00:00,stop_loss,-0.1873312643272662,True,5
long,90024.01,2026-01-08 14:00:00+00:00,90024.01,2026-01-09 08:00:00+00:00,stop_loss,-0.27678792421202014,True,18
long,91176.47,2026-01-09 15:00:00+00:00,91176.47,2026-01-09 17:00:00+00:00,stop_loss,-0.3584343698700767,True,2
long,90790.01,2026-01-11 08:00:00+00:00,90868.21071428571,2026-01-11 14:00:00+00:00,atr_trail,0.2352727196685482,True,6
long,91039.15,2026-01-11 16:00:00+00:00,90649.79,2026-01-11 20:00:00+00:00,stop_loss,-10.153682673882622,False,4
long,90708.26,2026-01-11 20:00:00+00:00,90246.48428571428,2026-01-11 23:00:00+00:00,stop_loss,-11.781558201771599,False,3
long,91013.65,2026-01-11 23:00:00+00:00,91639.5857142857,2026-01-12 02:00:00+00:00,atr_trail,11.43397269059542,True,3
long,91258.65,2026-01-12 00:00:00+00:00,91548.3107142857,2026-01-12 02:00:00+00:00,atr_trail,4.846253901097835,True,2
long,91412.44,2026-01-12 01:00:00+00:00,91412.44,2026-01-12 07:00:00+00:00,stop_loss,-0.7663919827854594,True,6
long,92203.56,2026-01-12 02:00:00+00:00,91340.02285714285,2026-01-12 08:00:00+00:00,stop_loss,-20.3311019847206,False,6
long,92123.52,2026-01-12 16:00:00+00:00,90965.54000000001,2026-01-12 21:00:00+00:00,stop_loss,-26.73972544687819,False,5
long,90908.95,2026-01-12 14:00:00+00:00,95047.50357142858,2026-01-13 22:00:00+00:00,atr_trail,81.6172865582229,True,32
long,92462.03,2026-01-13 14:00:00+00:00,95307.77500000001,2026-01-13 22:00:00+00:00,atr_trail,54.82661100994665,True,8
long,93449.99,2026-01-13 15:00:00+00:00,95162.43214285714,2026-01-13 22:00:00+00:00,atr_trail,32.525218052075495,True,7
long,96493.15,2026-01-14 14:00:00+00:00,96493.15,2026-01-14 18:00:00+00:00,stop_loss,-0.5399632438749583,True,4
long,96764.57,2026-01-14 15:00:00+00:00,96764.57,2026-01-14 18:00:00+00:00,stop_loss,-0.4793861814741386,True,3
long,95757.21,2026-01-13 22:00:00+00:00,96339.92,2026-01-15 03:00:00+00:00,atr_trail,10.9060691065902,True,29
long,96737.04,2026-01-15 15:00:00+00:00,95549.61142857143,2026-01-15 19:00:00+00:00,stop_loss,-26.149615564597912,False,4
long,96738.51,2026-01-15 16:00:00+00:00,95525.93714285713,2026-01-15 19:00:00+00:00,stop_loss,-26.66908277050913,False,3
long,95573.64,2026-01-17 15:00:00+00:00,95222.72142857143,2026-01-17 16:00:00+00:00,stop_loss,-8.943417524509277,False,1
long,90684.95,2026-01-20 15:00:00+00:00,89617.66285714286,2026-01-20 17:00:00+00:00,stop_loss,-25.138352126943623,False,2
long,89761.61,2026-01-23 15:00:00+00:00,90124.86,2026-01-23 17:00:00+00:00,atr_trail,6.711273446569053,True,2
long,90124.85,2026-01-23 16:00:00+00:00,90124.85,2026-01-23 19:00:00+00:00,stop_loss,-0.4699279784812821,True,3
long,90600.0,2026-01-23 17:00:00+00:00,89443.24,2026-01-23 20:00:00+00:00,stop_loss,-27.13554083885198,False,3
long,88178.1,2026-01-26 14:00:00+00:00,87641.41,2026-01-26 16:00:00+00:00,stop_loss,-11.431879214583127,True,2
long,88641.44,2026-01-27 16:00:00+00:00,87861.52857142857,2026-01-27 17:00:00+00:00,stop_loss,-19.196993653790628,False,1
long,90257.91,2026-01-28 13:00:00+00:00,89442.11714285715,2026-01-28 15:00:00+00:00,stop_loss,-19.676927709556963,False,2
long,85270.0,2026-01-29 16:00:00+00:00,84078.07857142857,2026-01-29 17:00:00+00:00,stop_loss,-29.55640737824384,False,1
long,78132.33,2026-02-03 15:00:00+00:00,76676.74571428572,2026-02-03 16:00:00+00:00,stop_loss,-38.859461882534035,False,1
long,74935.0,2026-02-03 19:00:00+00:00,74935.0,2026-02-04 13:00:00+00:00,stop_loss,1.1631490148604906,True,18
long,73425.96,2026-02-04 18:00:00+00:00,71611.17714285715,2026-02-05 02:00:00+00:00,stop_loss,-51.03164126537411,False,8
long,69272.0,2026-02-09 14:00:00+00:00,69272.0,2026-02-10 03:00:00+00:00,stop_loss,0.6068718756702396,True,13
long,63509.39,2026-02-06 00:00:00+00:00,68188.0,2026-02-11 04:00:00+00:00,atr_trail,137.1655589197125,True,124
long,67454.49,2026-02-11 13:00:00+00:00,66584.61,2026-02-11 15:00:00+00:00,stop_loss,-23.064128735431346,True,2
long,67274.15,2026-02-13 13:00:00+00:00,68162.9517857143,2026-02-13 15:00:00+00:00,atr_trail,23.54474090610724,True,2
long,68692.12,2026-02-13 15:00:00+00:00,68692.12,2026-02-13 17:00:00+00:00,stop_loss,0.03154501148435429,True,2
long,70505.74,2026-02-14 11:00:00+00:00,69882.77857142857,2026-02-14 12:00:00+00:00,stop_loss,-19.27122587668562,False,1
long,67733.51,2026-02-13 14:00:00+00:00,69640.2,2026-02-14 13:00:00+00:00,atr_trail,50.53111543416891,True,23
long,69701.66,2026-02-14 14:00:00+00:00,69701.66,2026-02-15 00:00:00+00:00,stop_loss,-0.4036808797462288,True,10
long,70183.99,2026-02-15 04:00:00+00:00,70183.99,2026-02-15 08:00:00+00:00,stop_loss,-0.3076051308649077,True,4
long,69763.24,2026-02-16 12:00:00+00:00,68818.81857142856,2026-02-16 13:00:00+00:00,stop_loss,-28.675044925420337,False,1
long,67392.05,2026-02-17 15:00:00+00:00,67392.05,2026-02-17 17:00:00+00:00,stop_loss,0.046213674843142316,True,2
long,67517.36,2026-02-17 16:00:00+00:00,67517.36,2026-02-17 20:00:00+00:00,stop_loss,0.040238472425037974,True,4
long,67694.01,2026-02-18 15:00:00+00:00,66722.33714285714,2026-02-18 18:00:00+00:00,stop_loss,-30.307794297984533,False,3
long,66421.2,2026-02-19 14:00:00+00:00,66369.42,2026-02-19 18:00:00+00:00,stop_loss,-1.7169635168117405,True,4
long,67069.65,2026-02-20 14:00:00+00:00,67069.65,2026-02-20 17:00:00+00:00,stop_loss,-0.26627773196543414,True,3
long,67582.95,2026-02-20 15:00:00+00:00,67582.95,2026-02-21 03:00:00+00:00,stop_loss,0.007169940262801822,True,12
long,68450.01,2026-02-21 14:00:00+00:00,68450.01,2026-02-21 16:00:00+00:00,stop_loss,-0.9102411526309715,True,2
long,67684.14,2026-02-22 15:00:00+00:00,67208.1557142857,2026-02-22 17:00:00+00:00,stop_loss,-15.664869132245572,False,2
long,64783.56,2026-02-23 02:00:00+00:00,65660.1,2026-02-23 16:00:00+00:00,atr_trail,24.323031795633028,True,14
long,65896.75,2026-02-25 01:00:00+00:00,68919.72,2026-02-25 22:00:00+00:00,atr_trail,82.97788672647528,True,21
long,66248.62,2026-02-25 13:00:00+00:00,68919.72,2026-02-25 22:00:00+00:00,atr_trail,72.84212207202005,True,9
long,66973.2,2026-02-25 14:00:00+00:00,68919.72,2026-02-25 22:00:00+00:00,atr_trail,52.6481747496441,True,8
long,63826.0,2026-02-28 07:00:00+00:00,66791.29,2026-03-01 01:00:00+00:00,atr_trail,83.83152365135551,True,18
long,65106.44,2026-02-28 13:00:00+00:00,66791.29,2026-03-01 01:00:00+00:00,atr_trail,47.00785112589671,True,12
long,69130.2,2026-03-02 15:00:00+00:00,69130.2,2026-03-02 17:00:00+00:00,stop_loss,0.8148945447451708,True,2
long,67177.06,2026-03-02 14:00:00+00:00,68760.01,2026-03-03 02:00:00+00:00,atr_trail,42.891325291273894,True,12
long,69428.62,2026-03-02 16:00:00+00:00,67695.93142857142,2026-03-03 08:00:00+00:00,stop_loss,-51.512804587749976,False,16
long,71011.4,2026-03-04 08:00:00+00:00,71011.4,2026-03-04 11:00:00+00:00,stop_loss,0.5701807234975205,True,3
long,68175.9,2026-03-03 16:00:00+00:00,72553.63,2026-03-05 07:00:00+00:00,atr_trail,116.40851913946162,True,39
long,71520.76,2026-03-04 09:00:00+00:00,72553.63,2026-03-05 07:00:00+00:00,atr_trail,26.66788433775855,True,22
long,71621.04,2026-03-04 14:00:00+00:00,72553.63,2026-03-05 07:00:00+00:00,atr_trail,24.34059151971492,True,17
long,68976.0,2026-03-09 13:00:00+00:00,69921.12,2026-03-10 14:00:00+00:00,atr_trail,25.248808695363884,True,25
long,70186.09,2026-03-11 13:00:00+00:00,70186.09,2026-03-11 15:00:00+00:00,stop_loss,0.09159281724179968,True,2
long,70578.7,2026-03-11 14:00:00+00:00,70578.7,2026-03-11 18:00:00+00:00,stop_loss,0.2171103422744347,True,4
long,71475.61,2026-03-13 00:00:00+00:00,72382.72,2026-03-13 15:00:00+00:00,atr_trail,23.183441112689664,True,15
long,73379.18,2026-03-13 13:00:00+00:00,72157.33714285714,2026-03-13 15:00:00+00:00,stop_loss,-34.90216710360765,False,2
long,72749.44,2026-03-15 22:00:00+00:00,72749.44,2026-03-16 00:00:00+00:00,stop_loss,-0.42893551188454815,True,2
long,73573.32,2026-03-16 03:00:00+00:00,73573.32,2026-03-16 07:00:00+00:00,stop_loss,0.12898467619976905,True,4
long,72815.24,2026-03-15 23:00:00+00:00,73456.69,2026-03-16 08:00:00+00:00,atr_trail,15.53500596068305,True,9
long,73835.62,2026-03-16 04:00:00+00:00,75198.02,2026-03-17 03:00:00+00:00,atr_trail,33.44904156402738,True,23
long,71467.82,2026-03-18 15:00:00+00:00,70385.32285714286,2026-03-19 07:00:00+00:00,stop_loss,-31.8932744515544,False,16
long,68954.71,2026-03-22 00:00:00+00:00,68954.71,2026-03-22 07:00:00+00:00,stop_loss,-0.5007070210080239,True,7
long,68333.16,2026-03-23 07:00:00+00:00,70122.15,2026-03-23 12:00:00+00:00,atr_trail,47.43153482563515,True,5
long,70122.15,2026-03-23 11:00:00+00:00,70122.15,2026-03-23 15:00:00+00:00,stop_loss,0.6913811317618193,True,4
long,66205.06,2026-03-27 14:00:00+00:00,66431.55,2026-03-28 00:00:00+00:00,end_of_data,5.242075212982368,False,10
short,109842.01,2025-09-04 14:00:00+00:00,109842.01,2025-09-04 17:00:00+00:00,stop_loss,-0.6945631821559091,True,3
short,110653.07,2025-09-04 05:00:00+00:00,109786.48,2025-09-04 18:00:00+00:00,atr_trail,13.379515964369068,True,13
short,110393.95,2025-09-04 06:00:00+00:00,109786.48,2025-09-04 18:00:00+00:00,atr_trail,9.163723917841539,True,12
short,110267.99,2025-09-06 16:00:00+00:00,110267.99,2025-09-06 18:00:00+00:00,stop_loss,-1.1926081021855421,True,2
short,110880.76,2025-09-09 15:00:00+00:00,112013.34571428571,2025-09-10 07:00:00+00:00,stop_loss,-22.02889522556868,False,16
short,115334.0,2025-09-13 16:00:00+00:00,115856.98285714287,2025-09-13 20:00:00+00:00,stop_loss,-10.669014464821581,False,4
short,115071.32,2025-09-15 00:00:00+00:00,115801.63714285716,2025-09-15 04:00:00+00:00,stop_loss,-14.293295651030183,False,4
short,114737.27,2025-09-15 08:00:00+00:00,115779.77,2025-09-16 05:00:00+00:00,stop_loss,-19.771950578918254,False,21
short,115606.61,2025-09-17 14:00:00+00:00,115606.61,2025-09-17 19:00:00+00:00,stop_loss,-0.885459789638586,True,5
short,115226.93,2025-09-17 18:00:00+00:00,116305.85285714285,2025-09-17 22:00:00+00:00,stop_loss,-20.326921860069586,False,4
short,116488.0,2025-09-19 09:00:00+00:00,116284.63,2025-09-19 14:00:00+00:00,atr_trail,2.1234871525699015,True,5
short,116394.72,2025-09-19 11:00:00+00:00,115884.03,2025-09-19 16:00:00+00:00,atr_trail,6.858218723323568,True,5
short,116162.45,2025-09-19 12:00:00+00:00,115884.03,2025-09-19 16:00:00+00:00,atr_trail,3.286799231839271,True,4
short,115899.99,2025-09-19 14:00:00+00:00,115899.99,2025-09-19 16:00:00+00:00,stop_loss,-1.013652112604038,True,2
short,115125.12,2025-09-19 19:00:00+00:00,115858.35714285713,2025-09-20 07:00:00+00:00,stop_loss,-14.338091267260092,False,12
short,115407.49,2025-09-19 18:00:00+00:00,116121.06714285715,2025-09-20 15:00:00+00:00,stop_loss,-13.96621891451146,False,21
short,115500.0,2025-09-21 01:00:00+00:00,115803.27,2025-09-21 07:00:00+00:00,stop_loss,-6.851428571428642,False,6
short,115316.0,2025-09-21 16:00:00+00:00,114407.28,2025-09-22 01:00:00+00:00,atr_trail,12.918630793397549,True,9
short,114407.28,2025-09-22 00:00:00+00:00,112227.12392857143,2025-09-22 06:00:00+00:00,atr_trail,33.198753940433576,True,6
short,114273.45,2025-09-22 01:00:00+00:00,112262.11571428571,2025-09-22 06:00:00+00:00,atr_trail,30.621107727623013,True,5
short,114187.81,2025-09-22 02:00:00+00:00,112296.94785714286,2025-09-22 06:00:00+00:00,atr_trail,28.786882552774752,True,4
short,112800.77,2025-09-22 06:00:00+00:00,112800.77,2025-09-22 10:00:00+00:00,stop_loss,-0.6597581913669511,True,4
short,111735.66,2025-09-25 04:00:00+00:00,111111.01,2025-09-25 13:00:00+00:00,atr_trail,9.388969092639982,True,9
short,111533.26,2025-09-25 06:00:00+00:00,111533.26,2025-09-25 13:00:00+00:00,stop_loss,-0.7293577231708922,True,7
short,111348.0,2025-09-25 11:00:00+00:00,111348.0,2025-09-25 14:00:00+00:00,stop_loss,-0.6402778419267363,True,3
short,111000.0,2025-09-25 13:00:00+00:00,108833.63,2025-09-25 18:00:00+00:00,atr_trail,34.635200772200704,True,5
short,108833.63,2025-09-25 17:00:00+00:00,110304.44571428571,2025-09-28 16:00:00+00:00,stop_loss,-28.6286990204353,False,71
short,121574.66,2025-10-04 18:00:00+00:00,122206.95714285715,2025-10-04 21:00:00+00:00,stop_loss,-12.001791670355438,False,3
short,123667.99,2025-10-07 07:00:00+00:00,124858.15571428572,2025-10-07 12:00:00+00:00,stop_loss,-20.847757067705473,False,5
short,122725.36,2025-10-07 14:00:00+00:00,121816.27214285715,2025-10-07 16:00:00+00:00,atr_trail,12.837589986058392,True,2
short,121846.01,2025-10-07 15:00:00+00:00,121846.01,2025-10-07 19:00:00+00:00,stop_loss,-0.3644721164267788,True,4
short,121261.62,2025-10-09 08:00:00+00:00,122342.42571428571,2025-10-09 11:00:00+00:00,stop_loss,-19.426014765194697,False,3
short,119819.77,2025-10-09 16:00:00+00:00,121505.0,2025-10-09 21:00:00+00:00,stop_loss,-29.729414703433264,False,5
short,119018.98,2025-10-10 15:00:00+00:00,117063.58642857143,2025-10-10 19:00:00+00:00,atr_trail,29.217414883863636,True,4
short,118205.61,2025-10-10 16:00:00+00:00,117117.08821428572,2025-10-10 19:00:00+00:00,atr_trail,16.2893509610681,True,3
short,117623.8,2025-10-10 17:00:00+00:00,114222.99821428572,2025-10-10 20:00:00+00:00,atr_trail,51.78468611673096,True,3
short,116661.5,2025-10-10 19:00:00+00:00,103292.77928571428,2025-10-10 21:00:00+00:00,atr_trail,206.14692471074753,True,2
short,114266.82,2025-10-10 20:00:00+00:00,103687.76785714286,2025-10-10 22:00:00+00:00,atr_trail,167.01701035723744,True,2
short,113500.0,2025-10-14 03:00:00+00:00,113500.0,2025-10-14 05:00:00+00:00,stop_loss,-0.3761069855254784,True,2
short,113062.09,2025-10-14 04:00:00+00:00,112304.36535714286,2025-10-14 06:00:00+00:00,atr_trail,11.582889785856274,True,2
short,112493.11,2025-10-14 05:00:00+00:00,111019.56714285715,2025-10-14 10:00:00+00:00,atr_trail,23.17207207242661,True,5
short,111987.38,2025-10-14 06:00:00+00:00,111066.8267857143,2025-10-14 10:00:00+00:00,atr_trail,14.45187439105062,True,4
short,111287.89,2025-10-14 09:00:00+00:00,111287.89,2025-10-14 11:00:00+00:00,stop_loss,-0.3374919486490613,True,2
short,110623.58,2025-10-14 10:00:00+00:00,112150.86571428571,2025-10-14 14:00:00+00:00,stop_loss,-29.212299552874896,False,4
short,111389.0,2025-10-15 13:00:00+00:00,111389.0,2025-10-15 18:00:00+00:00,stop_loss,-0.23554749571321598,True,5
short,108549.21,2025-10-16 15:00:00+00:00,108549.21,2025-10-17 00:00:00+00:00,stop_loss,0.25577187921102706,True,9
short,106741.28,2025-10-17 06:00:00+00:00,104530.0,2025-10-17 10:00:00+00:00,atr_trail,37.2725323243534,True,4
short,105633.75,2025-10-17 07:00:00+00:00,104530.0,2025-10-17 10:00:00+00:00,atr_trail,18.854079712754153,True,3
short,104884.38,2025-10-17 08:00:00+00:00,104884.38,2025-10-17 11:00:00+00:00,stop_loss,0.08991934601838136,True,3
short,106443.95,2025-10-19 08:00:00+00:00,107183.33285714286,2025-10-19 09:00:00+00:00,stop_loss,-15.492435542703184,False,1
short,109514.92,2025-10-21 02:00:00+00:00,107754.27,2025-10-21 10:00:00+00:00,atr_trail,28.606319963395876,True,8
short,109059.22,2025-10-21 03:00:00+00:00,107754.27,2025-10-21 10:00:00+00:00,atr_trail,21.205195719746126,True,7
short,107779.7,2025-10-21 04:00:00+00:00,109268.68999999999,2025-10-21 12:00:00+00:00,stop_loss,-29.23024948111733,False,8
short,107555.05,2025-10-22 11:00:00+00:00,109142.29428571429,2025-10-22 15:00:00+00:00,stop_loss,-31.115011814215862,False,4
short,114112.51,2025-10-27 22:00:00+00:00,114112.51,2025-10-28 06:00:00+00:00,stop_loss,-0.6376878298193757,True,8
short,114302.7,2025-10-27 21:00:00+00:00,114302.7,2025-10-28 07:00:00+00:00,stop_loss,-0.6165586639685628,True,10
short,111509.74,2025-10-29 15:00:00+00:00,111509.74,2025-10-29 17:00:00+00:00,stop_loss,-0.6567640100317801,True,2
short,112808.05,2025-10-28 20:00:00+00:00,110356.34785714286,2025-10-29 18:00:00+00:00,atr_trail,38.88685861894233,True,22
short,111106.35,2025-10-29 16:00:00+00:00,111106.35,2025-10-29 19:00:00+00:00,stop_loss,-0.6279082030093694,True,3
short,110806.38,2025-10-29 18:00:00+00:00,110806.38,2025-10-30 02:00:00+00:00,stop_loss,-0.23200502147464963,True,8
short,108575.27,2025-10-30 04:00:00+00:00,110811.16142857143,2025-10-30 06:00:00+00:00,stop_loss,-42.78601645791767,False,2
short,107627.16,2025-10-30 13:00:00+00:00,107627.16,2025-10-30 20:00:00+00:00,stop_loss,0.31415438259264095,True,7
short,106536.39,2025-10-30 19:00:00+00:00,108322.58857142857,2025-10-30 23:00:00+00:00,stop_loss,-35.13217752973551,False,4
short,109033.83,2025-11-03 02:00:00+00:00,107494.24,2025-11-03 07:00:00+00:00,atr_trail,24.75782464422799,True,5
short,107937.45,2025-11-03 03:00:00+00:00,107586.98,2025-11-03 09:00:00+00:00,atr_trail,5.282140668375227,True,6
short,107900.37,2025-11-03 04:00:00+00:00,107900.37,2025-11-03 09:00:00+00:00,stop_loss,-0.5549128912691869,True,5
short,105745.71,2025-11-03 15:00:00+00:00,107594.95142857142,2025-11-03 17:00:00+00:00,stop_loss,-36.57525201866664,False,2
short,104215.76,2025-11-04 05:00:00+00:00,104500.01,2025-11-04 15:00:00+00:00,stop_loss,-4.442009143887086,True,10
short,104051.9,2025-11-04 08:00:00+00:00,104500.01,2025-11-04 15:00:00+00:00,stop_loss,-7.414683414169846,True,7
short,102257.7,2025-11-04 16:00:00+00:00,101363.97,2025-11-04 19:00:00+00:00,atr_trail,16.209488045538652,True,3
short,101114.83,2025-11-04 17:00:00+00:00,101363.97,2025-11-04 19:00:00+00:00,stop_loss,-3.8709117657900114,True,2
short,102552.38,2025-11-06 12:00:00+00:00,101282.37642857143,2025-11-06 16:00:00+00:00,atr_trail,21.967110638624813,True,4
short,102125.0,2025-11-06 14:00:00+00:00,100867.19,2025-11-06 17:00:00+00:00,atr_trail,22.0750173107186,True,3
short,102014.48,2025-11-06 15:00:00+00:00,100867.19,2025-11-06 17:00:00+00:00,atr_trail,20.198409682345243,True,2
short,100867.2,2025-11-06 16:00:00+00:00,100411.89,2025-11-07 12:00:00+00:00,atr_trail,8.293284012472355,True,20
short,99638.28,2025-11-07 12:00:00+00:00,101074.69428571429,2025-11-07 15:00:00+00:00,stop_loss,-30.432578918750647,False,3
short,103455.99,2025-11-11 15:00:00+00:00,103455.99,2025-11-12 04:00:00+00:00,stop_loss,-0.14437345083368447,True,13
short,104530.83,2025-11-11 12:00:00+00:00,103385.31,2025-11-12 06:00:00+00:00,atr_trail,19.51122076206069,True,18
short,102809.27,2025-11-11 20:00:00+00:00,104151.26857142858,2025-11-12 08:00:00+00:00,stop_loss,-27.706567460863642,False,12
short,102173.51,2025-11-12 15:00:00+00:00,101539.01,2025-11-12 21:00:00+00:00,atr_trail,10.999972620803852,True,6
short,101442.61,2025-11-12 16:00:00+00:00,102968.57857142857,2025-11-13 05:00:00+00:00,stop_loss,-31.685357059101168,False,13
short,101297.31,2025-11-12 19:00:00+00:00,102969.73714285714,2025-11-13 05:00:00+00:00,stop_loss,-34.62016890393511,False,10
short,100633.13,2025-11-13 16:00:00+00:00,98817.35,2025-11-13 22:00:00+00:00,atr_trail,32.917621440516484,True,6
short,99659.99,2025-11-13 17:00:00+00:00,99659.99,2025-11-13 22:00:00+00:00,stop_loss,0.39707453885385346,True,5
short,98591.78,2025-11-13 18:00:00+00:00,97523.98,2025-11-14 06:00:00+00:00,atr_trail,20.063438878981646,True,12
short,97823.98,2025-11-14 04:00:00+00:00,97569.13,2025-11-14 07:00:00+00:00,atr_trail,5.5273292528651865,True,3
short,95350.75,2025-11-14 12:00:00+00:00,95350.75,2025-11-14 22:00:00+00:00,stop_loss,0.7145896297916561,True,10
short,94377.47,2025-11-14 20:00:00+00:00,96843.80285714286,2025-11-15 03:00:00+00:00,stop_loss,-53.86528867838601,False,7
short,94573.46,2025-11-16 15:00:00+00:00,94573.46,2025-11-16 18:00:00+00:00,stop_loss,-0.4552345597651998,True,3
short,94224.47,2025-11-16 16:00:00+00:00,95313.82285714286,2025-11-16 18:00:00+00:00,stop_loss,-24.722504316402343,False,2
short,93505.22,2025-11-16 21:00:00+00:00,95048.72714285714,2025-11-17 00:00:00+00:00,stop_loss,-34.61435241491628,False,3
short,92767.49,2025-11-17 17:00:00+00:00,90635.42678571428,2025-11-18 04:00:00+00:00,atr_trail,41.75498736834283,True,11
short,92549.01,2025-11-17 18:00:00+00:00,90644.47714285714,2025-11-18 04:00:00+00:00,atr_trail,37.44510084517841,True,10
short,91678.93,2025-11-17 19:00:00+00:00,90719.58,2025-11-18 04:00:00+00:00,atr_trail,19.367413123167818,True,9
short,90459.99,2025-11-19 05:00:00+00:00,92071.0142857143,2025-11-19 15:00:00+00:00,stop_loss,-37.218493561944626,False,10
short,89951.7,2025-11-19 15:00:00+00:00,89951.7,2025-11-19 21:00:00+00:00,stop_loss,0.3410559857599855,True,6
short,87878.1,2025-11-20 16:00:00+00:00,87233.8,2025-11-20 18:00:00+00:00,atr_trail,13.564681855563956,True,2
short,87233.81,2025-11-20 17:00:00+00:00,87233.81,2025-11-20 21:00:00+00:00,stop_loss,0.612376141773473,True,4
short,85444.93,2025-11-21 02:00:00+00:00,83963.485,2025-11-21 08:00:00+00:00,atr_trail,32.672355305340965,True,6
short,84049.39,2025-11-21 07:00:00+00:00,82309.67,2025-11-21 12:00:00+00:00,atr_trail,38.54518810224053,True,5
short,85944.91,2025-11-24 09:00:00+00:00,87654.72857142858,2025-11-24 16:00:00+00:00,stop_loss,-41.38871049905293,False,7
short,90360.0,2025-11-30 23:00:00+00:00,87000.0,2025-12-01 01:00:00+00:00,atr_trail,66.31290393979637,True,2
short,86346.13,2025-12-01 03:00:00+00:00,86346.13,2025-12-01 06:00:00+00:00,stop_loss,0.11048777750664929,True,3
short,87000.0,2025-12-01 00:00:00+00:00,86550.3,2025-12-01 08:00:00+00:00,atr_trail,9.246395730706006,True,8
short,86722.29,2025-12-01 02:00:00+00:00,86722.29,2025-12-01 08:00:00+00:00,stop_loss,0.09696197565156872,True,6
short,85430.64,2025-12-01 12:00:00+00:00,85430.64,2025-12-01 16:00:00+00:00,stop_loss,0.4140498939089374,True,4
short,84677.87,2025-12-01 15:00:00+00:00,86220.16857142857,2025-12-01 21:00:00+00:00,stop_loss,-38.02742953804991,False,6
short,91894.01,2025-12-04 14:00:00+00:00,93098.11714285714,2025-12-04 15:00:00+00:00,stop_loss,-27.806433756828003,False,1
short,90465.14,2025-12-05 13:00:00+00:00,90465.14,2025-12-05 15:00:00+00:00,stop_loss,-0.43856288258028053,True,2
short,88810.89,2025-12-05 16:00:00+00:00,88810.89,2025-12-07 15:00:00+00:00,stop_loss,0.11471732158715775,True,47
short,88220.53,2025-12-07 14:00:00+00:00,89067.02571428572,2025-12-07 15:00:00+00:00,stop_loss,-20.79044726404878,False,1
short,91386.17,2025-12-11 00:00:00+00:00,89545.23,2025-12-11 15:00:00+00:00,atr_trail,36.49287710445844,True,15
short,90674.74,2025-12-11 01:00:00+00:00,89545.23,2025-12-11 15:00:00+00:00,atr_trail,22.680613164309083,True,14
short,90074.0,2025-12-11 02:00:00+00:00,91815.88,2025-12-11 20:00:00+00:00,stop_loss,-40.27664364855573,False,18
short,89935.14,2025-12-12 15:00:00+00:00,89360.01,2025-12-14 12:00:00+00:00,atr_trail,11.216193346195393,True,45
short,89360.0,2025-12-14 11:00:00+00:00,89360.0,2025-12-14 16:00:00+00:00,stop_loss,-0.9843793963422641,True,5
short,87033.22,2025-12-15 15:00:00+00:00,86400.0,2025-12-15 17:00:00+00:00,atr_trail,12.8259792820653,True,2
short,86400.01,2025-12-15 16:00:00+00:00,85762.86,2025-12-15 18:00:00+00:00,atr_trail,13.069864373527459,True,2
short,85762.87,2025-12-15 17:00:00+00:00,87051.63857142856,2025-12-16 10:00:00+00:00,stop_loss,-31.654231427389544,False,17
short,85829.22,2025-12-17 18:00:00+00:00,87914.29571428572,2025-12-18 13:00:00+00:00,stop_loss,-50.18661687210296,False,19
short,84483.79,2025-12-18 19:00:00+00:00,86399.3857142857,2025-12-19 03:00:00+00:00,stop_loss,-46.94824288270467,False,8
short,87670.1,2025-12-21 13:00:00+00:00,88351.10285714286,2025-12-21 16:00:00+00:00,stop_loss,-17.135578427373886,False,3
short,87765.01,2025-12-23 05:00:00+00:00,87765.01,2025-12-23 11:00:00+00:00,stop_loss,-0.3738556467028187,True,6
short,87400.01,2025-12-23 06:00:00+00:00,87400.01,2025-12-23 15:00:00+00:00,stop_loss,-0.3483525459550836,True,9
short,86874.0,2025-12-23 14:00:00+00:00,87834.28,2025-12-23 16:00:00+00:00,stop_loss,-23.70741994152448,False,2
short,87225.27,2025-12-25 23:00:00+00:00,87954.98714285714,2025-12-26 02:00:00+00:00,stop_loss,-18.33178295365852,False,3
short,87397.0,2025-12-29 12:00:00+00:00,88699.15571428572,2025-12-30 14:00:00+00:00,stop_loss,-31.39863643570649,False,26
short,87656.98,2025-12-31 16:00:00+00:00,87662.01,2025-12-31 21:00:00+00:00,stop_loss,-0.8489735068933922,True,5
short,92692.32,2026-01-06 16:00:00+00:00,91589.23,2026-01-06 18:00:00+00:00,atr_trail,20.870634953514028,True,2
short,91589.24,2026-01-06 17:00:00+00:00,92689.52285714287,2026-01-06 20:00:00+00:00,stop_loss,-25.626465491860596,False,3
short,91349.96,2026-01-07 15:00:00+00:00,91349.96,2026-01-07 22:00:00+00:00,stop_loss,-0.5039482259840661,True,7
short,90901.39,2026-01-07 18:00:00+00:00,89898.0,2026-01-08 07:00:00+00:00,atr_trail,19.45112238343422,True,13
short,89898.01,2026-01-08 06:00:00+00:00,90024.0,2026-01-08 15:00:00+00:00,stop_loss,-2.911036489334742,True,9
short,94585.98,2026-01-16 15:00:00+00:00,95381.62,2026-01-16 20:00:00+00:00,stop_loss,-18.42363496154503,False,5
short,94966.9,2026-01-18 01:00:00+00:00,95330.65,2026-01-18 14:00:00+00:00,stop_loss,-9.260563838558488,False,13
short,93673.14,2026-01-18 23:00:00+00:00,92387.41535714286,2026-01-19 01:00:00+00:00,atr_trail,23.785431420667265,True,2
short,92711.02,2026-01-19 00:00:00+00:00,92711.02,2026-01-19 03:00:00+00:00,stop_loss,-0.6739951179174096,True,3
short,92062.61,2026-01-20 04:00:00+00:00,91317.41785714286,2026-01-20 06:00:00+00:00,atr_trail,13.76017251116998,True,2
short,91624.18,2026-01-20 05:00:00+00:00,91269.57,2026-01-20 11:00:00+00:00,atr_trail,6.241909978660072,True,6
short,90929.98,2026-01-20 06:00:00+00:00,90506.44607142857,2026-01-20 15:00:00+00:00,atr_trail,7.733326745323333,True,9
short,90531.15,2026-01-20 14:00:00+00:00,90684.95,2026-01-20 16:00:00+00:00,stop_loss,-3.5748987739895166,True,2
short,89775.46,2026-01-20 17:00:00+00:00,88427.66,2026-01-21 00:00:00+00:00,atr_trail,26.816026575000127,True,7
short,88509.18,2026-01-20 22:00:00+00:00,89835.57999999999,2026-01-21 05:00:00+00:00,stop_loss,-31.5720322795894,False,7
short,87602.4,2026-01-21 16:00:00+00:00,89105.36571428571,2026-01-21 19:00:00+00:00,stop_loss,-35.9133456226249,False,3
short,88960.35,2026-01-25 03:00:00+00:00,88413.52571428572,2026-01-25 08:00:00+00:00,atr_trail,9.88025095289249,True,5
short,88831.36,2026-01-25 06:00:00+00:00,88401.57928571428,2026-01-25 08:00:00+00:00,atr_trail,7.507322652077686,True,2
short,88300.01,2026-01-25 08:00:00+00:00,88736.79,2026-01-25 12:00:00+00:00,stop_loss,-11.493090612333992,False,4
short,88077.26,2026-01-25 16:00:00+00:00,86710.48250000001,2026-01-25 19:00:00+00:00,atr_trail,27.112865273056503,True,3
short,87420.01,2026-01-25 18:00:00+00:00,86654.6,2026-01-25 21:00:00+00:00,atr_trail,15.111502484221809,True,3
short,86495.16,2026-01-25 19:00:00+00:00,87489.59285714287,2026-01-26 01:00:00+00:00,stop_loss,-24.593953815285463,False,6
short,87546.58,2026-01-27 17:00:00+00:00,88480.73285714287,2026-01-27 18:00:00+00:00,stop_loss,-22.940704734390867,False,1
short,88603.56,2026-01-29 01:00:00+00:00,88005.62,2026-01-29 14:00:00+00:00,atr_trail,12.048526086310806,True,13
short,87907.06,2026-01-29 02:00:00+00:00,85435.29714285715,2026-01-29 15:00:00+00:00,atr_trail,50.63324985014193,True,13
short,87014.4,2026-01-29 14:00:00+00:00,84933.3375,2026-01-29 16:00:00+00:00,atr_trail,42.468585199691105,True,2
short,84934.02,2026-01-29 15:00:00+00:00,85270.01,2026-01-29 17:00:00+00:00,stop_loss,-7.329603823229708,True,2
short,84261.66,2026-01-29 17:00:00+00:00,84261.66,2026-01-29 19:00:00+00:00,stop_loss,0.006370306156188166,True,2
short,83477.02,2026-01-29 18:00:00+00:00,82215.78571428571,2026-01-30 02:00:00+00:00,atr_trail,27.349202341640343,True,8
short,82468.02,2026-01-30 01:00:00+00:00,82468.02,2026-01-30 03:00:00+00:00,stop_loss,0.9259817597865798,True,2
short,81479.99,2026-01-31 14:00:00+00:00,78929.00249999999,2026-01-31 17:00:00+00:00,atr_trail,56.01321890196637,True,3
short,80365.04,2026-01-31 16:00:00+00:00,76711.54357142857,2026-01-31 18:00:00+00:00,atr_trail,81.87551017563986,True,2
short,78893.92,2026-01-31 17:00:00+00:00,76945.27892857142,2026-01-31 19:00:00+00:00,atr_trail,44.93004674776322,True,2
short,78038.38,2026-01-31 18:00:00+00:00,78038.38,2026-02-01 18:00:00+00:00,stop_loss,1.0828959948022494,True,24
short,76526.03,2026-02-01 21:00:00+00:00,78194.60857142857,2026-02-02 00:00:00+00:00,stop_loss,-45.20813102230898,False,3
short,77201.22,2026-02-03 14:00:00+00:00,75902.04642857143,2026-02-03 17:00:00+00:00,atr_trail,30.452359868332277,True,3
short,76488.08,2026-02-03 16:00:00+00:00,74284.72928571429,2026-02-03 18:00:00+00:00,atr_trail,52.25118644817409,True,2
short,74915.79,2026-02-03 17:00:00+00:00,74915.79,2026-02-03 19:00:00+00:00,stop_loss,0.5140021730684738,True,2
short,73139.13,2026-02-03 18:00:00+00:00,74959.01000000001,2026-02-03 19:00:00+00:00,stop_loss,-51.364879620526104,False,1
short,73636.01,2026-02-04 16:00:00+00:00,73636.01,2026-02-04 18:00:00+00:00,stop_loss,0.46125081620101716,True,2
short,72576.08,2026-02-04 17:00:00+00:00,70951.51,2026-02-05 07:00:00+00:00,atr_trail,40.90712395284289,True,14
short,71454.44,2026-02-05 02:00:00+00:00,68706.64607142856,2026-02-05 15:00:00+00:00,atr_trail,71.32612207562933,True,13
short,71223.25,2026-02-05 03:00:00+00:00,68643.61499999999,2026-02-05 15:00:00+00:00,atr_trail,67.19502128869459,True,12
short,69563.57,2026-02-05 12:00:00+00:00,67489.08,2026-02-05 16:00:00+00:00,atr_trail,54.94848199588226,True,4
short,67489.07,2026-02-05 15:00:00+00:00,64065.44857142857,2026-02-05 20:00:00+00:00,atr_trail,93.11032441676454,True,5
short,66181.69,2026-02-05 17:00:00+00:00,63775.66,2026-02-05 21:00:00+00:00,atr_trail,67.66517202653998,True,4
short,65265.65,2026-02-05 19:00:00+00:00,63775.66,2026-02-05 21:00:00+00:00,atr_trail,43.5590603720552,True,2
short,63775.67,2026-02-05 20:00:00+00:00,63775.67,2026-02-06 01:00:00+00:00,stop_loss,3.188922080876833,True,5
short,69873.99,2026-02-09 08:00:00+00:00,68594.56,2026-02-09 14:00:00+00:00,atr_trail,33.576013686515424,True,6
short,68727.88,2026-02-09 10:00:00+00:00,70394.76571428572,2026-02-09 16:00:00+00:00,stop_loss,-50.106827630525366,False,6
short,68535.01,2026-02-10 11:00:00+00:00,68535.01,2026-02-10 15:00:00+00:00,stop_loss,0.029415389302491324,True,4
short,67584.46,2026-02-11 04:00:00+00:00,67053.03,2026-02-11 12:00:00+00:00,atr_trail,14.587222836221933,True,8
short,66531.99,2026-02-11 10:00:00+00:00,67617.27142857143,2026-02-11 13:00:00+00:00,stop_loss,-34.224348935645146,False,3
short,66820.32,2026-02-11 06:00:00+00:00,68089.20571428572,2026-02-11 14:00:00+00:00,stop_loss,-39.57903734330263,False,8
short,65863.37,2026-02-12 16:00:00+00:00,65863.37,2026-02-12 19:00:00+00:00,stop_loss,0.41011145171760477,True,3
short,65413.99,2026-02-12 17:00:00+00:00,66823.79,2026-02-13 09:00:00+00:00,stop_loss,-44.70392929708143,False,16
short,68930.0,2026-02-15 13:00:00+00:00,68930.0,2026-02-15 21:00:00+00:00,stop_loss,0.055942882012789186,True,8
short,68641.21,2026-02-15 17:00:00+00:00,68641.21,2026-02-15 21:00:00+00:00,stop_loss,0.08301853320226793,True,4
short,67539.52,2026-02-16 15:00:00+00:00,68775.29000000001,2026-02-16 21:00:00+00:00,stop_loss,-38.193982308432275,False,6
short,66875.06,2026-02-17 14:00:00+00:00,67933.70285714285,2026-02-17 16:00:00+00:00,stop_loss,-33.260318723986344,False,2
short,66359.99,2026-02-18 18:00:00+00:00,66359.99,2026-02-19 14:00:00+00:00,stop_loss,0.10645423114567931,True,20
short,66177.14,2026-02-18 19:00:00+00:00,67369.17857142857,2026-02-20 00:00:00+00:00,stop_loss,-37.62569018330396,False,29
short,67652.38,2026-02-22 13:00:00+00:00,67652.38,2026-02-22 15:00:00+00:00,stop_loss,-0.9729372756097322,True,2
short,67443.89,2026-02-22 14:00:00+00:00,67443.89,2026-02-22 18:00:00+00:00,stop_loss,-0.9544559781471612,True,4
short,66740.47,2026-02-23 00:00:00+00:00,64427.64,2026-02-23 02:00:00+00:00,atr_trail,61.7509815815545,True,2
short,64427.65,2026-02-23 01:00:00+00:00,65410.927142857145,2026-02-23 06:00:00+00:00,stop_loss,-32.12345205380432,False,5
short,66643.55,2026-02-26 16:00:00+00:00,67813.03571428571,2026-02-26 19:00:00+00:00,stop_loss,-36.69674122359049,False,3
short,66126.99,2026-02-27 11:00:00+00:00,65527.59,2026-02-27 22:00:00+00:00,atr_trail,16.224718772168753,True,11
short,65928.01,2026-02-27 12:00:00+00:00,65928.01,2026-02-27 23:00:00+00:00,stop_loss,-0.053185094295607804,True,11
short,65475.21,2026-02-27 16:00:00+00:00,63216.01,2026-02-28 07:00:00+00:00,atr_trail,62.25530384051341,True,15
short,63216.01,2026-02-28 06:00:00+00:00,64277.188571428575,2026-02-28 07:00:00+00:00,stop_loss,-35.17309553160892,False,1
short,65300.0,2026-03-01 20:00:00+00:00,66619.13,2026-03-02 00:00:00+00:00,stop_loss,-42.002143950995546,False,4
short,71652.77,2026-03-05 15:00:00+00:00,69907.0,2026-03-06 13:00:00+00:00,atr_trail,44.319777919462084,True,22
short,69907.0,2026-03-06 12:00:00+00:00,68959.02107142856,2026-03-06 14:00:00+00:00,atr_trail,24.301586597704496,True,2
short,69208.0,2026-03-06 13:00:00+00:00,68409.89,2026-03-06 15:00:00+00:00,atr_trail,20.792950030549758,True,2
short,68409.89,2026-03-06 14:00:00+00:00,68409.89,2026-03-06 18:00:00+00:00,stop_loss,0.22838642608127668,True,4
short,67690.86,2026-03-07 06:00:00+00:00,67297.27,2026-03-08 02:00:00+00:00,atr_trail,10.030861241827834,True,20
short,66637.36,2026-03-08 04:00:00+00:00,67306.99,2026-03-08 07:00:00+00:00,stop_loss,-21.697734964290444,False,3
short,67955.1,2026-03-06 17:00:00+00:00,67319.9,2026-03-08 08:00:00+00:00,atr_trail,17.195818331306036,True,39
short,70704.41,2026-03-05 17:00:00+00:00,67539.34,2026-03-08 09:00:00+00:00,atr_trail,81.23202056077064,True,64
short,66236.8,2026-03-08 22:00:00+00:00,67372.95714285715,2026-03-09 03:00:00+00:00,stop_loss,-35.905918850462214,False,5
short,69173.0,2026-03-11 11:00:00+00:00,70094.68142857144,2026-03-11 13:00:00+00:00,stop_loss,-28.24858914811951,False,2
short,70814.0,2026-03-13 22:00:00+00:00,72259.52571428572,2026-03-15 22:00:00+00:00,stop_loss,-42.425986790344155,False,48
short,72952.85,2026-03-18 11:00:00+00:00,71826.10178571429,2026-03-18 14:00:00+00:00,atr_trail,27.527859393332342,True,3
short,72361.24,2026-03-18 12:00:00+00:00,71314.07,2026-03-18 17:00:00+00:00,atr_trail,25.76131545404294,True,5
short,72133.49,2026-03-18 13:00:00+00:00,71314.07,2026-03-18 17:00:00+00:00,atr_trail,20.1743559297392,True,4
short,71193.23,2026-03-18 14:00:00+00:00,71214.67,2026-03-18 21:00:00+00:00,stop_loss,-0.6784737738205762,True,7
short,70191.17,2026-03-19 07:00:00+00:00,69290.28,2026-03-19 13:00:00+00:00,atr_trail,22.975056948046298,True,6
short,69290.27,2026-03-19 12:00:00+00:00,69412.52,2026-03-19 16:00:00+00:00,stop_loss,-3.3746585693571625,True,4
short,68918.12,2026-03-21 23:00:00+00:00,68954.7,2026-03-22 01:00:00+00:00,stop_loss,-1.619631992283057,True,2
short,68217.95,2026-03-22 11:00:00+00:00,68217.95,2026-03-22 22:00:00+00:00,stop_loss,-0.19294469312800522,True,11
short,67899.97,2026-03-22 21:00:00+00:00,67899.97,2026-03-23 01:00:00+00:00,stop_loss,-0.370129900541297,True,4
short,70100.46,2026-03-24 13:00:00+00:00,70100.46,2026-03-24 15:00:00+00:00,stop_loss,-0.21109939323407234,True,2
short,69869.93,2026-03-24 14:00:00+00:00,69238.44,2026-03-24 18:00:00+00:00,atr_trail,16.119065371080808,True,4
short,69476.87,2026-03-24 16:00:00+00:00,69476.87,2026-03-24 18:00:00+00:00,stop_loss,-0.09917163592924072,True,2
short,69238.43,2026-03-24 17:00:00+00:00,70339.84999999999,2026-03-24 21:00:00+00:00,stop_loss,-33.41527946257587,False,4
short,70016.98,2026-03-26 05:00:00+00:00,69335.15857142856,2026-03-26 15:00:00+00:00,atr_trail,17.26656228654428,True,10
short,69562.41,2026-03-26 09:00:00+00:00,68932.53,2026-03-26 17:00:00+00:00,atr_trail,15.887542070905535,True,8
short,69276.01,2026-03-26 11:00:00+00:00,68932.53,2026-03-26 17:00:00+00:00,atr_trail,8.537232210688702,True,6
short,69082.64,2026-03-26 15:00:00+00:00,69082.64,2026-03-26 20:00:00+00:00,stop_loss,-0.2069272561508395,True,5
short,68486.86,2026-03-26 17:00:00+00:00,69478.34714285715,2026-03-26 20:00:00+00:00,stop_loss,-30.55408383030408,False,3
short,67920.5,2026-03-27 08:00:00+00:00,66619.75,2026-03-27 13:00:00+00:00,atr_trail,34.248547724387876,True,5
short,66502.41,2026-03-27 10:00:00+00:00,66502.41,2026-03-27 15:00:00+00:00,stop_loss,-0.08664345934445028,True,5
short,66188.32,2026-03-27 13:00:00+00:00,66188.32,2026-03-27 23:00:00+00:00,stop_loss,0.046425575647535355,True,10
short,65632.92,2026-03-27 17:00:00+00:00,66431.55,2026-03-28 00:00:00+00:00,end_of_data,-25.936262960721685,False,7
