side,entry_price,entry_time,exit_price,exit_time,exit_reason,pnl,tp1_done,duration_bars,sl_was_breakeven
short,112261.37,2025-09-03 14:00:00+00:00,111944.08592857144,2025-09-03 15:00:00+00:00,stop_loss,4.052595749162082,False,1,False
short,112222.74,2025-09-03 15:00:00+00:00,111943.28771428572,2025-09-03 16:00:00+00:00,stop_loss,3.3803147867230368,False,1,False
short,112312.64,2025-09-03 17:00:00+00:00,111951.70185714286,2025-09-03 18:00:00+00:00,stop_loss,4.82738240071885,False,1,False
short,112954.32,2025-09-05 07:00:00+00:00,111938.25335714285,2025-09-05 08:00:00+00:00,stop_loss,16.39075312670036,False,1,False
short,111071.25,2025-09-07 08:00:00+00:00,111069.71307142857,2025-09-07 09:00:00+00:00,stop_loss,-1.5723253574363132,False,1,False
short,111115.98,2025-09-07 09:00:00+00:00,111072.09850000001,2025-09-07 10:00:00+00:00,stop_loss,-0.8101676104555152,False,1,False
short,111225.02,2025-09-07 10:00:00+00:00,111073.45985714287,2025-09-07 11:00:00+00:00,stop_loss,1.125288660000043,False,1,False
short,111684.25,2025-09-08 08:00:00+00:00,111716.02392857143,2025-09-08 09:00:00+00:00,stop_loss,-2.1689956922562352,False,1,False
short,112094.99,2025-09-08 09:00:00+00:00,111721.57392857142,2025-09-08 10:00:00+00:00,stop_loss,5.062493505349037,False,1,False
short,112048.0,2025-09-08 10:00:00+00:00,111722.47564285714,2025-09-08 11:00:00+00:00,stop_loss,4.210444758368881,False,1,False
short,112052.43,2025-09-08 11:00:00+00:00,111724.34228571429,2025-09-08 12:00:00+00:00,stop_loss,4.255967858719462,False,1,False
short,112645.05,2025-09-08 14:00:00+00:00,111727.73314285715,2025-09-08 15:00:00+00:00,stop_loss,14.686856051692535,False,1,False
short,113022.61,2025-09-09 06:00:00+00:00,113062.02092857142,2025-09-09 07:00:00+00:00,stop_loss,-2.297399017266052,False,1,False
short,113413.51,2025-09-10 12:00:00+00:00,111885.31664285714,2025-09-10 13:00:00+00:00,stop_loss,25.349053197328125,False,1,False
short,113952.0,2025-09-10 13:00:00+00:00,111900.48057142858,2025-09-10 14:00:00+00:00,stop_loss,34.40672965057962,False,1,False
short,113899.99,2025-09-10 14:00:00+00:00,111897.55021428571,2025-09-10 15:00:00+00:00,stop_loss,33.56136894681536,False,1,False
short,114628.08,2025-09-11 13:00:00+00:00,114593.87857142856,2025-09-11 14:00:00+00:00,stop_loss,-1.0032626460909149,False,1,False
short,115084.0,2025-09-11 22:00:00+00:00,114869.15314285715,2025-09-11 23:00:00+00:00,stop_loss,2.1337398273061927,False,1,False
short,115482.69,2025-09-11 23:00:00+00:00,114871.40271428572,2025-09-12 00:00:00+00:00,stop_loss,8.98664784677737,False,1,False
short,115840.69,2025-09-12 00:00:00+00:00,114886.03821428571,2025-09-12 01:00:00+00:00,stop_loss,14.88214950574431,False,1,False
short,115815.16,2025-09-12 17:00:00+00:00,116444.28235714286,2025-09-12 18:00:00+00:00,stop_loss,-12.464248810654086,False,1,False
short,116486.18,2025-09-12 18:00:00+00:00,116450.76,2025-09-12 19:00:00+00:00,stop_loss,-0.9918591887896359,False,1,False
short,116632.51,2025-09-12 19:00:00+00:00,116452.69692857143,2025-09-12 20:00:00+00:00,stop_loss,1.4834125310098414,False,1,False
short,116520.0,2025-09-15 05:00:00+00:00,116204.88121428572,2025-09-15 06:00:00+00:00,stop_loss,3.8088360060810076,False,1,False
short,115936.65,2025-09-16 05:00:00+00:00,115728.17285714287,2025-09-16 06:00:00+00:00,stop_loss,1.9963975646549343,False,1,False
short,116461.54,2025-09-16 17:00:00+00:00,116149.9,2025-09-16 18:00:00+00:00,stop_loss,3.751809704731698,False,1,False
short,116800.12,2025-09-16 19:00:00+00:00,116146.51428571428,2025-09-16 20:00:00+00:00,stop_loss,9.59186717078231,False,1,False
short,116839.47,2025-09-16 20:00:00+00:00,116141.54757142857,2025-09-16 21:00:00+00:00,stop_loss,10.346689394798348,False,1,False
short,117581.66,2025-09-18 03:00:00+00:00,117507.57928571428,2025-09-18 04:00:00+00:00,stop_loss,-0.3399273953825295,False,1,False
short,117605.16,2025-09-18 04:00:00+00:00,117501.63285714286,2025-09-18 05:00:00+00:00,stop_loss,0.1605884445400727,False,1,False
long,115542.73,2025-09-19 17:00:00+00:00,116502.03135714286,2025-09-19 18:00:00+00:00,stop_loss,15.005135730181555,False,1,False
long,115407.49,2025-09-19 18:00:00+00:00,116504.99342857143,2025-09-19 19:00:00+00:00,stop_loss,17.419622185205153,False,1,False
long,115125.12,2025-09-19 19:00:00+00:00,116502.04442857143,2025-09-19 20:00:00+00:00,stop_loss,22.32048631213479,False,1,False
long,114407.28,2025-09-22 00:00:00+00:00,115123.59521428571,2025-09-22 01:00:00+00:00,stop_loss,10.922196389700277,False,1,False
long,114273.45,2025-09-22 01:00:00+00:00,115116.59685714287,2025-09-22 02:00:00+00:00,stop_loss,13.156653573386828,False,1,False
long,114187.81,2025-09-22 02:00:00+00:00,115109.63042857143,2025-09-22 03:00:00+00:00,stop_loss,14.545688906222667,False,1,False
long,113691.19,2025-09-22 05:00:00+00:00,115083.30500000001,2025-09-22 06:00:00+00:00,stop_loss,22.889408546080045,False,1,False
long,112800.77,2025-09-22 06:00:00+00:00,115049.93000000001,2025-09-22 07:00:00+00:00,stop_loss,38.278451184331516,False,1,False
long,112519.99,2025-09-22 07:00:00+00:00,115046.86164285714,2025-09-22 08:00:00+00:00,stop_loss,43.31418178862502,False,1,False
long,112629.07,2025-09-22 08:00:00+00:00,115043.08035714286,2025-09-22 09:00:00+00:00,stop_loss,41.266559355286304,False,1,False
long,112336.62,2025-09-22 09:00:00+00:00,115037.156,2025-09-22 10:00:00+00:00,stop_loss,46.479352930504895,False,1,False
long,112792.16,2025-09-22 10:00:00+00:00,115028.79564285715,2025-09-22 11:00:00+00:00,stop_loss,38.059416804450684,False,1,False
long,112738.65,2025-09-22 12:00:00+00:00,112738.65,2025-09-22 15:00:00+00:00,stop_loss,0.19936364325808942,True,3,True
long,112122.9,2025-09-22 19:00:00+00:00,112197.16357142858,2025-09-22 20:00:00+00:00,atr_trail,1.3542523886100293,True,1,False
long,112398.66,2025-09-22 17:00:00+00:00,111623.76178571429,2025-09-23 03:00:00+00:00,stop_loss,-15.388388834630465,False,10,False
short,113720.64,2025-09-24 14:00:00+00:00,113433.49521428571,2025-09-24 15:00:00+00:00,stop_loss,3.450002984757948,False,1,False
long,111111.0,2025-09-25 12:00:00+00:00,110877.22628571429,2025-09-25 13:00:00+00:00,stop_loss,-5.807931065073802,False,1,False
long,111000.0,2025-09-25 13:00:00+00:00,111000.0,2025-09-25 15:00:00+00:00,stop_loss,0.22487644787644956,True,2,True
long,108833.63,2025-09-25 17:00:00+00:00,110822.03764285715,2025-09-25 18:00:00+00:00,stop_loss,34.940316496971434,False,1,False
long,109163.44,2025-09-25 20:00:00+00:00,110812.03221428572,2025-09-25 21:00:00+00:00,stop_loss,28.60410889004077,False,1,False
short,109850.01,2025-09-28 14:00:00+00:00,109850.52478571428,2025-09-28 15:00:00+00:00,stop_loss,-1.6093725201169746,False,1,False
short,110037.93,2025-09-28 15:00:00+00:00,109850.43692857143,2025-09-28 16:00:00+00:00,stop_loss,1.8077898671586845,False,1,False
short,110222.02,2025-09-28 16:00:00+00:00,109854.80321428571,2025-09-28 17:00:00+00:00,stop_loss,5.063220030158986,False,1,False
short,110203.52,2025-09-28 17:00:00+00:00,109857.39521428572,2025-09-28 18:00:00+00:00,stop_loss,4.6815559015590065,False,1,False
short,110293.56,2025-09-28 18:00:00+00:00,109859.80507142858,2025-09-28 19:00:00+00:00,stop_loss,6.265462472539999,False,1,False
short,110803.8,2025-09-28 20:00:00+00:00,109874.40692857142,2025-09-28 21:00:00+00:00,stop_loss,15.17547288862984,False,1,False
short,110833.99,2025-09-28 21:00:00+00:00,109875.85807142858,2025-09-28 22:00:00+00:00,stop_loss,15.689496274047828,False,1,False
short,111938.51,2025-09-28 22:00:00+00:00,109897.66871428571,2025-09-28 23:00:00+00:00,stop_loss,34.86361356273695,False,1,False
short,112163.95,2025-09-28 23:00:00+00:00,109901.429,2025-09-29 00:00:00+00:00,stop_loss,38.74310489243636,False,1,False
short,112260.57,2025-09-29 00:00:00+00:00,109905.15714285715,2025-09-29 01:00:00+00:00,stop_loss,40.36331547475412,False,1,False
short,113227.29,2025-09-29 13:00:00+00:00,112475.29521428571,2025-09-29 14:00:00+00:00,stop_loss,11.68292473862588,False,1,False
short,114033.53,2025-09-29 14:00:00+00:00,112490.00314285714,2025-09-29 15:00:00+00:00,stop_loss,25.471456213674355,False,1,False
short,113815.57,2025-09-29 15:00:00+00:00,112486.85014285715,2025-09-29 16:00:00+00:00,stop_loss,21.74864829377667,False,1,False
short,116111.28,2025-10-01 08:00:00+00:00,114930.382,2025-10-01 09:00:00+00:00,stop_loss,18.74079720764427,False,1,False
short,116412.1,2025-10-01 09:00:00+00:00,114924.34942857143,2025-10-01 10:00:00+00:00,stop_loss,23.960067577658677,False,1,False
short,116789.58,2025-10-01 11:00:00+00:00,114916.68871428572,2025-10-01 12:00:00+00:00,stop_loss,30.47291756189697,False,1,False
short,119910.78,2025-10-02 15:00:00+00:00,119618.8465,2025-10-02 16:00:00+00:00,stop_loss,3.26917856759833,False,1,False
short,120506.61,2025-10-02 18:00:00+00:00,119637.63935714285,2025-10-02 19:00:00+00:00,stop_loss,12.821958145817092,False,1,False
short,120836.49,2025-10-02 19:00:00+00:00,119641.58414285714,2025-10-02 20:00:00+00:00,stop_loss,18.17723545499975,False,1,False
short,120917.85,2025-10-03 14:00:00+00:00,121156.63585714286,2025-10-03 15:00:00+00:00,stop_loss,-5.549555125944622,False,1,False
short,122258.05,2025-10-03 15:00:00+00:00,121183.44407142857,2025-10-03 16:00:00+00:00,stop_loss,15.979307515070444,False,1,False
short,122553.3,2025-10-03 16:00:00+00:00,121209.88735714287,2025-10-03 17:00:00+00:00,stop_loss,20.32372857943658,False,1,False
short,122538.46,2025-10-03 18:00:00+00:00,121255.70142857144,2025-10-03 19:00:00+00:00,stop_loss,19.33642390199072,False,1,False
short,124031.44,2025-10-05 02:00:00+00:00,122936.392,2025-10-05 03:00:00+00:00,stop_loss,16.057587463307613,False,1,False
short,123776.22,2025-10-05 03:00:00+00:00,122943.33742857142,2025-10-05 04:00:00+00:00,stop_loss,11.85787698846479,False,1,False
short,125172.81,2025-10-05 04:00:00+00:00,122975.78971428571,2025-10-05 05:00:00+00:00,stop_loss,33.503794277915254,False,1,False
short,125127.99,2025-10-05 05:00:00+00:00,122978.27092857142,2025-10-05 06:00:00+00:00,stop_loss,32.76032292101203,False,1,False
short,125031.33,2025-10-06 13:00:00+00:00,124545.16092857144,2025-10-06 14:00:00+00:00,stop_loss,6.176755976739031,False,1,False
short,125455.24,2025-10-06 16:00:00+00:00,124534.3212857143,2025-10-06 17:00:00+00:00,stop_loss,13.081231557736636,False,1,False
short,126011.18,2025-10-06 18:00:00+00:00,124556.39914285715,2025-10-06 19:00:00+00:00,stop_loss,21.48971088347632,False,1,False
long,121684.17,2025-10-07 16:00:00+00:00,123038.74507142858,2025-10-07 17:00:00+00:00,stop_loss,20.66378454039802,False,1,False
long,121130.02,2025-10-07 17:00:00+00:00,123033.27221428572,2025-10-07 18:00:00+00:00,stop_loss,29.824946752022655,False,1,False
long,120895.37,2025-10-07 18:00:00+00:00,123029.29035714286,2025-10-07 19:00:00+00:00,stop_loss,33.70193682591593,False,1,False
short,122934.6,2025-10-08 10:00:00+00:00,122491.41157142857,2025-10-08 11:00:00+00:00,stop_loss,5.610149601030681,False,1,False
short,124033.19,2025-10-08 17:00:00+00:00,122535.94785714285,2025-10-08 18:00:00+00:00,stop_loss,22.542604779529643,False,1,False
long,118205.61,2025-10-10 16:00:00+00:00,120622.48635714286,2025-10-10 17:00:00+00:00,stop_loss,39.29275216536435,False,1,False
long,117623.8,2025-10-10 17:00:00+00:00,120618.61035714285,2025-10-10 18:00:00+00:00,stop_loss,49.321843319852796,False,1,False
long,117237.7,2025-10-10 18:00:00+00:00,120613.37642857143,2025-10-10 19:00:00+00:00,stop_loss,55.986875699052966,False,1,False
long,116661.5,2025-10-10 19:00:00+00:00,120596.85414285715,2025-10-10 20:00:00+00:00,stop_loss,65.86620166648206,False,1,False
long,114266.82,2025-10-10 20:00:00+00:00,120517.85642857144,2025-10-10 21:00:00+00:00,stop_loss,107.81122591092377,False,1,False
long,113451.86,2025-10-10 21:00:00+00:00,120248.29592857143,2025-10-10 22:00:00+00:00,stop_loss,118.211802619568,False,1,False
long,113700.0,2025-10-10 22:00:00+00:00,120195.03842857144,2025-10-10 23:00:00+00:00,stop_loss,112.64869707249673,False,1,False
long,112774.5,2025-10-10 23:00:00+00:00,120159.59257142857,2025-10-11 00:00:00+00:00,stop_loss,129.37096544748272,False,1,False
long,112514.58,2025-10-11 00:00:00+00:00,120132.944,2025-10-11 01:00:00+00:00,stop_loss,133.82003178610276,False,1,False
long,111095.37,2025-10-11 01:00:00+00:00,120105.65557142858,2025-10-11 02:00:00+00:00,stop_loss,160.60812031011884,False,1,False
short,113198.2,2025-10-12 15:00:00+00:00,112773.23935714285,2025-10-12 16:00:00+00:00,stop_loss,5.9082579556413855,False,1,False
short,114069.35,2025-10-12 16:00:00+00:00,112781.65885714286,2025-10-12 17:00:00+00:00,stop_loss,20.977338134339284,False,1,False
long,113196.48,2025-10-11 02:00:00+00:00,114821.13,2025-10-13 04:00:00+00:00,atr_trail,29.616649971548984,True,50,False
long,112300.01,2025-10-11 03:00:00+00:00,114821.13,2025-10-13 04:00:00+00:00,atr_trail,44.27457554914112,True,49,False
long,112389.48,2025-10-11 05:00:00+00:00,114821.13,2025-10-13 04:00:00+00:00,atr_trail,42.618468768734424,True,47,False
long,111987.38,2025-10-14 06:00:00+00:00,113405.58264285715,2025-10-14 07:00:00+00:00,stop_loss,23.727901105591375,False,1,False
long,111724.41,2025-10-14 07:00:00+00:00,113407.4975,2025-10-14 08:00:00+00:00,stop_loss,28.529270765448555,False,1,False
long,111803.33,2025-10-14 08:00:00+00:00,113408.37842857142,2025-10-14 09:00:00+00:00,stop_loss,27.11199683536115,False,1,False
long,111287.89,2025-10-14 09:00:00+00:00,113405.74721428572,2025-10-14 10:00:00+00:00,stop_loss,36.46087462500575,False,1,False
long,110623.58,2025-10-14 10:00:00+00:00,113387.40714285715,2025-10-14 11:00:00+00:00,stop_loss,48.36813776695974,False,1,False
long,110803.28,2025-10-14 12:00:00+00:00,113365.66121428572,2025-10-14 13:00:00+00:00,stop_loss,44.65099932575499,False,1,False
long,108549.21,2025-10-16 15:00:00+00:00,109332.98614285713,2025-10-16 16:00:00+00:00,stop_loss,12.840936840666547,False,1,False
long,105633.75,2025-10-17 07:00:00+00:00,107166.16328571428,2025-10-17 08:00:00+00:00,stop_loss,27.413706049710118,False,1,False
long,104884.38,2025-10-17 08:00:00+00:00,107161.13078571428,2025-10-17 09:00:00+00:00,stop_loss,41.81448718511331,False,1,False
long,104531.35,2025-10-17 09:00:00+00:00,107160.26614285714,2025-10-17 10:00:00+00:00,stop_loss,48.69909482384258,False,1,False
long,104751.99,2025-10-17 10:00:00+00:00,107151.6765,2025-10-17 11:00:00+00:00,stop_loss,44.21653293651024,False,1,False
short,107882.71,2025-10-19 10:00:00+00:00,107527.99664285715,2025-10-19 11:00:00+00:00,stop_loss,4.975907430261191,False,1,False
short,107783.47,2025-10-19 11:00:00+00:00,107533.54771428571,2025-10-19 12:00:00+00:00,stop_loss,3.037488210655838,False,1,False
short,108096.34,2025-10-19 13:00:00+00:00,107553.01235714286,2025-10-19 14:00:00+00:00,stop_loss,8.452655674690574,False,1,False
short,108405.47,2025-10-19 14:00:00+00:00,107555.35664285715,2025-10-19 15:00:00+00:00,stop_loss,14.083956854628294,False,1,False
short,108486.7,2025-10-19 15:00:00+00:00,107556.18785714285,2025-10-19 16:00:00+00:00,stop_loss,15.55440036165067,False,1,False
short,109113.52,2025-10-19 17:00:00+00:00,107573.56021428572,2025-10-19 18:00:00+00:00,stop_loss,26.626745607955453,False,1,False
short,109383.01,2025-10-19 18:00:00+00:00,107575.11314285714,2025-10-19 19:00:00+00:00,stop_loss,31.456264535833412,False,1,False
short,110145.44,2025-10-20 03:00:00+00:00,109660.08071428572,2025-10-20 04:00:00+00:00,stop_loss,7.213061815619048,False,1,False
short,110422.1,2025-10-20 04:00:00+00:00,109659.27607142858,2025-10-20 05:00:00+00:00,stop_loss,12.21650826367951,False,1,False
short,111033.79,2025-10-20 05:00:00+00:00,109670.55392857143,2025-10-20 06:00:00+00:00,stop_loss,22.955337099248084,False,1,False
short,111298.55,2025-10-20 06:00:00+00:00,109662.56450000001,2025-10-20 07:00:00+00:00,stop_loss,27.798145797946066,False,1,False
long,107779.7,2025-10-21 04:00:00+00:00,109632.48150000001,2025-10-21 05:00:00+00:00,stop_loss,32.780899186025046,False,1,False
long,107537.12,2025-10-21 05:00:00+00:00,109636.73464285715,2025-10-21 06:00:00+00:00,stop_loss,37.44911425667996,False,1,False
short,112170.52,2025-10-21 14:00:00+00:00,112001.85435714286,2025-10-21 15:00:00+00:00,stop_loss,1.4073078533850802,False,1,False
short,113422.61,2025-10-21 15:00:00+00:00,112021.27507142856,2025-10-21 16:00:00+00:00,stop_loss,23.10997499654497,False,1,False
short,110246.94,2025-10-23 06:00:00+00:00,109372.917,2025-10-23 07:00:00+00:00,stop_loss,14.255732594482913,False,1,False
short,111241.71,2025-10-23 17:00:00+00:00,110537.99342857143,2025-10-23 18:00:00+00:00,stop_loss,11.052027219440985,False,1,False
short,112528.83,2025-10-26 09:00:00+00:00,111984.67278571428,2025-10-26 10:00:00+00:00,stop_loss,8.071427567241543,False,1,False
short,112477.1,2025-10-26 10:00:00+00:00,111986.65578571428,2025-10-26 11:00:00+00:00,stop_loss,7.120783417882034,False,1,False
short,113286.09,2025-10-26 11:00:00+00:00,112005.94492857142,2025-10-26 12:00:00+00:00,stop_loss,21.000216344805875,False,1,False
short,113575.05,2025-10-26 12:00:00+00:00,112011.79642857143,2025-10-26 13:00:00+00:00,stop_loss,25.928115927372726,False,1,False
short,113711.53,2025-10-26 13:00:00+00:00,112024.14335714285,2025-10-26 14:00:00+00:00,stop_loss,28.078373738479275,False,1,False
short,116053.49,2025-10-27 06:00:00+00:00,115648.13371428572,2025-10-27 07:00:00+00:00,stop_loss,5.385680236144253,False,1,False
short,115522.9,2025-10-28 13:00:00+00:00,115938.72607142857,2025-10-28 14:00:00+00:00,stop_loss,-8.799024114328356,False,1,False
long,111106.35,2025-10-29 16:00:00+00:00,111937.99164285715,2025-10-29 17:00:00+00:00,stop_loss,13.370191044114746,False,1,False
long,108575.27,2025-10-30 04:00:00+00:00,108864.61628571429,2025-10-30 05:00:00+00:00,stop_loss,3.729874578516593,False,1,False
short,110670.27,2025-11-02 04:00:00+00:00,110620.15885714286,2025-11-02 05:00:00+00:00,stop_loss,-0.6944064226617366,False,1,False
short,110895.53,2025-11-02 07:00:00+00:00,110629.66157142857,2025-11-02 08:00:00+00:00,stop_loss,3.1949349910032656,False,1,False
short,111196.99,2025-11-02 11:00:00+00:00,110651.3655,2025-11-02 12:00:00+00:00,stop_loss,8.213655927197406,False,1,False
long,107937.45,2025-11-03 03:00:00+00:00,109567.59792857143,2025-11-03 04:00:00+00:00,stop_loss,28.605418574765856,False,1,False
long,107900.37,2025-11-03 04:00:00+00:00,109566.44207142857,2025-11-03 05:00:00+00:00,stop_loss,29.281674852988377,False,1,False
long,107606.75,2025-11-03 05:00:00+00:00,109562.06078571427,2025-11-03 06:00:00+00:00,stop_loss,34.741786843562785,False,1,False
long,107494.23,2025-11-03 06:00:00+00:00,109555.63092857142,2025-11-03 07:00:00+00:00,stop_loss,36.75370379547679,False,1,False
long,107468.23,2025-11-03 07:00:00+00:00,109548.69792857142,2025-11-03 08:00:00+00:00,stop_loss,37.11782253362548,False,1,False
long,107586.97,2025-11-03 08:00:00+00:00,109534.54478571429,2025-11-03 09:00:00+00:00,stop_loss,34.60465909048809,False,1,False
long,107197.94,2025-11-03 09:00:00+00:00,109524.69878571428,2025-11-03 10:00:00+00:00,stop_loss,41.8105130325131,False,1,False
long,106974.99,2025-11-03 10:00:00+00:00,109512.45085714286,2025-11-03 11:00:00+00:00,stop_loss,45.840263507252565,False,1,False
long,105745.71,2025-11-03 15:00:00+00:00,109458.20378571429,2025-11-03 16:00:00+00:00,stop_loss,68.6154968880398,False,1,False
long,102257.7,2025-11-04 16:00:00+00:00,105436.92507142857,2025-11-04 17:00:00+00:00,stop_loss,60.580648917950946,False,1,False
long,101114.83,2025-11-04 17:00:00+00:00,105427.34628571429,2025-11-04 18:00:00+00:00,stop_loss,83.69938260716624,False,1,False
long,101363.98,2025-11-04 18:00:00+00:00,105408.34278571428,2025-11-04 19:00:00+00:00,stop_loss,78.1988158261798,False,1,False
long,100542.64,2025-11-04 19:00:00+00:00,105435.178,2025-11-04 20:00:00+00:00,stop_loss,95.7226483808263,False,1,False
long,100755.43,2025-11-04 20:00:00+00:00,105424.06942857143,2025-11-04 21:00:00+00:00,stop_loss,91.07271110989124,False,1,False
long,100311.46,2025-11-04 21:00:00+00:00,105398.20407142857,2025-11-04 22:00:00+00:00,stop_loss,99.81900180554769,False,1,False
short,103728.3,2025-11-05 15:00:00+00:00,102619.35807142858,2025-11-05 16:00:00+00:00,stop_loss,19.781665920899595,False,1,False
short,103919.2,2025-11-05 16:00:00+00:00,102615.36507142858,2025-11-05 17:00:00+00:00,stop_loss,23.49324414682602,False,1,False
long,99638.28,2025-11-07 12:00:00+00:00,100085.48785714286,2025-11-07 13:00:00+00:00,stop_loss,7.376627399486571,False,1,False
short,103395.25,2025-11-07 19:00:00+00:00,102811.2575,2025-11-07 20:00:00+00:00,stop_loss,9.696311967909416,False,1,False
short,103783.09,2025-11-07 20:00:00+00:00,102816.93821428572,2025-11-07 21:00:00+00:00,stop_loss,17.018674501101774,False,1,False
short,102911.39,2025-11-09 13:00:00+00:00,102617.4295,2025-11-09 14:00:00+00:00,stop_loss,4.1128856193663506,False,1,False
short,103037.9,2025-11-09 14:00:00+00:00,102629.29235714285,2025-11-09 15:00:00+00:00,stop_loss,6.331210610020966,False,1,False
short,103762.17,2025-11-09 15:00:00+00:00,102646.05314285714,2025-11-09 16:00:00+00:00,stop_loss,19.912982181133202,False,1,False
short,103845.04,2025-11-09 16:00:00+00:00,102648.35971428572,2025-11-09 17:00:00+00:00,stop_loss,21.4474230779684,False,1,False
short,104512.65,2025-11-09 18:00:00+00:00,102665.39092857143,2025-11-09 19:00:00+00:00,stop_loss,33.749961395650416,False,1,False
short,104805.57,2025-11-09 19:00:00+00:00,102671.89835714285,2025-11-09 20:00:00+00:00,stop_loss,39.116760432811965,False,1,False
short,106314.96,2025-11-10 00:00:00+00:00,102745.90557142856,2025-11-10 01:00:00+00:00,stop_loss,65.54115169815128,False,1,False
long,102809.27,2025-11-11 20:00:00+00:00,104465.70021428571,2025-11-11 21:00:00+00:00,stop_loss,30.62336301552778,False,1,False
long,102633.92,2025-11-11 21:00:00+00:00,104465.09914285714,2025-11-11 22:00:00+00:00,stop_loss,34.08370267562897,False,1,False
long,101442.61,2025-11-12 16:00:00+00:00,102247.19471428571,2025-11-12 17:00:00+00:00,stop_loss,14.262855151020053,False,1,False
short,104521.56,2025-11-12 09:00:00+00:00,102064.41,2025-11-13 02:00:00+00:00,ema9_trail,42.5027035985958,True,17,False
short,104899.99,2025-11-12 10:00:00+00:00,102064.41,2025-11-13 02:00:00+00:00,ema9_trail,48.834602315160275,True,16,False
short,105020.83,2025-11-12 11:00:00+00:00,102064.41,2025-11-13 02:00:00+00:00,ema9_trail,50.826569612360274,True,15,False
long,99659.99,2025-11-13 17:00:00+00:00,100624.00735714287,2025-11-13 18:00:00+00:00,stop_loss,17.746125905548663,False,1,False
long,98591.78,2025-11-13 18:00:00+00:00,100601.8545,2025-11-13 19:00:00+00:00,stop_loss,39.17570158485834,False,1,False
long,98682.14,2025-11-13 19:00:00+00:00,100615.71557142858,2025-11-13 20:00:00+00:00,stop_loss,37.58795379647374,False,1,False
long,98162.11,2025-11-13 20:00:00+00:00,100609.9995,2025-11-13 21:00:00+00:00,stop_loss,48.27442710838234,False,1,False
long,97151.98,2025-11-14 07:00:00+00:00,97650.35764285714,2025-11-14 08:00:00+00:00,stop_loss,8.65975266499239,False,1,False
long,96839.93,2025-11-14 09:00:00+00:00,97675.95,2025-11-14 10:00:00+00:00,stop_loss,15.666018263334228,False,1,False
long,96752.2,2025-11-14 10:00:00+00:00,97684.80364285714,2025-11-14 11:00:00+00:00,stop_loss,17.67818990900752,False,1,False
long,96167.44,2025-11-14 11:00:00+00:00,97677.30021428571,2025-11-14 12:00:00+00:00,stop_loss,29.800653158401897,False,1,False
long,95350.75,2025-11-14 12:00:00+00:00,97669.35321428571,2025-11-14 13:00:00+00:00,stop_loss,47.033140573843724,False,1,False
long,95243.95,2025-11-14 13:00:00+00:00,97665.2087142857,2025-11-14 14:00:00+00:00,stop_loss,49.24330740767699,False,1,False
long,93505.22,2025-11-16 21:00:00+00:00,94610.09392857143,2025-11-16 22:00:00+00:00,stop_loss,22.03234755388898,False,1,False
long,91678.93,2025-11-17 19:00:00+00:00,92712.39,2025-11-17 20:00:00+00:00,stop_loss,20.945202043697638,False,1,False
long,90866.01,2025-11-18 02:00:00+00:00,92652.54428571429,2025-11-18 03:00:00+00:00,stop_loss,37.722388772529946,False,1,False
long,90842.72,2025-11-18 03:00:00+00:00,92664.79928571428,2025-11-18 04:00:00+00:00,stop_loss,38.51503146788824,False,1,False
long,90081.9,2025-11-18 04:00:00+00:00,92679.58285714286,2025-11-18 05:00:00+00:00,stop_loss,56.07380255396175,False,1,False
long,90221.33,2025-11-18 05:00:00+00:00,92689.50385714286,2025-11-18 06:00:00+00:00,stop_loss,53.11375465519867,False,1,False
long,89651.3,2025-11-18 06:00:00+00:00,92700.3495,2025-11-18 07:00:00+00:00,stop_loss,66.42019602615899,False,1,False
short,93499.16,2025-11-18 16:00:00+00:00,93160.0,2025-11-18 22:00:00+00:00,ema9_trail,7.78449648164912,True,6,False
long,88884.56,2025-11-19 19:00:00+00:00,89760.74242857142,2025-11-19 20:00:00+00:00,stop_loss,18.115064766511185,False,1,False
long,87878.1,2025-11-20 16:00:00+00:00,88348.64485714286,2025-11-20 17:00:00+00:00,stop_loss,9.109035747082764,False,1,False
long,87233.81,2025-11-20 17:00:00+00:00,88318.509,2025-11-20 18:00:00+00:00,stop_loss,23.268775077003006,False,1,False
long,86486.27,2025-11-20 18:00:00+00:00,88305.98507142857,2025-11-20 19:00:00+00:00,stop_loss,40.48101636082969,False,1,False
long,86921.28,2025-11-20 19:00:00+00:00,88296.28135714286,2025-11-20 20:00:00+00:00,stop_loss,30.03785340351309,False,1,False
long,86462.97,2025-11-20 20:00:00+00:00,88303.956,2025-11-20 21:00:00+00:00,stop_loss,40.984380342243725,False,1,False
long,84049.39,2025-11-21 07:00:00+00:00,85735.97614285714,2025-11-21 08:00:00+00:00,stop_loss,38.53321554997929,False,1,False
long,83643.45,2025-11-21 08:00:00+00:00,85741.5825,2025-11-21 09:00:00+00:00,stop_loss,48.56848300733667,False,1,False
long,82207.84,2025-11-21 09:00:00+00:00,85723.62321428572,2025-11-21 10:00:00+00:00,stop_loss,83.93401267532933,False,1,False
long,82703.61,2025-11-21 10:00:00+00:00,85713.80571428571,2025-11-21 11:00:00+00:00,stop_loss,71.19478403145192,False,1,False
long,82309.66,2025-11-21 11:00:00+00:00,85715.88235714285,2025-11-21 12:00:00+00:00,stop_loss,81.16604124334489,False,1,False
short,85072.88,2025-11-22 22:00:00+00:00,85066.79128571428,2025-11-22 23:00:00+00:00,stop_loss,-1.4568588653464052,False,1,False
short,85879.83,2025-11-23 01:00:00+00:00,85072.33207142857,2025-11-23 02:00:00+00:00,stop_loss,17.20529871965131,False,1,False
short,86000.34,2025-11-23 02:00:00+00:00,85074.90007142856,2025-11-23 03:00:00+00:00,stop_loss,19.921773717904642,False,1,False
short,86308.54,2025-11-23 03:00:00+00:00,85075.09078571429,2025-11-23 04:00:00+00:00,stop_loss,26.98232138524659,False,1,False
short,86548.2,2025-11-23 04:00:00+00:00,85072.70535714286,2025-11-23 05:00:00+00:00,stop_loss,32.49648364396121,False,1,False
short,87483.36,2025-11-23 20:00:00+00:00,87033.18142857144,2025-11-23 21:00:00+00:00,stop_loss,8.691753115759733,False,1,False
short,87992.02,2025-11-23 21:00:00+00:00,87040.85885714286,2025-11-23 22:00:00+00:00,stop_loss,20.019259175028566,False,1,False
short,88004.0,2025-11-23 22:00:00+00:00,87043.95935714286,2025-11-23 23:00:00+00:00,stop_loss,20.218113787035684,False,1,False
short,88369.91,2025-11-24 17:00:00+00:00,88388.30507142856,2025-11-24 18:00:00+00:00,stop_loss,-2.0163197954724676,False,1,False
short,88715.31,2025-11-24 18:00:00+00:00,88375.06757142858,2025-11-24 19:00:00+00:00,stop_loss,6.0704331771240465,False,1,False
short,89089.06,2025-11-24 20:00:00+00:00,88369.932,2025-11-24 21:00:00+00:00,stop_loss,14.544024866801758,False,1,False
short,89830.79,2025-11-26 17:00:00+00:00,88435.41728571428,2025-11-26 18:00:00+00:00,stop_loss,29.466691371315108,False,1,False
short,90145.69,2025-11-26 18:00:00+00:00,88441.51114285714,2025-11-26 19:00:00+00:00,stop_loss,36.209436194739034,False,1,False
short,89957.36,2025-11-26 19:00:00+00:00,88440.65485714286,2025-11-26 20:00:00+00:00,stop_loss,32.12053477018763,False,1,False
short,92377.01,2025-11-28 13:00:00+00:00,92006.04214285714,2025-11-28 14:00:00+00:00,stop_loss,6.431605637438411,False,1,False
short,92250.01,2025-11-28 14:00:00+00:00,92025.927,2025-11-28 15:00:00+00:00,stop_loss,3.2581674950495665,False,1,False
short,91413.07,2025-11-30 09:00:00+00:00,91146.58814285714,2025-11-30 10:00:00+00:00,stop_loss,4.230279130607084,False,1,False
short,91469.51,2025-11-30 12:00:00+00:00,91146.83457142857,2025-11-30 13:00:00+00:00,stop_loss,5.455365849700668,False,1,False
short,91769.99,2025-11-30 13:00:00+00:00,91155.28985714285,2025-11-30 14:00:00+00:00,stop_loss,11.796539388467906,False,1,False
short,91825.18,2025-11-30 16:00:00+00:00,91168.0855,2025-11-30 17:00:00+00:00,stop_loss,12.711858686255601,False,1,False
long,87000.0,2025-12-01 00:00:00+00:00,90269.73535714285,2025-12-01 01:00:00+00:00,stop_loss,73.56633004926103,False,1,False
long,87168.91,2025-12-01 01:00:00+00:00,90260.95821428571,2025-12-01 02:00:00+00:00,stop_loss,69.34383110413351,False,1,False
long,86722.29,2025-12-01 02:00:00+00:00,90250.25335714285,2025-12-01 03:00:00+00:00,stop_loss,79.76232004811813,False,1,False
long,86346.13,2025-12-01 03:00:00+00:00,90249.459,2025-12-01 04:00:00+00:00,stop_loss,88.81120893316232,False,1,False
long,85801.03,2025-12-01 04:00:00+00:00,90246.64092857143,2025-12-01 05:00:00+00:00,stop_loss,102.02605037658485,False,1,False
long,86001.08,2025-12-01 05:00:00+00:00,90244.14214285715,2025-12-01 06:00:00+00:00,stop_loss,97.074624617671,False,1,False
long,86234.16,2025-12-01 06:00:00+00:00,90245.43342857143,2025-12-01 07:00:00+00:00,stop_loss,91.43212157621585,False,1,False
long,86550.3,2025-12-01 07:00:00+00:00,90245.08542857143,2025-12-01 08:00:00+00:00,stop_loss,83.7789167356191,False,1,False
long,86869.51,2025-12-01 08:00:00+00:00,90241.40528571428,2025-12-01 09:00:00+00:00,stop_loss,76.03127213942584,False,1,False
long,86704.86,2025-12-01 09:00:00+00:00,90236.72892857142,2025-12-01 10:00:00+00:00,stop_loss,79.86876492439804,False,1,False
long,86647.73,2025-12-01 10:00:00+00:00,85373.73071428572,2025-12-01 12:00:00+00:00,stop_loss,-31.00640881680983,False,2,False
long,86149.15,2025-12-01 11:00:00+00:00,85371.04614285714,2025-12-01 12:00:00+00:00,stop_loss,-19.664109910378706,False,1,False
long,85430.64,2025-12-01 12:00:00+00:00,85430.64,2025-12-01 15:00:00+00:00,stop_loss,1.1340498939089376,True,3,True
long,84677.87,2025-12-01 15:00:00+00:00,85372.65521428571,2025-12-01 16:00:00+00:00,stop_loss,14.810077728353713,False,1,False
long,84571.8,2025-12-01 16:00:00+00:00,85363.94428571429,2025-12-01 17:00:00+00:00,stop_loss,17.133059618319177,False,1,False
long,84920.3,2025-12-01 17:00:00+00:00,85359.99028571429,2025-12-01 18:00:00+00:00,stop_loss,8.755363457601655,False,1,False
short,89271.99,2025-12-02 14:00:00+00:00,87550.28407142857,2025-12-02 15:00:00+00:00,stop_loss,36.972141801060666,False,1,False
short,90850.01,2025-12-02 15:00:00+00:00,87571.30421428572,2025-12-02 16:00:00+00:00,stop_loss,70.57843532905014,False,1,False
short,90759.15,2025-12-02 16:00:00+00:00,87582.24307142857,2025-12-02 17:00:00+00:00,stop_loss,68.40741916537168,False,1,False
short,91458.4,2025-12-02 17:00:00+00:00,87590.00707142857,2025-12-02 18:00:00+00:00,stop_loss,82.99349668420673,False,1,False
short,91954.49,2025-12-02 18:00:00+00:00,87601.21935714285,2025-12-02 19:00:00+00:00,stop_loss,93.08315561006657,False,1,False
short,93943.24,2025-12-04 02:00:00+00:00,93967.9675,2025-12-04 03:00:00+00:00,stop_loss,-2.1264348983491224,False,1,False
long,90287.67,2025-12-05 14:00:00+00:00,90721.65935714285,2025-12-05 15:00:00+00:00,stop_loss,8.01348004977545,False,1,False
long,88810.89,2025-12-05 16:00:00+00:00,90660.57164285715,2025-12-05 17:00:00+00:00,stop_loss,40.05438816922446,False,1,False
long,89336.13,2025-12-05 17:00:00+00:00,90655.68978571429,2025-12-05 18:00:00+00:00,stop_loss,27.94145843824409,False,1,False
long,88936.04,2025-12-05 18:00:00+00:00,90648.95864285715,2025-12-05 19:00:00+00:00,stop_loss,36.92023640488503,False,1,False
short,90004.76,2025-12-06 14:00:00+00:00,89893.96442857142,2025-12-06 15:00:00+00:00,stop_loss,0.861993597418139,False,1,False
short,90945.17,2025-12-07 17:00:00+00:00,89993.33914285715,2025-12-07 18:00:00+00:00,stop_loss,19.331971585579524,False,1,False
short,91363.78,2025-12-07 18:00:00+00:00,90004.1022857143,2025-12-07 19:00:00+00:00,stop_loss,28.164042474724724,False,1,False
short,91425.52,2025-12-07 19:00:00+00:00,90008.28150000001,2025-12-07 20:00:00+00:00,stop_loss,29.403126916860675,False,1,False
short,92707.51,2025-12-09 15:00:00+00:00,91565.9415,2025-12-09 16:00:00+00:00,stop_loss,23.027314443026114,False,1,False
short,94187.81,2025-12-09 16:00:00+00:00,91596.07757142857,2025-12-09 17:00:00+00:00,stop_loss,53.433287822944976,False,1,False
short,93917.99,2025-12-09 17:00:00+00:00,91604.71607142857,2025-12-09 18:00:00+00:00,stop_loss,47.661572326482585,False,1,False
short,93920.48,2025-12-09 18:00:00+00:00,91599.45171428571,2025-12-09 19:00:00+00:00,stop_loss,47.82539232581197,False,1,False
long,90074.0,2025-12-11 02:00:00+00:00,91301.86799999999,2025-12-11 03:00:00+00:00,stop_loss,25.663538868041556,False,1,False
long,89880.01,2025-12-11 03:00:00+00:00,91293.34371428571,2025-12-11 04:00:00+00:00,stop_loss,29.84934483842892,False,1,False
long,89545.24,2025-12-11 14:00:00+00:00,89840.64607142858,2025-12-11 15:00:00+00:00,atr_trail,6.188809177190408,True,1,False
short,91792.99,2025-12-11 20:00:00+00:00,90701.68964285715,2025-12-11 21:00:00+00:00,stop_loss,22.177422592789625,False,1,False
short,92858.39,2025-12-11 21:00:00+00:00,90736.04928571428,2025-12-11 22:00:00+00:00,stop_loss,44.11133990769638,False,1,False
short,92352.0,2025-12-11 22:00:00+00:00,90753.73407142857,2025-12-11 23:00:00+00:00,stop_loss,33.01248112810621,False,1,False
short,90595.13,2025-12-13 10:00:00+00:00,90175.97,2025-12-13 21:00:00+00:00,ema9_trail,7.844434588418735,True,11,False
long,89360.0,2025-12-14 11:00:00+00:00,89683.87221428572,2025-12-14 12:00:00+00:00,stop_loss,5.648706676045547,False,1,False
long,89431.65,2025-12-14 12:00:00+00:00,89677.1835,2025-12-14 13:00:00+00:00,stop_loss,3.890975510347958,False,1,False
long,89489.5,2025-12-14 13:00:00+00:00,89673.27792857144,2025-12-14 14:00:00+00:00,stop_loss,2.507251209838809,False,1,False
long,89118.04,2025-12-14 14:00:00+00:00,89666.48035714286,2025-12-14 15:00:00+00:00,stop_loss,10.708178167806883,False,1,False
long,89022.91,2025-12-14 15:00:00+00:00,89665.194,2025-12-14 16:00:00+00:00,stop_loss,12.829633899857905,False,1,False
long,88836.98,2025-12-14 16:00:00+00:00,89649.693,2025-12-14 17:00:00+00:00,stop_loss,16.696727331343396,False,1,False
long,88810.67,2025-12-14 17:00:00+00:00,89641.80342857142,2025-12-14 18:00:00+00:00,stop_loss,17.116972376662073,False,1,False
long,88997.28,2025-12-14 18:00:00+00:00,89638.59471428572,2025-12-14 19:00:00+00:00,stop_loss,12.812007070007525,False,1,False
long,88644.88,2025-12-14 19:00:00+00:00,89631.68742857143,2025-12-14 20:00:00+00:00,stop_loss,20.664284831147032,False,1,False
long,88558.97,2025-12-14 20:00:00+00:00,89624.86607142857,2025-12-14 21:00:00+00:00,stop_loss,22.47200696730244,False,1,False
long,88443.85,2025-12-14 21:00:00+00:00,89621.38885714285,2025-12-14 22:00:00+00:00,stop_loss,25.027942070428825,False,1,False
long,88415.29,2025-12-14 22:00:00+00:00,89612.46771428571,2025-12-14 23:00:00+00:00,stop_loss,25.48078465355296,False,1,False
long,88172.17,2025-12-14 23:00:00+00:00,89593.569,2025-12-15 00:00:00+00:00,stop_loss,30.64144307665343,False,1,False
long,88465.9,2025-12-15 00:00:00+00:00,89587.85378571428,2025-12-15 01:00:00+00:00,stop_loss,23.764661088945818,False,1,False
long,88050.01,2025-12-15 14:00:00+00:00,87417.7255,2025-12-15 15:00:00+00:00,stop_loss,-15.961940447252518,False,1,False
long,87033.22,2025-12-15 15:00:00+00:00,87403.74485714285,2025-12-15 16:00:00+00:00,stop_loss,6.914561615503894,False,1,False
long,86400.01,2025-12-15 16:00:00+00:00,87396.45035714286,2025-12-15 17:00:00+00:00,stop_loss,21.465746338290245,False,1,False
long,85762.87,2025-12-15 17:00:00+00:00,87384.04471428572,2025-12-15 18:00:00+00:00,stop_loss,36.20598093990372,False,1,False
long,86185.39,2025-12-15 18:00:00+00:00,87370.93942857144,2025-12-15 19:00:00+00:00,stop_loss,25.911610229330922,False,1,False
long,86149.96,2025-12-15 19:00:00+00:00,87361.87664285714,2025-12-15 20:00:00+00:00,stop_loss,26.53504830082645,False,1,False
long,85787.04,2025-12-15 20:00:00+00:00,87358.72128571429,2025-12-15 21:00:00+00:00,stop_loss,35.04146206033671,False,1,False
long,86243.78,2025-12-15 21:00:00+00:00,87348.67385714286,2025-12-15 22:00:00+00:00,stop_loss,24.02257491828069,False,1,False
long,86259.31,2025-12-15 22:00:00+00:00,87344.66971428572,2025-12-15 23:00:00+00:00,stop_loss,23.565045124653047,False,1,False
long,85865.48,2025-12-16 00:00:00+00:00,86472.85535714285,2025-12-16 10:00:00+00:00,atr_trail,13.756656081116573,True,10,False
long,85891.02,2025-12-16 01:00:00+00:00,86472.85535714285,2025-12-16 10:00:00+00:00,atr_trail,13.248627349933574,True,9,False
long,85944.01,2025-12-16 02:00:00+00:00,86472.85535714285,2025-12-16 10:00:00+00:00,atr_trail,12.146215722139438,True,8,False
short,86980.01,2025-12-16 10:00:00+00:00,86980.01,2025-12-16 14:00:00+00:00,stop_loss,0.43040782490466933,True,4,True
short,87261.45,2025-12-16 11:00:00+00:00,87261.45,2025-12-16 14:00:00+00:00,stop_loss,0.38241312744631883,True,3,True
short,87212.98,2025-12-16 12:00:00+00:00,87212.98,2025-12-16 14:00:00+00:00,stop_loss,0.378405408395455,True,2,True
short,87977.43,2025-12-16 15:00:00+00:00,87131.99,2025-12-16 17:00:00+00:00,ema9_trail,18.11716617253807,True,2,False
short,89675.85,2025-12-17 14:00:00+00:00,88158.69714285714,2025-12-17 15:00:00+00:00,stop_loss,32.23637528148022,False,1,False
short,88851.7,2025-12-18 13:00:00+00:00,88345.2,2025-12-18 14:00:00+00:00,ema9_trail,10.496212915935855,True,1,False
short,88387.92,2025-12-21 00:00:00+00:00,88138.95,2025-12-21 05:00:00+00:00,ema9_trail,4.660975347245272,True,5,False
short,88537.87,2025-12-21 08:00:00+00:00,88505.97092857143,2025-12-21 09:00:00+00:00,stop_loss,-0.8794253706676928,False,1,False
short,88892.82,2025-12-21 09:00:00+00:00,88515.6905,2025-12-21 10:00:00+00:00,stop_loss,6.8850384991726,False,1,False
short,89334.2,2025-12-22 08:00:00+00:00,89773.60314285714,2025-12-22 09:00:00+00:00,stop_loss,-11.43728835892966,False,1,False
short,89829.6,2025-12-22 09:00:00+00:00,89776.54892857143,2025-12-22 10:00:00+00:00,stop_loss,-0.41885099280020377,False,1,False
short,89778.94,2025-12-22 10:00:00+00:00,89776.19278571429,2025-12-22 11:00:00+00:00,stop_loss,-1.5388004740150638,False,1,False
short,89945.43,2025-12-22 11:00:00+00:00,89780.15171428572,2025-12-22 12:00:00+00:00,stop_loss,2.0750791166215743,False,1,False
short,90208.48,2025-12-22 12:00:00+00:00,89787.61378571429,2025-12-22 13:00:00+00:00,stop_loss,7.730967870996309,False,1,False
long,86874.0,2025-12-23 14:00:00+00:00,86907.478,2025-12-23 15:00:00+00:00,stop_loss,-0.8292745815778533,False,1,False
short,88009.81,2025-12-24 22:00:00+00:00,87669.45,2025-12-24 23:00:00+00:00,ema9_trail,6.991367651271738,True,1,False
short,88371.27,2025-12-25 15:00:00+00:00,88128.67128571428,2025-12-25 16:00:00+00:00,stop_loss,3.890443088250725,False,1,False
short,89199.99,2025-12-26 02:00:00+00:00,88750.69042857143,2025-12-26 03:00:00+00:00,stop_loss,8.473982551535688,False,1,False
short,87668.22,2025-12-27 21:00:00+00:00,87740.9625,2025-12-27 22:00:00+00:00,stop_loss,-3.2594953108433824,False,1,False
short,87877.01,2025-12-27 23:00:00+00:00,87753.89442857142,2025-12-28 00:00:00+00:00,stop_loss,1.2019972784365454,False,1,False
short,87854.96,2025-12-28 00:00:00+00:00,87753.86142857143,2025-12-28 01:00:00+00:00,stop_loss,0.7014880759965738,False,1,False
short,88295.69,2025-12-29 00:00:00+00:00,88162.17242857143,2025-12-29 01:00:00+00:00,stop_loss,1.424328173403988,False,1,False
short,88445.57,2025-12-29 01:00:00+00:00,88173.43657142857,2025-12-29 02:00:00+00:00,stop_loss,4.5536926851495245,False,1,False
short,89163.25,2025-12-29 02:00:00+00:00,88191.47321428571,2025-12-29 03:00:00+00:00,stop_loss,20.197697722195855,False,1,False
short,90123.55,2025-12-29 03:00:00+00:00,88211.29078571429,2025-12-29 04:00:00+00:00,stop_loss,40.836393468426785,False,1,False
short,90143.06,2025-12-29 04:00:00+00:00,88216.886,2025-12-29 05:00:00+00:00,stop_loss,41.135935522934304,False,1,False
short,88875.83,2025-12-30 14:00:00+00:00,88339.41699999999,2025-12-30 15:00:00+00:00,stop_loss,10.47106589046797,False,1,False
short,89016.35,2025-12-30 15:00:00+00:00,88354.77335714285,2025-12-30 16:00:00+00:00,stop_loss,13.26416018758692,False,1,False
short,89011.52,2025-12-31 11:00:00+00:00,88899.62185714286,2025-12-31 12:00:00+00:00,stop_loss,0.9142395693757921,False,1,False
short,87872.68,2025-12-30 08:00:00+00:00,87872.68,2025-12-31 18:00:00+00:00,stop_loss,-0.11987588796493343,True,34,True
short,87992.7,2025-12-30 09:00:00+00:00,87992.7,2026-01-01 01:00:00+00:00,stop_loss,-0.11554859826847375,True,40,True
short,88024.64,2026-01-01 11:00:00+00:00,87967.05,2026-01-01 14:00:00+00:00,ema9_trail,0.6897682570957363,True,3,False
short,88316.37,2026-01-01 17:00:00+00:00,88143.21407142858,2026-01-01 18:00:00+00:00,stop_loss,2.321264621075741,False,1,False
short,88391.15,2026-01-01 19:00:00+00:00,88146.73928571428,2026-01-01 20:00:00+00:00,stop_loss,3.93020781573065,False,1,False
short,88645.57,2026-01-01 22:00:00+00:00,88154.0865,2026-01-01 23:00:00+00:00,stop_loss,9.488732352897093,False,1,False
short,88839.04,2026-01-01 23:00:00+00:00,88159.04485714286,2026-01-02 00:00:00+00:00,stop_loss,13.708475707462322,False,1,False
short,89467.32,2026-01-02 09:00:00+00:00,88187.14564285715,2026-01-02 10:00:00+00:00,stop_loss,27.017697660840902,False,1,False
short,89666.29,2026-01-02 10:00:00+00:00,88194.43007142858,2026-01-02 11:00:00+00:00,stop_loss,31.229727394128055,False,1,False
short,90376.05,2026-01-02 16:00:00+00:00,88266.66085714287,2026-01-02 17:00:00+00:00,stop_loss,45.08026856356605,False,1,False
short,90370.52,2026-01-02 17:00:00+00:00,88271.58964285714,2026-01-02 18:00:00+00:00,stop_loss,44.85166050041232,False,1,False
short,90564.31,2026-01-03 21:00:00+00:00,90323.64407142857,2026-01-03 22:00:00+00:00,stop_loss,3.7148073136410313,False,1,False
short,91341.47,2026-01-04 00:00:00+00:00,90335.00228571429,2026-01-04 01:00:00+00:00,stop_loss,20.43747573332706,False,1,False
short,91235.37,2026-01-04 01:00:00+00:00,90342.85542857143,2026-01-04 02:00:00+00:00,stop_loss,17.96510005776402,False,1,False
short,92405.46,2026-01-05 00:00:00+00:00,91905.775,2026-01-05 01:00:00+00:00,stop_loss,9.215053569345624,False,1,False
short,92967.28,2026-01-05 01:00:00+00:00,91921.69385714286,2026-01-05 02:00:00+00:00,stop_loss,20.893637392793185,False,1,False
short,93033.11,2026-01-05 02:00:00+00:00,91925.05835714286,2026-01-05 03:00:00+00:00,stop_loss,22.220586947101793,False,1,False
short,94317.84,2026-01-05 17:00:00+00:00,93555.98564285714,2026-01-05 18:00:00+00:00,stop_loss,14.555042506123124,False,1,False
short,94449.62,2026-01-05 18:00:00+00:00,93555.184,2026-01-05 19:00:00+00:00,stop_loss,17.339959737265254,False,1,False
long,91589.24,2026-01-06 17:00:00+00:00,92972.93757142857,2026-01-06 18:00:00+00:00,stop_loss,28.615286674036497,False,1,False
long,89898.01,2026-01-08 06:00:00+00:00,90512.13635714287,2026-01-08 07:00:00+00:00,stop_loss,12.062735296206707,False,1,False
short,90938.13,2026-01-11 12:00:00+00:00,90891.80628571428,2026-01-11 13:00:00+00:00,stop_loss,-0.5812037198098281,False,1,False
short,91127.16,2026-01-11 14:00:00+00:00,90895.10328571429,2026-01-11 15:00:00+00:00,stop_loss,3.4930307558299423,False,1,False
short,91258.65,2026-01-12 00:00:00+00:00,91384.22071428571,2026-01-12 01:00:00+00:00,stop_loss,-4.351973961607226,False,1,False
short,91412.44,2026-01-12 01:00:00+00:00,91398.19321428571,2026-01-12 02:00:00+00:00,stop_loss,-1.2882965663253048,False,1,False
short,92203.56,2026-01-12 02:00:00+00:00,91413.42057142858,2026-01-12 03:00:00+00:00,stop_loss,15.539022149934768,False,1,False
short,92175.78,2026-01-12 04:00:00+00:00,91429.876,2026-01-12 05:00:00+00:00,stop_loss,14.584381623892847,False,1,False
short,93449.99,2026-01-13 15:00:00+00:00,92491.90814285714,2026-01-13 16:00:00+00:00,stop_loss,18.904696836091002,False,1,False
short,93389.63,2026-01-13 16:00:00+00:00,92500.40821428571,2026-01-13 17:00:00+00:00,stop_loss,17.443266061002635,False,1,False
short,94226.84,2026-01-13 19:00:00+00:00,92509.19028571428,2026-01-13 20:00:00+00:00,stop_loss,34.85775904796789,False,1,False
short,94408.7,2026-01-13 20:00:00+00:00,92507.42628571429,2026-01-13 21:00:00+00:00,stop_loss,38.677510743940076,False,1,False
short,95757.21,2026-01-13 22:00:00+00:00,92555.00242857143,2026-01-13 23:00:00+00:00,stop_loss,65.28180600559634,False,1,False
short,96493.15,2026-01-14 14:00:00+00:00,96648.42942857143,2026-01-14 15:00:00+00:00,stop_loss,-4.818454959164118,False,1,False
short,96764.57,2026-01-14 15:00:00+00:00,96657.65357142857,2026-01-14 16:00:00+00:00,stop_loss,0.609825942934195,False,1,False
short,97293.24,2026-01-14 16:00:00+00:00,96670.31678571428,2026-01-14 17:00:00+00:00,stop_loss,11.205066709377173,False,1,False
long,93673.14,2026-01-18 23:00:00+00:00,94814.55692857143,2026-01-19 00:00:00+00:00,stop_loss,22.770207480424602,False,1,False
long,92711.02,2026-01-19 00:00:00+00:00,94781.22371428572,2026-01-19 01:00:00+00:00,stop_loss,43.05928029452627,False,1,False
long,92586.65,2026-01-19 01:00:00+00:00,94770.32321428572,2026-01-19 02:00:00+00:00,stop_loss,45.570368822842646,False,1,False
long,92566.8,2026-01-19 02:00:00+00:00,94766.22414285714,2026-01-19 03:00:00+00:00,stop_loss,45.92079887945009,False,1,False
long,92690.09,2026-01-19 03:00:00+00:00,94766.62207142857,2026-01-19 04:00:00+00:00,stop_loss,43.20591337064355,False,1,False
long,92665.0,2026-01-19 04:00:00+00:00,94770.95042857144,2026-01-19 05:00:00+00:00,stop_loss,43.85298502285514,False,1,False
short,95439.6,2026-01-18 18:00:00+00:00,93259.09,2026-01-19 08:00:00+00:00,ema9_trail,40.64893707493703,True,14,False
short,95498.61,2026-01-18 22:00:00+00:00,93259.09,2026-01-19 08:00:00+00:00,ema9_trail,41.73789629338965,True,10,False
long,92841.62,2026-01-19 07:00:00+00:00,92841.62,2026-01-19 13:00:00+00:00,stop_loss,0.17806610686642288,True,6,True
long,92511.77,2026-01-19 05:00:00+00:00,93031.85,2026-01-19 14:00:00+00:00,atr_trail,10.256138214011694,True,9,False
long,92583.27,2026-01-19 06:00:00+00:00,93031.85,2026-01-19 14:00:00+00:00,atr_trail,8.877637637987975,True,8,False
long,92062.61,2026-01-20 04:00:00+00:00,92590.87242857143,2026-01-20 05:00:00+00:00,stop_loss,9.876155815513517,False,1,False
long,91624.18,2026-01-20 05:00:00+00:00,92579.68414285714,2026-01-20 06:00:00+00:00,stop_loss,19.257030160753246,False,1,False
long,90929.98,2026-01-20 06:00:00+00:00,92570.52278571429,2026-01-20 07:00:00+00:00,stop_loss,34.48364998462098,False,1,False
long,91177.98,2026-01-20 07:00:00+00:00,92565.87771428571,2026-01-20 08:00:00+00:00,stop_loss,28.843703935658993,False,1,False
long,91116.0,2026-01-20 08:00:00+00:00,92560.87821428571,2026-01-20 09:00:00+00:00,stop_loss,30.115137062331726,False,1,False
long,91036.25,2026-01-20 09:00:00+00:00,92559.53507142857,2026-01-20 10:00:00+00:00,stop_loss,31.865461756796314,False,1,False
long,91269.58,2026-01-20 10:00:00+00:00,92557.27735714286,2026-01-20 11:00:00+00:00,stop_loss,26.61744894942769,False,1,False
long,91218.99,2026-01-20 11:00:00+00:00,92559.71614285714,2026-01-20 12:00:00+00:00,stop_loss,27.795768202588874,False,1,False
long,90958.88,2026-01-20 13:00:00+00:00,90558.75685714286,2026-01-20 14:00:00+00:00,stop_loss,-10.397890714070977,False,1,False
long,90531.15,2026-01-20 14:00:00+00:00,90545.92478571429,2026-01-20 15:00:00+00:00,stop_loss,-1.2735977458742822,False,1,False
long,90684.95,2026-01-20 15:00:00+00:00,90532.90692857142,2026-01-20 16:00:00+00:00,stop_loss,-4.953215090896026,False,1,False
long,90165.51,2026-01-20 16:00:00+00:00,90520.2375,2026-01-20 17:00:00+00:00,stop_loss,6.268363413016976,False,1,False
long,89775.46,2026-01-20 17:00:00+00:00,90505.46721428572,2026-01-20 18:00:00+00:00,stop_loss,14.66295680992801,False,1,False
long,89501.0,2026-01-20 18:00:00+00:00,90503.48357142857,2026-01-20 19:00:00+00:00,stop_loss,20.80161722055782,False,1,False
long,89725.76,2026-01-20 19:00:00+00:00,90509.649,2026-01-20 20:00:00+00:00,stop_loss,15.872997721056032,False,1,False
long,89733.99,2026-01-20 20:00:00+00:00,90518.20607142858,2026-01-20 21:00:00+00:00,stop_loss,15.878684976084779,False,1,False
long,89476.01,2026-01-20 21:00:00+00:00,90519.387,2026-01-20 22:00:00+00:00,stop_loss,21.721938472670107,False,1,False
long,88509.18,2026-01-20 22:00:00+00:00,90494.04,2026-01-20 23:00:00+00:00,stop_loss,43.25094088545393,False,1,False
long,88427.66,2026-01-20 23:00:00+00:00,90485.01364285714,2026-01-21 00:00:00+00:00,stop_loss,44.93190286516998,False,1,False
long,88936.01,2026-01-21 00:00:00+00:00,90475.67142857143,2026-01-21 01:00:00+00:00,stop_loss,33.024027513072184,False,1,False
long,89020.91,2026-01-21 01:00:00+00:00,90473.814,2026-01-21 02:00:00+00:00,stop_loss,31.041859086814434,False,1,False
long,89048.57,2026-01-21 02:00:00+00:00,90471.87128571428,2026-01-21 03:00:00+00:00,stop_loss,30.366853273764526,False,1,False
short,90288.04,2026-01-21 15:00:00+00:00,90294.71042857143,2026-01-21 16:00:00+00:00,stop_loss,-1.7477588520348164,False,1,False
short,90600.0,2026-01-23 17:00:00+00:00,90262.454,2026-01-23 18:00:00+00:00,stop_loss,5.851346578366492,False,1,False
long,88659.99,2026-01-25 07:00:00+00:00,89108.23407142857,2026-01-25 08:00:00+00:00,stop_loss,8.511529934270513,False,1,False
long,88300.01,2026-01-25 08:00:00+00:00,89096.563,2026-01-25 09:00:00+00:00,stop_loss,16.441968511668343,False,1,False
long,88398.38,2026-01-25 09:00:00+00:00,89093.75907142858,2026-01-25 10:00:00+00:00,stop_loss,14.132846493987142,False,1,False
long,87892.17,2026-01-25 17:00:00+00:00,88032.80792857143,2026-01-25 18:00:00+00:00,stop_loss,1.60023794090954,False,1,False
long,87420.01,2026-01-25 18:00:00+00:00,88011.22742857142,2026-01-25 19:00:00+00:00,stop_loss,11.925906221503022,False,1,False
long,86495.16,2026-01-25 19:00:00+00:00,87986.83507142858,2026-01-25 20:00:00+00:00,stop_loss,32.89152695777598,False,1,False
long,86654.61,2026-01-25 20:00:00+00:00,87983.49628571428,2026-01-25 21:00:00+00:00,stop_loss,29.07087338375376,False,1,False
long,86568.5,2026-01-25 21:00:00+00:00,87974.53335714286,2026-01-25 22:00:00+00:00,stop_loss,30.883717683519144,False,1,False
long,86521.39,2026-01-25 22:00:00+00:00,87977.6735,2026-01-25 23:00:00+00:00,stop_loss,32.06297050937358,False,1,False
long,86670.36,2026-01-25 23:00:00+00:00,87967.65157142858,2026-01-26 00:00:00+00:00,stop_loss,28.336222058580976,False,1,False
long,86854.86,2026-01-26 00:00:00+00:00,87959.39492857143,2026-01-26 01:00:00+00:00,stop_loss,23.834038545947408,False,1,False
short,88550.61,2026-01-27 01:00:00+00:00,88047.46,2026-01-27 15:00:00+00:00,ema9_trail,10.794926430691412,True,14,False
short,88831.6,2026-01-27 02:00:00+00:00,88047.46,2026-01-27 15:00:00+00:00,ema9_trail,16.463250760829617,True,13,False
short,89396.16,2026-01-27 20:00:00+00:00,89187.70992857144,2026-01-27 21:00:00+00:00,stop_loss,3.063512871885498,False,1,False
short,90257.91,2026-01-28 13:00:00+00:00,89645.52892857144,2026-01-28 14:00:00+00:00,stop_loss,11.969582354135268,False,1,False
long,84934.02,2026-01-29 15:00:00+00:00,87526.78442857142,2026-01-29 16:00:00+00:00,stop_loss,59.45361381861872,False,1,False
long,85270.0,2026-01-29 16:00:00+00:00,87525.21178571429,2026-01-29 17:00:00+00:00,stop_loss,51.2957848179732,False,1,False
long,84261.66,2026-01-29 17:00:00+00:00,87500.96685714286,2026-01-29 18:00:00+00:00,stop_loss,75.28685120000863,False,1,False
long,83477.02,2026-01-29 18:00:00+00:00,87484.44285714286,2026-01-29 19:00:00+00:00,stop_loss,94.4125998063384,False,1,False
long,84012.11,2026-01-29 19:00:00+00:00,87469.73814285714,2026-01-29 20:00:00+00:00,stop_loss,80.71261285681643,False,1,False
long,84216.91,2026-01-29 20:00:00+00:00,87461.08764285714,2026-01-29 21:00:00+00:00,stop_loss,75.44337864823423,False,1,False
long,84192.0,2026-01-30 00:00:00+00:00,83129.94121428572,2026-01-30 01:00:00+00:00,stop_loss,-26.82944663897477,False,1,False
long,82468.02,2026-01-30 01:00:00+00:00,83070.86092857143,2026-01-30 02:00:00+00:00,stop_loss,13.019992781963957,False,1,False
long,82164.88,2026-01-30 02:00:00+00:00,83047.74871428571,2026-01-30 03:00:00+00:00,stop_loss,19.890172304413,False,1,False
long,82676.43,2026-01-30 03:00:00+00:00,83037.63614285714,2026-01-30 04:00:00+00:00,stop_loss,7.137826315363325,False,1,False
long,82938.92,2026-01-30 04:00:00+00:00,83046.45292857142,2026-01-30 05:00:00+00:00,stop_loss,0.9930631498800597,False,1,False
long,82914.19,2026-01-30 05:00:00+00:00,83094.59907142857,2026-01-30 06:00:00+00:00,stop_loss,2.75170557484962,False,1,False
long,82602.81,2026-01-30 06:00:00+00:00,82602.81,2026-01-30 15:00:00+00:00,stop_loss,1.4051540142174566,True,9,True
long,82363.72,2026-01-30 09:00:00+00:00,83098.0,2026-01-30 15:00:00+00:00,atr_trail,17.121564974758954,True,6,False
long,81479.99,2026-01-31 14:00:00+00:00,81717.5495,2026-01-31 15:00:00+00:00,stop_loss,4.231112644957086,False,1,False
long,81302.15,2026-01-31 15:00:00+00:00,81710.18964285713,2026-01-31 16:00:00+00:00,stop_loss,8.437610145786804,False,1,False
long,80365.04,2026-01-31 16:00:00+00:00,81673.04128571428,2026-01-31 17:00:00+00:00,stop_loss,30.95149964995442,False,1,False
long,78893.92,2026-01-31 17:00:00+00:00,81626.2942142857,2026-01-31 18:00:00+00:00,stop_loss,67.66704147254208,False,1,False
long,78038.38,2026-01-31 18:00:00+00:00,81557.31671428571,2026-01-31 19:00:00+00:00,stop_loss,88.58477098796023,False,1,False
long,77750.01,2026-01-31 19:00:00+00:00,81531.84607142856,2026-01-31 20:00:00+00:00,stop_loss,95.68194430916644,False,1,False
long,77999.03,2026-01-31 20:00:00+00:00,81518.18535714285,2026-01-31 21:00:00+00:00,stop_loss,88.63587491133806,False,1,False
long,78292.0,2026-01-31 21:00:00+00:00,81505.50007142857,2026-01-31 22:00:00+00:00,stop_loss,80.49012597528665,False,1,False
long,78155.17,2026-01-31 22:00:00+00:00,81517.67985714285,2026-01-31 23:00:00+00:00,stop_loss,84.4470230476846,False,1,False
short,84242.99,2026-01-30 19:00:00+00:00,78971.75,2026-02-01 04:00:00+00:00,ema9_trail,113.86539814614177,True,33,False
short,84273.7,2026-01-30 21:00:00+00:00,78971.75,2026-02-01 04:00:00+00:00,ema9_trail,114.48182360909406,True,31,False
long,78741.09,2026-01-31 23:00:00+00:00,75350.0242142857,2026-02-02 03:00:00+00:00,stop_loss,-87.73205089526432,False,28,False
long,78902.31,2026-02-01 00:00:00+00:00,75339.43914285714,2026-02-02 03:00:00+00:00,stop_loss,-91.91093911300842,False,27,False
long,78532.17,2026-02-01 01:00:00+00:00,75331.90507142857,2026-02-02 03:00:00+00:00,stop_loss,-83.10201194163943,False,26,False
long,75502.1,2026-02-02 05:00:00+00:00,77612.19192857142,2026-02-02 06:00:00+00:00,stop_loss,54.29492023589857,False,1,False
short,78850.06,2026-02-02 15:00:00+00:00,78553.68285714285,2026-02-02 16:00:00+00:00,stop_loss,5.917486806152057,False,1,False
long,73139.13,2026-02-03 18:00:00+00:00,77371.108,2026-02-03 19:00:00+00:00,stop_loss,114.12404539129706,False,1,False
long,72576.08,2026-02-04 17:00:00+00:00,72704.33835714286,2026-02-04 18:00:00+00:00,stop_loss,1.934452594928107,False,1,False
long,71454.44,2026-02-05 02:00:00+00:00,72548.20078571429,2026-02-05 03:00:00+00:00,stop_loss,29.014214755983996,False,1,False
long,71223.25,2026-02-05 03:00:00+00:00,72560.807,2026-02-05 04:00:00+00:00,stop_loss,35.959560957973714,False,1,False
long,70888.08,2026-02-05 04:00:00+00:00,72577.44735714285,2026-02-05 05:00:00+00:00,stop_loss,46.06294579124873,False,1,False
long,70732.72,2026-02-05 05:00:00+00:00,72588.67614285715,2026-02-05 06:00:00+00:00,stop_loss,50.87800856116227,False,1,False
long,70951.51,2026-02-05 06:00:00+00:00,72602.012,2026-02-05 07:00:00+00:00,stop_loss,44.92478854925026,False,1,False
long,70756.85,2026-02-05 07:00:00+00:00,72617.37264285714,2026-02-05 08:00:00+00:00,stop_loss,50.98918798270791,False,1,False
long,69563.57,2026-02-05 12:00:00+00:00,69840.55157142857,2026-02-05 13:00:00+00:00,stop_loss,6.36340876204499,False,1,False
long,69688.94,2026-02-05 13:00:00+00:00,69850.87435714286,2026-02-05 14:00:00+00:00,stop_loss,3.0473474024102445,False,1,False
long,69404.76,2026-02-05 14:00:00+00:00,69829.12564285714,2026-02-05 15:00:00+00:00,stop_loss,10.628718688952782,False,1,False
long,67489.07,2026-02-05 15:00:00+00:00,69795.91028571429,2026-02-05 16:00:00+00:00,stop_loss,66.76189284321977,False,1,False
long,68295.15,2026-02-05 16:00:00+00:00,69792.10392857142,2026-02-05 17:00:00+00:00,stop_loss,42.23778141116689,False,1,False
long,66181.69,2026-02-05 17:00:00+00:00,69760.15178571429,2026-02-05 18:00:00+00:00,stop_loss,106.54053813718834,False,1,False
long,66347.0,2026-02-05 18:00:00+00:00,69751.12628571429,2026-02-05 19:00:00+00:00,stop_loss,101.01583148339147,False,1,False
long,65265.65,2026-02-05 19:00:00+00:00,69741.96985714286,2026-02-05 20:00:00+00:00,stop_loss,135.57230601833763,False,1,False
long,63775.67,2026-02-05 20:00:00+00:00,69681.87492857143,2026-02-05 21:00:00+00:00,stop_loss,183.6181224774724,False,1,False
long,63213.34,2026-02-05 21:00:00+00:00,69662.40557142858,2026-02-05 22:00:00+00:00,stop_loss,202.44128531821235,False,1,False
long,63907.86,2026-02-05 22:00:00+00:00,69639.72214285715,2026-02-05 23:00:00+00:00,stop_loss,177.778941584248,False,1,False
long,62909.86,2026-02-05 23:00:00+00:00,69612.6945,2026-02-06 00:00:00+00:00,stop_loss,211.49328935082664,False,1,False
long,63509.39,2026-02-06 00:00:00+00:00,69552.873,2026-02-06 01:00:00+00:00,stop_loss,188.71777820571126,False,1,False
short,68194.89,2026-02-06 14:00:00+00:00,67231.67421428571,2026-02-06 15:00:00+00:00,stop_loss,26.648913832525817,False,1,False
short,68626.0,2026-02-06 15:00:00+00:00,67213.87542857142,2026-02-06 16:00:00+00:00,stop_loss,39.55421477074508,False,1,False
short,69954.01,2026-02-06 16:00:00+00:00,67213.61207142856,2026-02-06 17:00:00+00:00,stop_loss,76.74855867651993,False,1,False
short,70753.53,2026-02-06 17:00:00+00:00,67224.42514285714,2026-02-06 18:00:00+00:00,stop_loss,98.15770416381642,False,1,False
short,70665.59,2026-02-08 08:00:00+00:00,70149.3507857143,2026-02-08 09:00:00+00:00,stop_loss,13.010766407970241,False,1,False
short,70999.98,2026-02-08 11:00:00+00:00,70172.00785714286,2026-02-08 12:00:00+00:00,stop_loss,21.72316552362791,False,1,False
short,71249.95,2026-02-08 12:00:00+00:00,70175.697,2026-02-08 13:00:00+00:00,stop_loss,28.554491336485064,False,1,False
short,71514.77,2026-02-08 13:00:00+00:00,70173.25821428571,2026-02-08 14:00:00+00:00,stop_loss,35.917055168164296,False,1,False
long,66820.32,2026-02-11 06:00:00+00:00,68171.66714285714,2026-02-11 07:00:00+00:00,stop_loss,38.847191598517796,False,1,False
long,66531.99,2026-02-11 10:00:00+00:00,68199.20778571429,2026-02-11 11:00:00+00:00,stop_loss,48.517779002680705,False,1,False
short,68376.58,2026-02-12 13:00:00+00:00,66288.0,2026-02-12 22:00:00+00:00,ema9_trail,55.627228059666066,True,9,False
short,67733.51,2026-02-13 14:00:00+00:00,66962.47214285714,2026-02-13 15:00:00+00:00,stop_loss,21.16680647859115,False,1,False
short,68692.12,2026-02-13 15:00:00+00:00,66982.11142857143,2026-02-13 16:00:00+00:00,stop_loss,48.187619640464355,False,1,False
short,68954.69,2026-02-13 16:00:00+00:00,66994.25135714286,2026-02-13 17:00:00+00:00,stop_loss,55.261647637228016,False,1,False
short,69047.99,2026-02-13 17:00:00+00:00,66999.87185714286,2026-02-13 18:00:00+00:00,stop_loss,57.72448266364143,False,1,False
short,70505.74,2026-02-14 11:00:00+00:00,69576.41421428572,2026-02-14 12:00:00+00:00,stop_loss,24.761705748050833,False,1,False
short,70828.42,2026-02-15 07:00:00+00:00,70385.95735714286,2026-02-15 08:00:00+00:00,stop_loss,10.893929494887379,False,1,False
short,69763.24,2026-02-16 12:00:00+00:00,68530.0,2026-02-16 20:00:00+00:00,ema9_trail,32.293260629196006,True,8,False
short,68450.01,2026-02-21 14:00:00+00:00,68304.811,2026-02-21 15:00:00+00:00,stop_loss,2.6424829448525498,False,1,False
short,68615.0,2026-02-21 15:00:00+00:00,68307.31192857143,2026-02-21 16:00:00+00:00,stop_loss,7.3685366589977495,False,1,False
long,66740.47,2026-02-23 00:00:00+00:00,67092.52957142857,2026-02-23 01:00:00+00:00,stop_loss,8.950107646187499,False,1,False
long,64427.65,2026-02-23 01:00:00+00:00,67042.50842857143,2026-02-23 02:00:00+00:00,stop_loss,79.57193250324742,False,1,False
long,64783.56,2026-02-23 02:00:00+00:00,67037.57857142857,2026-02-23 03:00:00+00:00,stop_loss,67.9861286853818,False,1,False
long,64934.17,2026-02-23 03:00:00+00:00,67039.50564285714,2026-02-23 04:00:00+00:00,stop_loss,63.24523149698047,False,1,False
long,64808.31,2026-02-23 04:00:00+00:00,67038.95,2026-02-23 05:00:00+00:00,stop_loss,67.2380857331413,False,1,False
long,65070.9,2026-02-23 05:00:00+00:00,67039.20178571428,2026-02-23 06:00:00+00:00,stop_loss,58.897143445511794,False,1,False
long,64295.1,2026-02-23 19:00:00+00:00,64104.5135,2026-02-23 20:00:00+00:00,stop_loss,-7.528492217913888,False,1,False
long,63595.51,2026-02-24 03:00:00+00:00,64085.51642857143,2026-02-24 04:00:00+00:00,stop_loss,13.810095101727313,False,1,False
long,63378.84,2026-02-24 04:00:00+00:00,64084.98907142857,2026-02-24 05:00:00+00:00,stop_loss,20.683433127793933,False,1,False
long,63104.79,2026-02-24 05:00:00+00:00,64081.12528571428,2026-02-24 06:00:00+00:00,stop_loss,29.343301949480594,False,1,False
long,63082.79,2026-02-24 06:00:00+00:00,64083.76464285714,2026-02-24 07:00:00+00:00,stop_loss,30.135268616278317,False,1,False
long,63192.96,2026-02-24 07:00:00+00:00,64100.868714285716,2026-02-24 08:00:00+00:00,stop_loss,27.13448923062686,False,1,False
long,63249.99,2026-02-24 09:00:00+00:00,64111.09785714286,2026-02-24 10:00:00+00:00,stop_loss,25.62871125016332,False,1,False
long,63227.1,2026-02-24 11:00:00+00:00,62530.01471428572,2026-02-24 13:00:00+00:00,stop_loss,-23.650205867872536,False,2,False
long,62969.05,2026-02-24 12:00:00+00:00,62532.20064285715,2026-02-24 13:00:00+00:00,stop_loss,-15.475049953679,False,1,False
long,62900.0,2026-02-24 13:00:00+00:00,62900.01,2026-02-24 14:00:00+00:00,atr_trail,0.9590233931410902,True,1,False
short,65896.75,2026-02-25 01:00:00+00:00,64941.20278571429,2026-02-25 02:00:00+00:00,stop_loss,27.401345719954644,False,1,False
short,65884.83,2026-02-25 02:00:00+00:00,64942.59478571429,2026-02-25 03:00:00+00:00,stop_loss,27.002493602418415,False,1,False
short,66973.2,2026-02-25 14:00:00+00:00,66504.15678571428,2026-02-25 15:00:00+00:00,stop_loss,12.406892735772432,False,1,False
short,67412.33,2026-02-25 15:00:00+00:00,66476.47257142857,2026-02-25 16:00:00+00:00,stop_loss,26.165170809892714,False,1,False
short,68297.35,2026-02-25 16:00:00+00:00,66486.85814285715,2026-02-25 17:00:00+00:00,stop_loss,51.41792403783915,False,1,False
short,68674.2,2026-02-25 17:00:00+00:00,66492.38328571428,2026-02-25 18:00:00+00:00,stop_loss,61.941088626753945,False,1,False
short,69328.07,2026-02-25 18:00:00+00:00,66506.16871428571,2026-02-25 19:00:00+00:00,stop_loss,79.80717852708997,False,1,False
long,63216.01,2026-02-28 06:00:00+00:00,64755.283214285715,2026-02-28 07:00:00+00:00,stop_loss,47.09884114121448,False,1,False
long,63473.28,2026-02-28 08:00:00+00:00,64743.6295,2026-02-28 09:00:00+00:00,stop_loss,38.42785108946643,False,1,False
short,69130.2,2026-03-02 15:00:00+00:00,67329.41321428571,2026-03-02 16:00:00+00:00,stop_loss,50.49841099011097,False,1,False
short,69428.62,2026-03-02 16:00:00+00:00,67338.90328571429,2026-03-02 17:00:00+00:00,stop_loss,58.59755870952662,False,1,False
short,69198.0,2026-03-02 17:00:00+00:00,67335.6455,2026-03-02 18:00:00+00:00,stop_loss,52.22683025520973,False,1,False
short,69493.13,2026-03-04 07:00:00+00:00,69116.36099999999,2026-03-04 08:00:00+00:00,stop_loss,9.243345234270345,False,1,False
short,71011.4,2026-03-04 08:00:00+00:00,69140.50135714286,2026-03-04 09:00:00+00:00,stop_loss,51.09290966963437,False,1,False
short,71520.76,2026-03-04 09:00:00+00:00,69153.20185714285,2026-03-04 10:00:00+00:00,stop_loss,64.6061796562885,False,1,False
short,71348.92,2026-03-04 10:00:00+00:00,69157.03821428571,2026-03-04 11:00:00+00:00,stop_loss,59.84120431575659,False,1,False
short,73396.88,2026-03-04 15:00:00+00:00,69198.60814285713,2026-03-04 16:00:00+00:00,stop_loss,112.79919127741861,False,1,False
long,69208.0,2026-03-06 13:00:00+00:00,69973.43007142858,2026-03-06 14:00:00+00:00,stop_loss,20.519699209009886,False,1,False
long,68409.89,2026-03-06 14:00:00+00:00,69955.57042857143,2026-03-06 15:00:00+00:00,stop_loss,43.5888002910524,False,1,False
long,68504.71,2026-03-06 15:00:00+00:00,69959.0785,2026-03-06 16:00:00+00:00,stop_loss,40.86039432909056,False,1,False
long,68446.52,2026-03-06 16:00:00+00:00,69955.01864285715,2026-03-06 17:00:00+00:00,stop_loss,42.47816914160553,False,1,False
long,67955.1,2026-03-06 17:00:00+00:00,69942.32242857144,2026-03-06 18:00:00+00:00,stop_loss,56.88633667146197,False,1,False
long,68181.2,2026-03-06 18:00:00+00:00,69949.36364285715,2026-03-06 19:00:00+00:00,stop_loss,50.26660378101738,False,1,False
long,68131.79,2026-03-06 19:00:00+00:00,69950.09135714285,2026-03-06 20:00:00+00:00,stop_loss,51.77600427474048,False,1,False
long,68111.03,2026-03-06 20:00:00+00:00,69951.87914285714,2026-03-06 21:00:00+00:00,stop_loss,52.454362204099496,False,1,False
long,68289.1,2026-03-06 21:00:00+00:00,69958.52585714286,2026-03-06 22:00:00+00:00,stop_loss,47.29289380421914,False,1,False
long,68018.26,2026-03-07 05:00:00+00:00,67622.99328571428,2026-03-07 06:00:00+00:00,stop_loss,-13.22237064828503,False,1,False
long,68319.89,2026-03-06 22:00:00+00:00,67562.51992857143,2026-03-07 07:00:00+00:00,stop_loss,-23.7712907157364,False,9,False
long,68114.02,2026-03-06 23:00:00+00:00,67567.72964285714,2026-03-07 07:00:00+00:00,stop_loss,-17.64046735585013,False,8,False
long,67690.86,2026-03-07 06:00:00+00:00,67626.5185,2026-03-07 07:00:00+00:00,stop_loss,-3.5010395199586766,False,1,False
long,67795.4,2026-03-07 08:00:00+00:00,67795.4,2026-03-07 14:00:00+00:00,stop_loss,0.14040214274967044,True,6,True
long,67080.34,2026-03-07 19:00:00+00:00,67348.26092857143,2026-03-07 20:00:00+00:00,stop_loss,6.3880611389695225,False,1,False
long,66925.44,2026-03-08 02:00:00+00:00,66816.66414285713,2026-03-08 04:00:00+00:00,stop_loss,-4.850657960347253,False,2,False
long,66637.36,2026-03-08 04:00:00+00:00,66814.8155,2026-03-08 05:00:00+00:00,stop_loss,3.726006312374811,False,1,False
short,68976.0,2026-03-09 13:00:00+00:00,67835.14114285714,2026-03-09 14:00:00+00:00,stop_loss,31.47987871557804,False,1,False
short,69151.5,2026-03-09 14:00:00+00:00,67831.55592857143,2026-03-09 15:00:00+00:00,stop_loss,36.57542848466262,False,1,False
short,70272.01,2026-03-10 02:00:00+00:00,69734.10435714285,2026-03-10 03:00:00+00:00,stop_loss,13.709243121326669,False,1,False
short,70709.37,2026-03-10 08:00:00+00:00,70787.49028571427,2026-03-10 09:00:00+00:00,stop_loss,-3.809616228069293,False,1,False
short,71078.92,2026-03-10 09:00:00+00:00,70776.48628571427,2026-03-10 10:00:00+00:00,stop_loss,6.909800494597434,False,1,False
short,70578.7,2026-03-11 14:00:00+00:00,70474.24392857142,2026-03-11 15:00:00+00:00,stop_loss,1.3599885355943435,False,1,False
short,70785.99,2026-03-11 17:00:00+00:00,70501.19635714285,2026-03-11 18:00:00+00:00,stop_loss,6.446610433989992,False,1,False
short,71475.61,2026-03-13 00:00:00+00:00,71007.92035714285,2026-03-13 01:00:00+00:00,stop_loss,11.486691889922982,False,1,False
short,71672.39,2026-03-13 01:00:00+00:00,71008.86171428571,2026-03-13 02:00:00+00:00,stop_loss,16.91558977492695,False,1,False
short,73379.18,2026-03-13 13:00:00+00:00,72183.27642857142,2026-03-13 14:00:00+00:00,stop_loss,30.995174037882983,False,1,False
short,71211.95,2026-03-14 23:00:00+00:00,71007.71364285714,2026-03-15 00:00:00+00:00,stop_loss,4.136013608470424,False,1,False
short,71450.53,2026-03-15 02:00:00+00:00,71017.42528571429,2026-03-15 03:00:00+00:00,stop_loss,10.523205084292957,False,1,False
short,71363.14,2026-03-15 03:00:00+00:00,71019.10378571428,2026-03-15 04:00:00+00:00,stop_loss,8.041846316900275,False,1,False
short,71606.32,2026-03-15 04:00:00+00:00,71018.42835714285,2026-03-15 05:00:00+00:00,stop_loss,14.82010489736531,False,1,False
short,72109.58,2026-03-15 21:00:00+00:00,72045.29071428571,2026-03-15 22:00:00+00:00,stop_loss,0.18309971336088648,False,1,False
short,72749.44,2026-03-15 22:00:00+00:00,72068.28142857143,2026-03-15 23:00:00+00:00,stop_loss,17.126152982856656,False,1,False
short,72815.24,2026-03-15 23:00:00+00:00,72080.10935714286,2026-03-16 00:00:00+00:00,stop_loss,18.591669844311177,False,1,False
short,73573.32,2026-03-16 03:00:00+00:00,72131.30071428572,2026-03-16 04:00:00+00:00,stop_loss,37.599516501750436,False,1,False
short,73835.62,2026-03-16 04:00:00+00:00,72143.81157142858,2026-03-16 05:00:00+00:00,stop_loss,44.22634854481926,False,1,False
short,74207.49,2026-03-16 05:00:00+00:00,72150.71307142857,2026-03-16 06:00:00+00:00,stop_loss,53.83313561936756,False,1,False
short,74772.66,2026-03-16 22:00:00+00:00,74694.68000000001,2026-03-16 23:00:00+00:00,stop_loss,0.4857891106186649,False,1,False
short,74884.67,2026-03-16 23:00:00+00:00,74702.91371428572,2026-03-17 00:00:00+00:00,stop_loss,3.2542989029470673,False,1,False
short,75318.48,2026-03-17 00:00:00+00:00,74709.88914285715,2026-03-17 01:00:00+00:00,stop_loss,14.560465722166578,False,1,False
short,75623.91,2026-03-17 01:00:00+00:00,74722.79342857143,2026-03-17 02:00:00+00:00,stop_loss,22.23152554340484,False,1,False
long,72361.24,2026-03-18 12:00:00+00:00,73392.87092857143,2026-03-18 13:00:00+00:00,stop_loss,26.913356834996833,False,1,False
long,72133.49,2026-03-18 13:00:00+00:00,73391.80357142857,2026-03-18 14:00:00+00:00,stop_loss,33.28847056834654,False,1,False
long,71193.23,2026-03-18 14:00:00+00:00,73379.06235714286,2026-03-18 15:00:00+00:00,stop_loss,59.80562402191509,False,1,False
long,71467.82,2026-03-18 15:00:00+00:00,73372.98542857142,2026-03-18 16:00:00+00:00,stop_loss,51.715336289015596,False,1,False
long,71314.08,2026-03-18 16:00:00+00:00,73370.75214285715,2026-03-18 17:00:00+00:00,stop_loss,56.07927295303107,False,1,False
long,71096.74,2026-03-18 18:00:00+00:00,73352.93428571429,2026-03-18 19:00:00+00:00,stop_loss,61.868290830614335,False,1,False
long,71072.38,2026-03-18 19:00:00+00:00,73351.41414285715,2026-03-18 20:00:00+00:00,stop_loss,62.53276557945973,False,1,False
long,71214.67,2026-03-18 20:00:00+00:00,73339.7225,2026-03-18 21:00:00+00:00,stop_loss,58.08018948904784,False,1,False
long,71153.66,2026-03-18 22:00:00+00:00,73338.76271428571,2026-03-18 23:00:00+00:00,stop_loss,59.81926400653756,False,1,False
long,71002.17,2026-03-19 00:00:00+00:00,73339.81614285715,2026-03-19 01:00:00+00:00,stop_loss,64.24717461049852,False,1,False
long,70583.22,2026-03-19 06:00:00+00:00,70357.21928571428,2026-03-19 07:00:00+00:00,stop_loss,-8.0038085620271,False,1,False
long,70191.17,2026-03-19 07:00:00+00:00,70344.975,2026-03-19 08:00:00+00:00,stop_loss,2.7824600729695086,False,1,False
long,69985.19,2026-03-19 08:00:00+00:00,70358.96185714286,2026-03-19 09:00:00+00:00,stop_loss,9.081455809232093,False,1,False
long,69952.75,2026-03-19 11:00:00+00:00,70365.57792857142,2026-03-19 12:00:00+00:00,stop_loss,10.203050732713823,False,1,False
long,69290.27,2026-03-19 12:00:00+00:00,70354.37485714286,2026-03-19 13:00:00+00:00,stop_loss,29.114409314406032,False,1,False
long,68918.12,2026-03-21 23:00:00+00:00,70113.2635,2026-03-22 00:00:00+00:00,stop_loss,33.08299773702491,False,1,False
long,68954.71,2026-03-22 00:00:00+00:00,70096.29785714285,2026-03-22 01:00:00+00:00,stop_loss,31.51123655346668,False,1,False
long,68962.4,2026-03-22 01:00:00+00:00,70090.88178571429,2026-03-22 02:00:00+00:00,stop_loss,31.12745106650266,False,1,False
long,68919.38,2026-03-22 07:00:00+00:00,68102.92021428571,2026-03-22 20:00:00+00:00,stop_loss,-25.293184289072084,False,13,False
long,68804.77,2026-03-22 08:00:00+00:00,68098.14571428571,2026-03-22 20:00:00+00:00,stop_loss,-22.13997958903993,False,12,False
long,68826.2,2026-03-22 09:00:00+00:00,68094.079,2026-03-22 20:00:00+00:00,stop_loss,-22.874485588336977,False,11,False
long,68176.46,2026-03-22 20:00:00+00:00,67996.23564285715,2026-03-22 21:00:00+00:00,stop_loss,-6.886996630298942,False,1,False
long,67899.97,2026-03-22 21:00:00+00:00,67985.28778571429,2026-03-22 22:00:00+00:00,stop_loss,0.913043399409081,False,1,False
long,67669.99,2026-03-23 00:00:00+00:00,67961.04414285715,2026-03-23 01:00:00+00:00,stop_loss,7.002163022549436,False,1,False
short,70122.15,2026-03-23 11:00:00+00:00,69156.41485714285,2026-03-23 12:00:00+00:00,stop_loss,25.944367731369958,False,1,False
short,70752.15,2026-03-23 12:00:00+00:00,69164.56049999999,2026-03-23 13:00:00+00:00,stop_loss,43.277491355386424,False,1,False
short,71481.13,2026-03-23 13:00:00+00:00,69172.14557142857,2026-03-23 14:00:00+00:00,stop_loss,63.00402706480536,False,1,False
short,71446.46,2026-03-23 14:00:00+00:00,69171.58242857142,2026-03-23 15:00:00+00:00,stop_loss,62.08062382456982,False,1,False
long,69562.41,2026-03-26 09:00:00+00:00,70406.43264285714,2026-03-26 10:00:00+00:00,stop_loss,22.66663029234131,False,1,False
long,69517.68,2026-03-26 10:00:00+00:00,70409.79907142857,2026-03-26 11:00:00+00:00,stop_loss,24.06596213879913,False,1,False
long,69276.01,2026-03-26 11:00:00+00:00,70404.4655,2026-03-26 12:00:00+00:00,stop_loss,30.97853620611265,False,1,False
long,69082.64,2026-03-26 15:00:00+00:00,70386.11428571428,2026-03-26 16:00:00+00:00,stop_loss,36.136666859120744,False,1,False
long,68932.52,2026-03-26 16:00:00+00:00,70392.48692857142,2026-03-26 17:00:00+00:00,stop_loss,40.75930816315489,False,1,False
long,68486.86,2026-03-26 17:00:00+00:00,70381.74692857143,2026-03-26 18:00:00+00:00,stop_loss,53.735780573716816,False,1,False
long,68497.25,2026-03-26 18:00:00+00:00,70376.37392857143,2026-03-26 19:00:00+00:00,stop_loss,53.267134916260886,False,1,False
long,68534.36,2026-03-26 19:00:00+00:00,70387.74435714286,2026-03-26 20:00:00+00:00,stop_loss,52.48628189255313,False,1,False
long,67920.5,2026-03-27 08:00:00+00:00,68012.74807142858,2026-03-27 09:00:00+00:00,stop_loss,1.1163543091872863,False,1,False
long,67695.81,2026-03-27 09:00:00+00:00,68010.84285714285,2026-03-27 10:00:00+00:00,stop_loss,7.7073074136450845,False,1,False
long,66502.41,2026-03-27 10:00:00+00:00,68002.03721428571,2026-03-27 11:00:00+00:00,stop_loss,43.499935905652286,False,1,False
long,66702.78,2026-03-27 11:00:00+00:00,67995.82914285714,2026-03-27 12:00:00+00:00,stop_loss,37.170472320858,False,1,False
long,66619.76,2026-03-27 12:00:00+00:00,67997.64178571428,2026-03-27 13:00:00+00:00,stop_loss,39.76555837830355,False,1,False
long,66188.32,2026-03-27 13:00:00+00:00,67989.53878571428,2026-03-27 14:00:00+00:00,stop_loss,52.827088819123084,False,1,False
long,66205.06,2026-03-27 14:00:00+00:00,67984.39485714286,2026-03-27 15:00:00+00:00,stop_loss,52.152231540696896,False,1,False
long,66112.82,2026-03-27 15:00:00+00:00,67977.68792857142,2026-03-27 16:00:00+00:00,stop_loss,54.81471437979553,False,1,False
long,65979.29,2026-03-27 16:00:00+00:00,67976.64842857143,2026-03-27 17:00:00+00:00,stop_loss,58.94501127767309,False,1,False
long,65632.92,2026-03-27 17:00:00+00:00,67967.333,2026-03-27 18:00:00+00:00,stop_loss,69.5354302078896,False,1,False
long,65836.69,2026-03-27 18:00:00+00:00,67969.12335714286,2026-03-27 19:00:00+00:00,stop_loss,63.17948259983476,False,1,False
long,66040.66,2026-03-27 19:00:00+00:00,67967.17528571429,2026-03-27 20:00:00+00:00,stop_loss,56.74330806852269,False,1,False
long,66020.76,2026-03-27 20:00:00+00:00,67965.9605,2026-03-27 21:00:00+00:00,stop_loss,57.32693449757338,False,1,False
long,66098.0,2026-03-27 21:00:00+00:00,67974.17492857143,2026-03-27 22:00:00+00:00,stop_loss,55.16949162066726,False,1,False
long,66020.79,2026-03-27 22:00:00+00:00,67992.34142857142,2026-03-27 23:00:00+00:00,stop_loss,58.12516925566722,False,1,False
