side,margin,qty_exact,fee_exact,entry_exact,entry_bar,exit_bar,entry_dt,exit_dt,entry_price,exit_price,pnl_pct,pnl,reason_code,bars_held,mfe_pct,mae_pct,gk_pctile,regime_code,funding,funding_low,funding_high,net,cluster
S,200.0,1.5226320217127325,4.0,2627.03,381,391,2024-09-24 09:00:00,2024-09-24 19:00:00,2627.03,2646.25,-0.732,-33.26,MH,10,0.734,-1.529,33.3,MILD_UP,0.19302238923803686,0.19302238923803686,0.19302238923803686,-33.06697761076196,1
S,200.0,1.5505558742809298,4.0,2579.72,562,564,2024-10-01 22:00:00,2024-10-02 00:00:00,2579.72,2523.54,2.178,83.11,TP,2,3.866,-0.423,1.0,MILD_UP,0.32868175993197574,0.0,0.32868175993197574,83.43868175993198,2
S,200.0,1.6428454082470838,4.0,2434.8,748,759,2024-10-09 16:00:00,2024-10-10 03:00:00,2434.8,2414.24,0.844,29.78,BE,11,1.101,-1.513,19.2,DOWN,0.40419582717266306,0.40419582717266306,0.5498027652823592,30.184195827172665,3
S,200.0,1.5163921996785248,4.0,2637.84,1053,1063,2024-10-22 09:00:00,2024-10-22 19:00:00,2637.84,2632.46,0.204,4.16,MHx,10,0.942,-0.825,34.3,UP,0.40132973810541955,0.40132973810541955,0.40132973810541955,4.56132973810542,4
S,200.0,1.516748697492056,4.0,2637.22,1277,1283,2024-10-31 17:00:00,2024-10-31 23:00:00,2637.22,2556.05,3.078,119.11,TP,6,3.653,-0.447,10.1,DOWN,0.0,0.0,0.0,119.11,5
S,200.0,1.5989574797232204,4.0,2501.63,1294,1304,2024-11-01 10:00:00,2024-11-01 20:00:00,2501.63,2515.84,-0.568,-26.72,MH,10,1.372,-0.985,32.3,DOWN,0.4004153497983315,0.4004153497983315,0.4004153497983315,-26.319584650201666,5
L,200.0,1.637787022175636,4.0,2442.32,1396,1402,2024-11-05 16:00:00,2024-11-05 22:00:00,2442.32,2441.19,-0.046,-5.85,MH,6,0.215,-0.538,9.1,SIDE,0.0,-0.4000151296783386,0.0,-5.85,6
L,200.0,1.5184414716734742,4.0,2634.28,1428,1435,2024-11-07 00:00:00,2024-11-07 07:00:00,2634.28,2736.27,3.872,150.87,TP,7,4.242,-0.024,14.1,SIDE,0.0,-0.4000059943923956,0.0,150.87,7
L,200.0,1.175899930915879,4.0,3401.65,1876,1879,2024-11-25 16:00:00,2024-11-25 19:00:00,3401.65,3504.57,3.026,117.02,TP,3,3.83,-0.083,22.2,MILD_UP,0.0,-0.9574028145164846,0.0,117.02,8
S,200.0,1.1775164999499554,4.0,3396.98,1900,1903,2024-11-26 16:00:00,2024-11-26 19:00:00,3396.98,3320.1,2.263,86.53,TP,3,2.354,-0.084,29.3,MILD_UP,0.0,0.0,0.49080144481274535,86.53,8
L,200.0,1.1002855240935023,4.0,3635.42,2083,2087,2024-12-04 07:00:00,2024-12-04 11:00:00,3635.42,3651.03,0.429,13.18,MFE,4,2.101,-0.592,11.1,MILD_UP,-0.7454401470886075,-0.7454401470886075,-0.7454401470886075,12.434559852911391,9
S,200.0,1.0433131452239732,4.0,3833.94,2128,2131,2024-12-06 04:00:00,2024-12-06 07:00:00,3833.94,3805.76,0.735,25.4,TP,3,5.711,-0.8,6.1,UP,0.0,0.0,0.0,25.4,10
S,200.0,1.0878463090734543,4.0,3676.99,2241,2244,2024-12-10 21:00:00,2024-12-11 00:00:00,3676.99,3568.08,2.962,114.48,TP,3,3.332,-1.509,6.1,MILD_UP,0.3880004618397113,0.0,0.3880004618397113,114.86800046183971,11
L,200.0,1.031097913057824,4.0,3879.36,2279,2281,2024-12-12 11:00:00,2024-12-12 13:00:00,3879.36,3907.74,0.732,25.26,MFE,2,1.76,-0.807,22.2,MILD_UP,0.0,0.0,0.0,25.26,12
L,200.0,1.1581345926116804,4.0,3453.83,2579,2581,2024-12-24 23:00:00,2024-12-25 01:00:00,3453.83,3478.26,0.707,24.29,MFE,2,1.839,-0.35,23.2,DOWN,-0.11148045488148971,-0.11148045488148971,-0.11148045488148971,24.178519545118508,13
S,200.0,1.1886083773118432,4.0,3365.28,2621,2633,2024-12-26 17:00:00,2024-12-27 05:00:00,3365.28,3328.8,1.084,39.36,MHx,12,1.792,-0.522,32.3,DOWN,0.25048804353377074,0.25048804353377074,0.25048804353377074,39.61048804353377,14
S,200.0,1.2093360744951023,4.0,3307.6,2931,2941,2025-01-08 15:00:00,2025-01-09 01:00:00,3307.6,3313.17,-0.168,-10.74,MH,10,0.033,-2.337,23.2,MILD_UP,0.8101949339811344,0.8101949339811344,0.8101949339811344,-9.929805066018865,15
L,200.0,1.2746931972810793,4.0,3138.01,3070,3078,2025-01-14 10:00:00,2025-01-14 18:00:00,3138.01,3242.52,3.33,129.22,MHx,8,3.755,-0.244,22.2,DOWN,-0.30115578063804765,-0.30115578063804765,-0.30115578063804765,128.91884421936194,16
S,200.0,1.4561869744075138,4.0,2746.9,3635,3636,2025-02-06 23:00:00,2025-02-07 00:00:00,2746.9,2704.25,1.553,58.11,TP,1,2.424,-0.461,20.2,DOWN,-0.30508328457533945,-0.30508328457533945,0.0,57.80491671542466,17
L,200.0,1.4417895491884527,4.0,2774.33,3658,3662,2025-02-07 22:00:00,2025-02-08 02:00:00,2774.33,2672.94,-3.655,-150.18,SN,4,0.785,-4.118,22.2,DOWN,0.046953797306073755,0.046953797306073755,0.046953797306073755,-150.13304620269395,17
S,200.0,1.5192892764764643,4.0,2632.81,3754,3763,2025-02-11 22:00:00,2025-02-12 07:00:00,2632.81,2584.89,1.82,68.8,TP,9,3.036,-1.651,19.2,DOWN,-0.0499772504662319,-0.0499772504662319,-0.0499772504662319,68.75002274953377,18
S,200.0,1.5067615926470035,4.0,2654.7,3800,3810,2025-02-13 20:00:00,2025-02-14 06:00:00,2654.7,2665.6,-0.411,-20.42,MH,10,1.657,-0.871,0.0,DOWN,0.040960456508756696,0.040960456508756696,0.040960456508756696,-20.379039543491245,19
L,200.0,1.491296421261413,4.0,2682.23,3814,3817,2025-02-14 10:00:00,2025-02-14 13:00:00,2682.23,2698.39,0.602,20.1,MFE,3,1.434,-0.132,24.2,DOWN,0.0,0.0,0.0,20.1,19
L,200.0,1.4575347257648412,4.0,2744.36,3967,3974,2025-02-20 19:00:00,2025-02-21 02:00:00,2744.36,2734.17,-0.371,-18.85,MH,7,0.952,-1.411,0.0,MILD_UP,-0.25307913903423745,-0.25307913903423745,-0.25307913903423745,-19.10307913903424,20
S,200.0,1.475334255417243,4.0,2711.25,3972,3982,2025-02-21 00:00:00,2025-02-21 10:00:00,2711.25,2740.31,-1.072,-46.87,MH,10,0.207,-2.077,31.3,MILD_UP,0.14431090279391426,0.14431090279391426,0.4004806643430152,-46.725689097206086,20
S,200.0,1.733477789815818,4.0,2307.5,4139,4145,2025-02-27 23:00:00,2025-02-28 05:00:00,2307.5,2255.1,2.271,86.83,TP,6,2.962,-1.277,14.1,DOWN,0.20239450556049976,0.20239450556049976,0.20239450556049976,87.0323945055605,21
S,200.0,1.9840187291368032,4.0,2016.11,4634,4639,2025-03-20 14:00:00,2025-03-20 19:00:00,2016.11,1981.71,1.706,64.25,TP,5,2.272,-0.271,26.3,DOWN,0.06182297414327591,0.06182297414327591,0.06182297414327591,64.31182297414328,22
L,200.0,2.2015763286513144,4.0,1816.88,4996,5002,2025-04-04 16:00:00,2025-04-04 22:00:00,1816.88,1801.33,-0.856,-38.23,MH,6,0.981,-3.267,10.1,DOWN,0.0,0.0,0.08371953921007441,-38.23,23
L,200.0,2.6928229536228567,4.0,1485.43,5119,5123,2025-04-09 19:00:00,2025-04-09 23:00:00,1485.43,1470.35,-1.015,-44.61,MFE,4,1.05,-3.124,23.2,DOWN,0.0,0.0,0.0,-44.61,24
S,200.0,2.4697913643744944,4.0,1619.57,5267,5273,2025-04-15 23:00:00,2025-04-16 05:00:00,1619.57,1594.39,1.555,58.19,TP,6,2.103,-0.704,33.3,DOWN,0.013404467852578154,0.013404467852578154,0.013404467852578154,58.20340446785258,25
L,200.0,2.2809568614033586,4.0,1753.65,5442,5446,2025-04-23 06:00:00,2025-04-23 10:00:00,1753.65,1761.34,0.439,13.54,MFE,4,2.016,-0.914,24.2,SIDE,-0.2674540260599321,-0.2674540260599321,-0.2674540260599321,13.272545973940067,26
S,200.0,2.249212775528565,4.0,1778.4,5471,5477,2025-04-24 11:00:00,2025-04-24 17:00:00,1778.4,1733.8,2.508,96.31,TP,6,3.215,-0.678,0.0,MILD_UP,0.2854544464687359,0.2854544464687359,0.2854544464687359,96.59545444646874,27
L,200.0,2.2556942180917954,4.0,1773.29,5493,5498,2025-04-25 09:00:00,2025-04-25 14:00:00,1773.29,1766.62,-0.376,-19.05,MH,5,0.936,-2.024,12.1,MILD_UP,0.0,0.0,0.0,-19.05,27
S,200.0,2.2544356020470278,4.0,1774.28,5625,5626,2025-04-30 21:00:00,2025-04-30 22:00:00,1774.28,1740.14,1.924,72.97,TP,1,2.293,-0.05,5.1,UP,0.0,0.0,0.0,72.97,28
S,200.0,2.1845269952923445,4.0,1831.06,5666,5676,2025-05-02 14:00:00,2025-05-03 00:00:00,1831.06,1840.21,-0.5,-23.99,MH,10,1.041,-1.23,17.2,MILD_UP,-0.2535164948085723,-0.2535164948085723,-0.22987671311695063,-24.24351649480857,29
S,200.0,1.5523069221246426,4.0,2576.81,5974,5980,2025-05-15 10:00:00,2025-05-15 16:00:00,2576.81,2529.6,1.832,69.28,TP,6,2.445,-0.794,20.2,UP,0.392688634396793,0.0,0.392688634396793,69.67268863439679,30
S,200.0,1.6107015007711234,4.0,2483.39,6105,6115,2025-05-20 21:00:00,2025-05-21 07:00:00,2483.39,2515.34,-1.287,-55.46,MH,10,1.812,-1.716,24.2,MILD_UP,0.04692236982511809,0.04692236982511809,0.04692236982511809,-55.41307763017488,31
S,200.0,1.5137409837802653,4.0,2642.46,6324,6333,2025-05-30 00:00:00,2025-05-30 09:00:00,2642.46,2572.24,2.657,102.29,TP,9,3.272,-1.15,27.3,MILD_UP,0.29773444623312856,0.29773444623312856,0.6305731866492559,102.58773444623313,32
L,200.0,1.6312548427878146,4.0,2452.1,7135,7141,2025-07-02 19:00:00,2025-07-03 01:00:00,2452.1,2559.78,4.391,171.65,TP,6,4.524,-0.884,2.0,MILD_UP,-0.21338911232090896,-0.21338911232090896,-0.21338911232090896,171.4366108876791,33
S,200.0,1.3442531497531616,4.0,2975.63,7438,7447,2025-07-15 10:00:00,2025-07-15 19:00:00,2975.63,2973.1,0.085,-0.6,BE,9,1.5,-0.629,26.3,UP,0.4000967862267823,0.4000967862267823,0.4000967862267823,-0.19990321377321768,34
S,200.0,1.0963589917882712,4.0,3648.44,7618,7626,2025-07-22 22:00:00,2025-07-23 06:00:00,3648.44,3705.11,-1.553,-66.13,MH,8,0.615,-2.784,28.3,UP,0.40760296914407257,0.40760296914407257,0.40760296914407257,-65.72239703085592,35
S,200.0,1.093631238482696,4.0,3657.54,7638,7642,2025-07-23 18:00:00,2025-07-23 22:00:00,3657.54,3586.65,1.938,73.53,TP,4,2.12,-0.615,15.2,UP,0.0,0.0,0.0,73.53,35
S,200.0,1.1067701127798746,4.0,3614.12,7679,7687,2025-07-25 11:00:00,2025-07-25 19:00:00,3614.12,3718.2,-2.88,-119.19,MH,8,1.217,-3.661,9.1,UP,0.4019420623864178,0.4019420623864178,0.4019420623864178,-118.78805793761359,36
L,200.0,1.045005786719544,4.0,3827.73,7779,7783,2025-07-29 15:00:00,2025-07-29 19:00:00,3827.73,3828.72,0.026,-2.97,MFE,4,1.507,-0.124,15.2,MILD_UP,-0.4050996282391914,-0.4050996282391914,-0.4050996282391914,-3.3750996282391914,37
S,200.0,1.0647897971841633,4.0,3756.61,7808,7816,2025-07-30 20:00:00,2025-07-31 04:00:00,3756.61,3758.7,-0.056,-6.23,TP,8,2.306,-1.979,30.3,MILD_UP,0.062241972416620314,0.062241972416620314,0.062241972416620314,-6.16775802758338,38
S,200.0,1.107493299665537,4.0,3611.76,7948,7960,2025-08-05 16:00:00,2025-08-06 04:00:00,3611.76,3570.18,1.151,42.05,MHx,12,1.572,-2.23,30.3,DOWN,0.054159480764570174,0.054159480764570174,0.178799135669658,42.104159480764565,39
L,200.0,1.0997500817939123,4.0,3637.19,7970,7976,2025-08-06 14:00:00,2025-08-06 20:00:00,3637.19,3618.16,-0.523,-24.93,MH,6,0.297,-0.803,13.1,DOWN,-0.3281091172031156,-0.3281091172031156,-0.3281091172031156,-25.258109117203116,39
S,200.0,0.8496555708729574,4.0,4707.79,8167,8169,2025-08-14 19:00:00,2025-08-14 21:00:00,4707.79,4568.49,2.959,114.36,TP,2,4.499,-0.62,19.2,UP,0.0,0.0,0.0,114.36,40
S,200.0,0.890521511660266,4.0,4491.75,8195,8196,2025-08-15 23:00:00,2025-08-16 00:00:00,4491.75,4428.72,1.403,52.13,TP,1,2.209,-0.151,6.1,UP,0.255332073350977,0.0,0.255332073350977,52.38533207335098,41
L,200.0,0.9195571412807592,4.0,4349.92,8646,8654,2025-09-03 18:00:00,2025-09-04 02:00:00,4349.92,4469.84,2.757,106.27,MHx,8,3.183,-0.238,9.1,DOWN,-0.13067246091691267,-0.13067246091691267,-0.13067246091691267,106.13932753908308,42
L,200.0,0.9060022650056625,4.0,4415.0,8692,8698,2025-09-05 16:00:00,2025-09-05 22:00:00,4415.0,4441.23,0.594,19.76,MFE,6,1.8,-1.008,23.2,DOWN,0.0,0.0,0.1382511639840413,19.76,43
L,200.0,0.9237853954147911,4.0,4330.01,8813,8819,2025-09-10 17:00:00,2025-09-10 23:00:00,4330.01,4399.42,1.603,60.12,MFE,6,2.853,-0.564,21.2,DOWN,0.0,0.0,0.0,60.12,44
L,200.0,0.8985977382294928,4.0,4451.38,8851,8854,2025-09-12 07:00:00,2025-09-12 10:00:00,4451.38,4496.57,1.015,36.61,MFE,3,1.959,-0.068,0.0,SIDE,-0.1945617401182044,-0.1945617401182044,-0.1945617401182044,36.415438259881796,45
S,200.0,0.8945564006628663,4.0,4471.49,8962,8972,2025-09-16 22:00:00,2025-09-17 08:00:00,4471.49,4499.41,-0.624,-28.98,MH,10,1.129,-1.156,29.3,MILD_UP,0.17874198218181275,0.08137504062404254,0.17874198218181275,-28.80125801781819,46
L,200.0,0.9204183301310445,4.0,4345.85,9332,9340,2025-10-02 08:00:00,2025-10-02 16:00:00,4345.85,4373.65,0.64,21.59,MFE,8,1.759,-0.362,12.1,DOWN,-0.12209622840042907,-0.18157910259074855,0.0,21.46790377159957,47
S,200.0,0.8569934954193699,4.0,4667.48,9459,9468,2025-10-07 15:00:00,2025-10-08 00:00:00,4667.48,4510.3,3.368,130.7,TP,9,4.168,-1.854,20.2,UP,0.7873407830649517,0.40080128891821715,0.7873407830649517,131.48734078306495,48
S,200.0,0.9005297366175653,4.0,4441.83,9480,9488,2025-10-08 12:00:00,2025-10-08 20:00:00,4441.83,4485.21,-0.977,-43.06,MH,8,0.746,-1.422,27.3,UP,0.24256669922081664,0.24256669922081664,0.24256669922081664,-42.817433300779186,48
S,200.0,0.9350797506142305,4.0,4277.71,9539,9540,2025-10-10 23:00:00,2025-10-11 00:00:00,4277.71,4100.48,4.143,161.72,TP,1,4.915,-0.086,15.2,MILD_UP,-0.197350176239156,-0.197350176239156,0.0,161.52264982376084,49
S,200.0,0.9831536620016026,4.0,4068.54,9626,9627,2025-10-14 14:00:00,2025-10-14 15:00:00,4068.54,4001.62,1.645,61.79,TP,1,2.56,-0.535,29.3,DOWN,0.0,0.0,0.0,61.79,50
S,200.0,1.0474631751227497,4.0,3818.75,9699,9701,2025-10-17 15:00:00,2025-10-17 17:00:00,3818.75,3707.37,2.917,112.67,TP,2,3.037,-0.116,5.1,DOWN,0.22144457772611142,0.22144457772611142,0.22144457772611142,112.89144457772612,51
L,200.0,1.028335792769771,4.0,3889.78,9843,9849,2025-10-23 15:00:00,2025-10-23 21:00:00,3889.78,3851.59,-0.982,-43.27,MH,6,0.403,-1.408,0.0,SIDE,-0.16649404600531195,-0.16649404600531195,-0.16649404600531195,-43.436494046005315,52
S,200.0,0.9770347970942985,4.0,4094.02,9959,9969,2025-10-28 11:00:00,2025-10-28 21:00:00,4094.02,4120.0,-0.635,-29.38,MH,10,0.726,-0.988,23.2,MILD_UP,0.18557764336167237,0.18557764336167237,0.18557764336167237,-29.194422356638327,53
L,200.0,0.962213861652891,4.0,4157.08,9970,9975,2025-10-28 22:00:00,2025-10-29 03:00:00,4157.08,4113.19,-1.056,-46.23,MH,5,0.409,-2.191,22.2,MILD_UP,-0.07077322158823021,-0.07077322158823021,-0.07077322158823021,-46.30077322158823,53
S,200.0,1.0125992663718315,4.0,3950.23,9996,9999,2025-10-30 00:00:00,2025-10-30 03:00:00,3950.23,3915.29,0.885,31.38,TP,3,2.892,-1.693,14.1,MILD_UP,0.0,0.0,0.15660000000000002,31.38,54
L,200.0,1.033017832470333,4.0,3872.15,10040,10046,2025-10-31 20:00:00,2025-11-01 02:00:00,3872.15,3826.68,-1.174,-50.97,MH,6,0.384,-1.795,22.2,SIDE,0.05114630166810232,0.05114630166810232,0.05114630166810232,-50.918853698331894,55
S,200.0,1.2121799844840961,4.0,3299.84,10206,10208,2025-11-07 18:00:00,2025-11-07 20:00:00,3299.84,3258.62,1.249,45.97,TP,2,2.297,-0.278,23.2,DOWN,0.0,0.0,0.0,45.97,56
S,200.0,1.181502398449869,4.0,3385.52,10356,10358,2025-11-14 00:00:00,2025-11-14 02:00:00,3385.52,3254.4,3.873,150.92,TP,2,3.944,-0.367,33.3,DOWN,0.0,0.0,0.0928553938968949,150.92,57
S,200.0,1.326119244642478,4.0,3016.32,10490,10501,2025-11-19 14:00:00,2025-11-20 01:00:00,3016.32,2948.87,2.236,85.45,TP,11,2.695,-3.204,19.2,DOWN,0.4014001074663037,0.4014001074663037,0.4014001074663037,85.8514001074663,58
S,200.0,1.3538532355400013,4.0,2954.53,10524,10525,2025-11-21 00:00:00,2025-11-21 01:00:00,2954.53,2861.21,3.159,122.34,TP,1,3.673,-0.189,22.2,DOWN,0.0,0.0,0.2715190810044237,122.34,59
S,200.0,1.3936359613823475,4.0,2870.19,10637,10647,2025-11-25 17:00:00,2025-11-26 03:00:00,2870.19,2922.89,-1.836,-77.44,MH,10,0.529,-3.025,18.2,DOWN,0.022425889296527404,0.022425889296527404,0.022425889296527404,-77.41757411070347,60
S,200.0,1.3376852694098134,4.0,2990.24,10689,10699,2025-11-27 21:00:00,2025-11-28 07:00:00,2990.24,3009.41,-0.641,-29.64,MH,10,0.215,-1.781,15.2,DOWN,0.03977796822234148,0.03977796822234148,0.03977796822234148,-29.60022203177766,61
L,200.0,1.4226167612706815,4.0,2811.72,10803,10812,2025-12-02 15:00:00,2025-12-03 00:00:00,2811.72,3005.55,6.894,271.75,TP,9,7.622,-1.107,23.2,MILD_UP,-0.3988120990227102,-0.3988120990227102,-0.22149692041317576,271.35118790097727,62
S,200.0,1.2620725123761987,4.0,3169.39,10858,10864,2025-12-04 22:00:00,2025-12-05 04:00:00,3169.39,3117.66,1.632,61.29,TP,6,3.3,-1.839,0.0,MILD_UP,0.38965362546105087,0.38965362546105087,0.38965362546105087,61.67965362546105,63
S,200.0,1.3029315960912051,4.0,3070.0,11052,11062,2025-12-13 00:00:00,2025-12-13 10:00:00,3070.0,3083.19,-0.43,-21.19,MH,10,0.941,-0.921,11.1,MILD_UP,0.004298597785016287,-0.005147872022423971,0.004298597785016287,-21.185701402214985,64
L,200.0,1.402952513564797,4.0,2851.13,11190,11194,2025-12-18 18:00:00,2025-12-18 22:00:00,2851.13,2962.87,3.919,152.77,TP,4,4.508,-0.11,1.0,DOWN,0.0,0.0,0.0,152.77,65
L,200.0,1.352082206598161,4.0,2958.4,11347,11353,2025-12-25 07:00:00,2025-12-25 13:00:00,2958.4,2943.64,-0.499,-23.96,MH,6,0.024,-0.802,12.1,DOWN,-0.26000599256354784,-0.26000599256354784,-0.26000599256354784,-24.22000599256355,66
S,200.0,1.3654906378548142,4.0,2929.35,11357,11367,2025-12-25 17:00:00,2025-12-26 03:00:00,2929.35,2957.89,-0.974,-42.97,MH,10,0.656,-1.387,0.0,DOWN,0.2008447689760527,0.2008447689760527,0.2008447689760527,-42.769155231023944,66
L,200.0,1.3354700854700856,4.0,2995.2,11483,11489,2025-12-30 23:00:00,2025-12-31 05:00:00,2995.2,2957.51,-1.258,-54.33,MH,6,0.208,-1.801,20.2,SIDE,-0.39910389957264963,-0.39910389957264963,-0.39910389957264963,-54.72910389957265,67
L,200.0,1.3331200341278728,4.0,3000.48,11504,11510,2025-12-31 20:00:00,2026-01-01 02:00:00,3000.48,2974.56,-0.864,-38.55,MH,6,0.908,-1.429,13.1,SIDE,-0.1403192302564923,-0.1403192302564923,-0.1403192302564923,-38.69031923025649,67
L,200.0,1.3406712741069453,4.0,2983.58,11527,11533,2026-01-01 19:00:00,2026-01-02 01:00:00,2983.58,2981.35,-0.075,-6.99,MH,6,0.346,-0.254,0.0,SIDE,0.02243656278698744,0.02243656278698744,0.02243656278698744,-6.967563437213013,67
L,200.0,1.2207515556952637,4.0,3276.67,11651,11658,2026-01-06 23:00:00,2026-01-07 06:00:00,3276.67,3274.77,-0.058,-6.32,MH,7,0.739,-2.929,8.1,MILD_UP,-0.16969234008917589,-0.16969234008917589,-0.16969234008917589,-6.489692340089176,68
S,200.0,1.2258507404138472,4.0,3263.04,11892,11902,2026-01-17 00:00:00,2026-01-17 10:00:00,3263.04,3289.26,-0.804,-36.14,MH,10,0.154,-1.098,4.0,MILD_UP,0.3380877953074434,0.3380877953074434,0.44876813450034325,-35.801912204692556,69
S,200.0,1.2549767672425964,4.0,3187.31,11971,11979,2026-01-20 07:00:00,2026-01-20 15:00:00,3187.31,3115.2,2.262,86.5,TP,8,2.53,-0.39,11.1,MILD_UP,0.3445333700403803,0.3445333700403803,0.3445333700403803,86.84453337004038,70
S,200.0,1.3652249890782,4.0,2929.92,12009,12014,2026-01-21 21:00:00,2026-01-22 02:00:00,2929.92,2902.01,0.953,34.1,TP,5,2.24,-3.281,22.2,MILD_UP,0.04560340022935779,0.04560340022935779,0.04560340022935779,34.14560340022936,71
S,200.0,1.3669185214042354,4.0,2926.29,12053,12063,2026-01-23 17:00:00,2026-01-24 03:00:00,2926.29,2987.18,-2.081,-87.23,MH,10,1.233,-3.218,16.2,DOWN,0.20352057793315084,0.20352057793315084,0.20352057793315084,-87.02647942206686,72
S,200.0,1.8203993956274005,4.0,2197.32,12346,12348,2026-02-04 22:00:00,2026-02-05 00:00:00,2197.32,2150.44,2.134,81.34,TP,2,2.836,-1.288,16.2,DOWN,-0.23944396203745832,-0.23944396203745832,0.0,81.10055603796255,73
S,200.0,2.0536200186879423,4.0,1947.78,12507,12516,2026-02-11 15:00:00,2026-02-12 00:00:00,1947.78,1928.05,1.013,36.52,TP,9,2.39,-3.473,21.2,DOWN,-1.0073947026489205,-1.0073947026489205,-0.5192276615499508,35.51260529735108,74
L,200.0,2.030663011473246,4.0,1969.8,12530,12537,2026-02-12 14:00:00,2026-02-12 21:00:00,1969.8,1979.84,0.51,16.39,MFE,7,1.579,-0.691,7.1,DOWN,-0.08952040533622317,-0.08952040533622317,-0.08952040533622317,16.300479594663777,74
S,200.0,2.0539469157419625,4.0,1947.47,12540,12541,2026-02-13 00:00:00,2026-02-13 01:00:00,1947.47,1907.82,2.036,77.44,TP,1,2.757,-0.079,7.1,DOWN,0.0,-0.16413223336795676,0.0,77.44,74
S,200.0,2.0309929524544548,4.0,1969.48,12682,12688,2026-02-18 22:00:00,2026-02-19 04:00:00,1969.48,1939.82,1.506,56.24,TP,6,2.429,-2.047,19.2,DOWN,-0.034907921354578056,-0.034907921354578056,-0.034907921354578056,56.20509207864542,75
S,200.0,1.9008696478638976,4.0,2104.3,13036,13045,2026-03-05 16:00:00,2026-03-06 01:00:00,2104.3,2079.17,1.194,43.77,TP,9,2.317,-2.79,7.1,MILD_UP,-0.058016553471462624,-0.0914987736337908,-0.058016553471462624,43.71198344652854,76
S,200.0,1.730343300110742,4.0,2311.68,13351,13352,2026-03-18 19:00:00,2026-03-18 20:00:00,2311.68,2268.1,1.885,71.41,TP,1,2.149,-0.292,19.2,UP,0.0,0.0,0.0,71.41,77
S,200.0,1.8473446729507175,4.0,2165.27,13372,13378,2026-03-19 16:00:00,2026-03-19 22:00:00,2165.27,2136.67,1.321,48.83,TP,6,2.696,-1.234,11.1,UP,0.0,-0.03483953680935459,0.0,48.83,77
S,200.0,1.8880125364032416,4.0,2118.63,13538,13542,2026-03-26 14:00:00,2026-03-26 18:00:00,2118.63,2081.29,1.762,66.5,TP,4,2.154,-0.359,20.2,DOWN,0.028651371912942796,0.028651371912942796,0.028651371912942796,66.52865137191294,78
L,200.0,1.9404194216579915,4.0,2061.41,13637,13640,2026-03-30 17:00:00,2026-03-30 20:00:00,2061.41,2070.4,0.436,13.44,MFE,3,1.241,-0.728,23.2,DOWN,0.0,0.0,0.0,13.44,79
S,200.0,1.952124155096264,4.0,2049.05,13737,13747,2026-04-03 21:00:00,2026-04-04 07:00:00,2049.05,2051.09,-0.1,-7.98,MH,10,0.429,-0.583,14.1,DOWN,-0.0383435693542303,-0.0383435693542303,-0.0383435693542303,-8.018343569354231,80
S,200.0,1.9154427785412946,4.0,2088.29,13831,13841,2026-04-07 19:00:00,2026-04-08 05:00:00,2088.29,2114.57,-1.258,-54.34,MH,10,1.45,-1.748,28.3,MILD_UP,0.041063877151610174,0.041063877151610174,0.041063877151610174,-54.298936122848396,81
L,200.0,1.8691763474424994,4.0,2139.98,14836,14841,2026-05-19 16:00:00,2026-05-19 21:00:00,2139.98,2117.4,-1.055,-46.21,MH,5,0.022,-1.6,21.2,DOWN,0.0,-0.22748016284637518,0.0,-46.21,82
S,200.0,2.312780424626486,4.0,1729.52,15239,15242,2026-06-05 11:00:00,2026-06-05 14:00:00,1729.52,1683.37,2.668,102.73,TP,3,2.857,-1.011,3.0,DOWN,0.0,0.0,0.0,102.73,83
S,200.0,2.406738868832732,4.0,1662.0,15333,15343,2026-06-09 09:00:00,2026-06-09 19:00:00,1662.0,1673.69,-0.703,-32.13,MH,10,0.536,-2.046,22.2,DOWN,0.0014548938628158846,0.0014548938628158846,0.0014548938628158846,-32.12854510613719,84
L,200.0,2.3030993960121835,4.0,1736.79,15487,15490,2026-06-15 19:00:00,2026-06-15 22:00:00,1736.79,1813.3,4.405,172.21,TP,3,5.186,-0.21,20.2,SIDE,0.0,0.0,0.0,172.21,85
S,200.0,2.2668412134401015,4.0,1764.57,15533,15543,2026-06-17 17:00:00,2026-06-18 03:00:00,1764.57,1769.25,-0.265,-14.61,MH,10,1.372,-1.757,24.2,MILD_UP,-0.02961530043781318,-0.02961530043781318,-0.02961530043781318,-14.639615300437812,86
S,200.0,2.52641684614753,4.0,1583.27,15845,15849,2026-06-30 17:00:00,2026-06-30 21:00:00,1583.27,1551.81,1.987,75.48,TP,4,2.101,-0.202,16.2,DOWN,0.0,0.0,0.0,75.48,87
L,200.0,2.4351192904062384,4.0,1642.63,15894,15898,2026-07-02 18:00:00,2026-07-02 22:00:00,1642.63,1710.16,4.111,160.44,TP,4,4.338,-0.12,4.0,DOWN,0.0,0.0,0.0,160.44,88
L,200.0,2.33709020583922,4.0,1711.53,15910,15917,2026-07-03 10:00:00,2026-07-03 17:00:00,1711.53,1719.1,0.442,13.69,MFE,7,1.508,-0.948,3.0,DOWN,-0.40127838834259405,-0.40127838834259405,-0.40127838834259405,13.288721611657406,88
S,200.0,2.3136365739669613,4.0,1728.88,16043,16051,2026-07-08 23:00:00,2026-07-09 07:00:00,1728.88,1740.5,-0.672,-30.88,MH,8,0.95,-0.979,33.3,UP,0.18078535107253277,0.18078535107253277,0.18078535107253277,-30.699214648927466,89
L,200.0,2.126426699413638,4.0,1881.09,16195,16203,2026-07-15 07:00:00,2026-07-15 15:00:00,1881.09,1874.82,-0.333,-17.33,BE,8,0.607,-0.945,1.0,MILD_UP,-0.15415081383665855,-0.15415081383665855,-0.15415081383665855,-17.484150813836656,90
S,200.0,2.094339523851909,4.0,1909.91,16228,16233,2026-07-16 16:00:00,2026-07-16 21:00:00,1909.91,1871.73,1.999,75.96,TP,5,2.271,-0.119,12.1,MILD_UP,0.0,0.0,0.24316733515500374,75.96,91
S,200.0,2.1939326791757394,4.0,1823.21,16250,16260,2026-07-17 14:00:00,2026-07-18 00:00:00,1823.21,1830.2,-0.383,-19.34,MH,10,1.138,-1.066,33.3,MILD_UP,0.28945020661361004,0.191395711519792,0.28945020661361004,-19.05054979338639,91
S,200.0,2.0871489024205707,4.0,1916.49,16371,16381,2026-07-22 15:00:00,2026-07-23 01:00:00,1916.49,1949.0,-1.696,-71.85,MH,10,0.374,-2.205,26.3,MILD_UP,0.3187077370410133,0.3187077370410133,0.3187077370410133,-71.53129226295898,92
L,200.0,2.1108179419525066,4.0,1895.0,16420,16427,2026-07-24 16:00:00,2026-07-24 23:00:00,1895.0,1861.92,-1.746,-73.83,MH,7,0.0,-2.577,19.2,MILD_UP,0.0,-0.07103999999999999,0.0,-73.83,93
S,200.0,2.1151375103773935,4.0,1891.13,16548,16558,2026-07-30 00:00:00,2026-07-30 10:00:00,1891.13,1916.28,-1.33,-57.2,MH,10,1.104,-2.32,13.1,MILD_UP,0.15568234944516052,0.15568234944516052,0.24141725196867123,-57.044317650554845,94
L,200.0,1.7495210686074687,4.0,2286.34,17071,17072,2026-08-20 19:00:00,2026-08-20 20:00:00,2286.34,2295.6,0.405,12.2,MFE,1,1.419,-0.215,2.0,MILD_UP,0.0,0.0,0.0,12.2,95
S,200.0,1.6425418334873216,4.0,2435.25,17201,17209,2026-08-26 05:00:00,2026-08-26 13:00:00,2435.25,2455.77,-0.843,-37.7,MH,8,0.926,-1.509,27.3,UP,0.1260941206036341,0.1260941206036341,0.1260941206036341,-37.57390587939637,96
L,200.0,1.5954052329291641,4.0,2507.2,17490,17495,2026-09-07 06:00:00,2026-09-07 11:00:00,2507.2,2510.81,0.144,1.76,MFE,5,1.149,-0.863,23.2,SIDE,-0.2708064132272221,-0.2708064132272221,-0.2708064132272221,1.489193586772778,97
