bar,side,root_entry_bar,decision_ts,base_action,candidate_action
391,S,381,2024-09-24 19:00:00,CLOSE,HOLD
758,S,748,2024-10-10 02:00:00,EXTEND,HOLD
1061,S,1053,2024-10-22 17:00:00,EXTEND,HOLD
1304,S,1294,2024-11-01 20:00:00,CLOSE,HOLD
1402,L,1396,2024-11-05 22:00:00,CLOSE,HOLD
1434,L,1428,2024-11-07 06:00:00,EXTEND,HOLD
1742,S,1732,2024-11-20 02:00:00,EXTEND,HOLD
1934,L,1927,2024-11-28 02:00:00,EXTEND,HOLD
2125,L,2118,2024-12-06 01:00:00,CLOSE,HOLD
2266,L,2259,2024-12-11 22:00:00,EXTEND,HOLD
2631,S,2621,2024-12-27 03:00:00,EXTEND,HOLD
3076,L,3070,2025-01-14 16:00:00,EXTEND,HOLD
3155,L,3149,2025-01-17 23:00:00,EXTEND,HOLD
3278,S,3268,2025-01-23 02:00:00,EXTEND,HOLD
3414,L,3408,2025-01-28 18:00:00,CLOSE,HOLD
3462,L,3456,2025-01-30 18:00:00,EXTEND,HOLD
3793,L,3787,2025-02-13 13:00:00,CLOSE,HOLD
3810,S,3800,2025-02-14 06:00:00,CLOSE,HOLD
3974,L,3967,2025-02-21 02:00:00,CLOSE,HOLD
4140,L,4134,2025-02-28 00:00:00,CLOSE,HOLD
4496,L,4490,2025-03-14 20:00:00,EXTEND,HOLD
4597,S,4587,2025-03-19 01:00:00,EXTEND,HOLD
4956,S,4946,2025-04-03 00:00:00,CLOSE,HOLD
5002,L,4996,2025-04-04 22:00:00,CLOSE,HOLD
5312,L,5306,2025-04-17 20:00:00,CLOSE,HOLD
5342,L,5336,2025-04-19 02:00:00,EXTEND,HOLD
5676,S,5666,2025-05-03 00:00:00,CLOSE,HOLD
6115,S,6105,2025-05-21 07:00:00,CLOSE,HOLD
6296,S,6286,2025-05-28 20:00:00,CLOSE,HOLD
6468,L,6462,2025-06-05 00:00:00,EXTEND,HOLD
6657,S,6647,2025-06-12 21:00:00,EXTEND,HOLD
7281,L,7274,2025-07-08 21:00:00,EXTEND,HOLD
7446,S,7438,2025-07-15 18:00:00,EXTEND,HOLD
7687,S,7679,2025-07-25 19:00:00,CLOSE,HOLD
7830,L,7823,2025-07-31 18:00:00,EXTEND,HOLD
7958,S,7948,2025-08-06 02:00:00,EXTEND,HOLD
7976,L,7970,2025-08-06 20:00:00,CLOSE,HOLD
8031,L,8026,2025-08-09 03:00:00,EXTEND,HOLD
8652,L,8646,2025-09-04 00:00:00,EXTEND,HOLD
8676,S,8666,2025-09-05 00:00:00,EXTEND,HOLD
8840,L,8834,2025-09-11 20:00:00,EXTEND,HOLD
8972,S,8962,2025-09-17 08:00:00,CLOSE,HOLD
8980,L,8975,2025-09-17 16:00:00,EXTEND,HOLD
9034,S,9024,2025-09-19 22:00:00,EXTEND,HOLD
9323,L,9317,2025-10-01 23:00:00,EXTEND,HOLD
9338,L,9332,2025-10-02 14:00:00,EXTEND,HOLD
9352,L,9346,2025-10-03 04:00:00,EXTEND,HOLD
9467,S,9459,2025-10-07 23:00:00,EXTEND,HOLD
9488,S,9480,2025-10-08 20:00:00,CLOSE,HOLD
9680,L,9675,2025-10-16 20:00:00,EXTEND,HOLD
9768,L,9763,2025-10-20 12:00:00,EXTEND,HOLD
9832,S,9822,2025-10-23 04:00:00,EXTEND,HOLD
9969,S,9959,2025-10-28 21:00:00,CLOSE,HOLD
10448,L,10442,2025-11-17 20:00:00,EXTEND,HOLD
10477,L,10471,2025-11-19 01:00:00,EXTEND,HOLD
10500,S,10490,2025-11-20 00:00:00,EXTEND,HOLD
10810,L,10803,2025-12-02 22:00:00,EXTEND,HOLD
11062,S,11052,2025-12-13 10:00:00,CLOSE,HOLD
11344,S,11334,2025-12-25 04:00:00,CLOSE,HOLD
11367,S,11357,2025-12-26 03:00:00,CLOSE,HOLD
11533,L,11527,2026-01-02 01:00:00,CLOSE,HOLD
11701,S,11691,2026-01-09 01:00:00,CLOSE,HOLD
11816,L,11810,2026-01-13 20:00:00,EXTEND,HOLD
12063,S,12053,2026-01-24 03:00:00,CLOSE,HOLD
12137,L,12131,2026-01-27 05:00:00,CLOSE,HOLD
12536,L,12530,2026-02-12 20:00:00,EXTEND,HOLD
12563,L,12557,2026-02-13 23:00:00,EXTEND,HOLD
12716,S,12706,2026-02-20 08:00:00,CLOSE,HOLD
13163,L,13157,2026-03-10 23:00:00,EXTEND,HOLD
13682,L,13677,2026-04-01 14:00:00,EXTEND,HOLD
13747,S,13737,2026-04-04 07:00:00,CLOSE,HOLD
13841,S,13831,2026-04-08 05:00:00,CLOSE,HOLD
14002,L,13995,2026-04-14 22:00:00,EXTEND,HOLD
14200,L,14193,2026-04-23 04:00:00,CLOSE,HOLD
14850,S,14840,2026-05-20 06:00:00,CLOSE,HOLD
14917,S,14907,2026-05-23 01:00:00,EXTEND,HOLD
14989,L,14983,2026-05-26 01:00:00,EXTEND,HOLD
15395,L,15389,2026-06-11 23:00:00,CLOSE,HOLD
15543,S,15533,2026-06-18 03:00:00,CLOSE,HOLD
15574,S,15564,2026-06-19 10:00:00,CLOSE,HOLD
15699,L,15692,2026-06-24 15:00:00,EXTEND,HOLD
15729,L,15723,2026-06-25 21:00:00,CLOSE,HOLD
15916,L,15910,2026-07-03 16:00:00,EXTEND,HOLD
16051,S,16043,2026-07-09 07:00:00,CLOSE,HOLD
16202,L,16195,2026-07-15 14:00:00,EXTEND,HOLD
16260,S,16250,2026-07-18 00:00:00,CLOSE,HOLD
16348,L,16341,2026-07-21 16:00:00,EXTEND,HOLD
16381,S,16371,2026-07-23 01:00:00,CLOSE,HOLD
16436,S,16426,2026-07-25 08:00:00,CLOSE,HOLD
16558,S,16548,2026-07-30 10:00:00,CLOSE,HOLD
16573,L,16567,2026-07-31 01:00:00,EXTEND,HOLD
16880,L,16874,2026-08-12 20:00:00,EXTEND,HOLD
17263,S,17255,2026-08-28 19:00:00,CLOSE,HOLD
