name,side,origin_bar,outcome,matched_baseline,baseline_net
wait6,S,381,expired,True,-33.06697761076196
wait6,S,395,expired,False,
wait6,S,417,second_entry,True,60.30062107569949
wait6,L,555,expired,True,-118.87835224213303
wait6,S,562,expired,True,83.43868175993198
wait6,L,622,cross_blocked,False,
wait6,L,626,second_entry,False,
wait6,L,730,cross_blocked,False,
wait6,L,742,expired,False,
wait6,S,748,second_entry,True,30.184195827172665
wait6,L,790,second_entry,False,
wait6,L,883,expired,False,
wait6,S,890,second_entry,True,30.899750260145684
wait6,L,920,expired,False,
wait6,L,934,second_entry,False,
wait6,L,958,second_entry,False,
wait6,S,1053,expired,True,4.56132973810542
wait6,S,1065,cross_blocked,False,
wait6,S,1084,expired,True,92.57039151128552
wait6,L,1229,second_entry,False,
wait6,S,1277,second_entry,True,119.11
wait6,S,1294,expired,True,-26.319584650201666
wait6,L,1305,expired,True,35.7
wait6,L,1396,expired,True,-5.85
wait6,L,1428,expired,True,150.87
wait6,L,1471,second_entry,True,-19.5
wait6,S,1584,expired,True,79.16
wait6,S,1618,expired,True,109.26871198326111
wait6,S,1732,second_entry,True,-32.708625455419465
wait6,L,1784,expired,True,171.29
wait6,L,1876,expired,True,117.02
wait6,S,1900,expired,True,86.53
wait6,S,1908,cross_blocked,False,
wait6,L,1927,expired,True,145.74423707527825
wait6,S,2070,second_entry,True,67.74
wait6,L,2083,second_entry,True,12.434559852911391
wait6,L,2118,expired,True,-25.40629451882355
wait6,S,2128,second_entry,True,25.4
wait6,S,2241,second_entry,True,114.86800046183971
wait6,L,2259,second_entry,True,117.09032214101276
wait6,L,2279,expired,True,25.26
wait6,L,2579,expired,True,24.178519545118508
wait6,L,2598,expired,True,18.45
wait6,S,2621,expired,True,39.61048804353377
wait6,S,2910,expired,True,96.76
wait6,S,2931,second_entry,True,-9.929805066018863
wait6,L,3070,expired,True,128.91884421936194
wait6,L,3078,second_entry,False,
wait6,L,3149,expired,True,12.67829237499633
wait6,S,3268,second_entry,True,42.61885241412881
wait6,L,3408,expired,True,-11.361495806184626
wait6,L,3456,expired,True,21.671323681459864
wait6,L,3464,second_entry,False,
wait6,L,3568,second_entry,True,148.92
wait6,L,3608,expired,True,-22.32
wait6,S,3635,expired,True,57.80491671542466
wait6,L,3658,expired,True,-150.13304620269395
wait6,L,3725,second_entry,True,5.37
wait6,S,3754,cross_blocked,True,68.75002274953377
wait6,L,3787,expired,True,-38.370646
wait6,S,3800,expired,True,-20.379039543491245
wait6,L,3814,expired,True,20.1
wait6,L,3939,expired,True,3.9080765193054
wait6,L,3967,second_entry,True,-19.10307913903424
wait6,S,3972,expired,True,-46.725689097206086
wait6,L,3986,second_entry,True,33.095048655712
wait6,S,4113,expired,True,-8.57
wait6,L,4134,expired,True,-65.3080305389704
wait6,S,4139,cross_blocked,True,87.0323945055605
wait6,S,4144,second_entry,False,
wait6,S,4240,expired,True,95.66441467629858
wait6,L,4275,expired,True,84.18188921242474
wait6,L,4396,second_entry,True,47.64
wait6,L,4422,second_entry,True,-32.56
wait6,L,4490,expired,True,10.453194557132376
wait6,S,4587,second_entry,True,13.152595087481362
wait6,L,4615,expired,True,57.29
wait6,S,4634,expired,True,64.31182297414328
wait6,S,4644,expired,False,
wait6,S,4786,expired,True,51.58127157282073
wait6,S,4824,expired,True,121.48
wait6,L,4923,expired,True,29.685131122745357
wait6,S,4946,second_entry,True,-100.87719166278544
wait6,L,4996,expired,True,-38.23
wait6,L,5081,second_entry,True,43.72732161658876
wait6,L,5119,second_entry,True,-44.61
wait6,L,5164,second_entry,True,-7.09
wait6,L,5237,expired,True,86.52
wait6,L,5262,expired,True,-72.31
wait6,L,5306,expired,True,-18.697710294377117
wait6,L,5336,cross_blocked,True,3.1793970285887343
wait6,L,5434,expired,True,142.04400411870597
wait6,L,5442,expired,True,13.272545973940067
wait6,L,5493,second_entry,True,-19.05
wait6,S,5666,expired,True,-24.24351649480857
wait6,L,5790,expired,True,-61.414452234375
wait6,L,5835,expired,True,186.84080090782555
wait6,S,5974,second_entry,True,69.67268863439679
wait6,S,6105,expired,True,-55.41307763017488
wait6,L,6148,expired,True,41.48
wait6,L,6166,expired,True,40.91
wait6,S,6286,second_entry,True,-37.54973876459957
wait6,S,6324,expired,True,102.58773444623311
wait6,S,6333,second_entry,False,
wait6,L,6462,second_entry,True,-17.258781041231497
wait6,S,6647,second_entry,True,-13.152449101698666
wait6,L,7135,second_entry,True,171.4366108876791
wait6,S,7178,expired,True,77.84126456666174
wait6,S,7186,expired,False,
wait6,L,7274,expired,True,14.598468474864688
wait6,L,7305,expired,True,153.03961944791274
wait6,L,7319,second_entry,True,6.457374531951276
wait6,L,7346,second_entry,True,10.1947338460002
wait6,S,7438,expired,True,-0.1999032137732176
wait6,S,7618,expired,True,-65.72239703085592
wait6,S,7638,second_entry,True,73.53
wait6,S,7679,expired,True,-118.7880579376136
wait6,L,7779,expired,True,-3.3750996282391914
wait6,S,7808,expired,True,-6.16775802758338
wait6,L,7823,expired,True,-11.910136428037369
wait6,S,7835,expired,False,
wait6,S,7948,second_entry,True,42.104159480764565
wait6,L,7970,expired,True,-25.25810911720312
wait6,L,7996,expired,True,155.38
wait6,L,8026,expired,True,53.49459564149089
wait6,S,8167,second_entry,True,114.36
wait6,S,8195,expired,True,52.38533207335098
wait6,L,8309,second_entry,True,11.235773093488566
wait6,L,8357,second_entry,True,258.56
wait6,L,8503,expired,True,-108.70498856361512
wait6,L,8646,expired,True,106.13932753908308
wait6,S,8666,expired,True,67.33012066117392
wait6,L,8692,expired,True,19.76
wait6,L,8813,second_entry,True,60.12
wait6,L,8834,expired,True,2.1080313588061377
wait6,L,8851,expired,True,36.4154382598818
wait6,S,8962,expired,True,-28.80125801781819
wait6,L,8975,second_entry,True,-20.96498356164868
wait6,S,9024,expired,True,61.91382965079406
wait6,L,9155,expired,True,-31.256324779651557
wait6,S,9162,second_entry,True,37.53528688209362
wait6,L,9317,expired,True,26.470002936510344
wait6,L,9328,second_entry,False,
wait6,L,9346,second_entry,True,42.67997500770344
wait6,S,9459,second_entry,True,131.48734078306495
wait6,S,9480,second_entry,True,-42.81743330077919
wait6,S,9503,second_entry,True,72.62093198287823
wait6,S,9539,expired,True,161.52264982376084
wait6,S,9626,expired,True,61.79
wait6,L,9675,second_entry,True,8.39967720662908
wait6,S,9699,expired,True,112.89144457772612
wait6,L,9763,second_entry,True,36.43169057145151
wait6,S,9792,expired,True,69.64
wait6,S,9822,second_entry,True,93.17578202527356
wait6,L,9843,expired,True,-43.43649404600532
wait6,S,9959,expired,True,-29.194422356638327
wait6,L,9970,cross_blocked,True,-46.30077322158823
wait6,S,9996,cross_blocked,True,31.38
wait6,S,10017,expired,True,43.96717865205059
wait6,L,10040,second_entry,True,-50.91885369833189
wait6,L,10161,expired,True,135.42378202999805
wait6,S,10179,second_entry,True,94.95194227347687
wait6,S,10206,expired,True,45.97
wait6,S,10306,expired,True,63.50143455484156
wait6,L,10326,expired,True,17.68
wait6,S,10356,expired,True,150.92
wait6,L,10442,expired,True,-8.081466595094817
wait6,L,10471,second_entry,True,86.84972659898285
wait6,S,10490,expired,True,85.8514001074663
wait6,S,10524,expired,True,122.34
wait6,S,10637,second_entry,True,-77.41757411070347
wait6,S,10662,second_entry,True,-167.78402024567558
wait6,L,10677,cross_blocked,True,-1.36
wait6,L,10803,second_entry,True,271.35118790097727
wait6,L,10823,expired,True,31.53532623239785
wait6,L,10832,expired,False,
wait6,S,10858,cross_blocked,True,61.67965362546105
wait6,S,10882,expired,True,81.73582861091246
wait6,L,10949,second_entry,True,-6.1
wait6,S,11027,expired,True,-41.20485966989328
wait6,S,11052,expired,True,-21.185701402214985
wait6,L,11190,expired,True,152.77
wait6,L,11214,expired,True,8.530966530756556
wait6,S,11307,expired,True,53.48206728184744
wait6,S,11315,cross_blocked,False,
wait6,S,11334,second_entry,True,-40.47434393813037
wait6,L,11347,second_entry,True,-24.22000599256355
wait6,S,11357,expired,True,-42.76915523102394
wait6,L,11386,expired,True,-86.13519406250734
wait6,L,11472,second_entry,True,31.223258065334655
wait6,L,11483,expired,True,-54.72910389957265
wait6,L,11504,expired,True,-38.69031923025649
wait6,L,11527,second_entry,True,-6.967563437213013
wait6,L,11651,second_entry,True,-6.489692340089176
wait6,S,11670,second_entry,False,
wait6,S,11691,expired,True,-25.37950492548435
wait6,S,11699,expired,False,
wait6,S,11717,expired,False,
wait6,L,11810,second_entry,True,-0.1954359707156272
wait6,S,11892,expired,True,-35.80191220469256
wait6,S,11971,expired,True,86.84453337004038
wait6,S,12009,cross_blocked,True,34.14560340022936
wait6,S,12053,second_entry,True,-87.02647942206686
wait6,L,12131,cross_blocked,True,-33.122616705978864
wait6,L,12176,expired,False,
wait6,S,12203,expired,True,68.504161269521
wait6,S,12318,second_entry,True,84.89309727661998
wait6,S,12346,expired,True,81.10055603796255
wait6,L,12395,expired,True,174.53587356425035
wait6,S,12507,expired,True,35.51260529735108
wait6,L,12530,second_entry,True,16.300479594663777
wait6,S,12540,expired,True,77.44
wait6,L,12557,expired,True,149.8330174058244
wait6,L,12629,expired,True,-22.91
wait6,L,12675,expired,True,33.07253517570161
wait6,S,12682,cross_blocked,True,56.20509207864542
wait6,S,12706,expired,True,-62.7036096591622
wait6,S,12826,expired,True,-84.66124705779703
wait6,L,12835,second_entry,True,125.77774798619105
wait6,L,12848,expired,True,177.71939694253405
wait6,S,12875,expired,True,127.51566968578982
wait6,S,12895,expired,True,31.48
wait6,L,12971,expired,True,133.46868468381612
wait6,S,13036,expired,True,43.71198344652854
wait6,S,13062,expired,True,74.09
wait6,L,13157,second_entry,True,41.71195564497207
wait6,L,13220,expired,True,83.93
wait6,L,13231,second_entry,True,106.39
wait6,S,13351,expired,True,71.41
wait6,S,13372,second_entry,True,48.83
wait6,S,13538,expired,True,66.52865137191294
wait6,S,13566,expired,True,94.42
wait6,L,13637,second_entry,True,13.44
wait6,L,13677,cross_blocked,True,26.497242357905492
wait6,L,13682,expired,False,
wait6,S,13713,expired,True,-69.82605870102284
wait6,S,13737,cross_blocked,True,-8.018343569354231
wait6,S,13831,expired,True,-54.2989361228484
wait6,L,13850,expired,True,-0.7347229833096558
wait6,S,13859,expired,False,
wait6,S,13869,expired,False,
wait6,S,13882,expired,True,-49.54087045461809
wait6,L,13904,expired,False,
wait6,L,13995,expired,True,-38.23081445445885
wait6,S,14003,cross_blocked,False,
wait6,S,14050,cross_blocked,False,
wait6,S,14169,second_entry,False,
wait6,L,14183,expired,True,34.35
wait6,L,14192,cross_blocked,False,
wait6,S,14204,expired,False,
wait6,S,14213,expired,False,
wait6,L,14398,expired,True,12.94
wait6,L,14496,expired,True,-24.653667223106485
wait6,L,14836,expired,True,-46.21
wait6,S,14840,second_entry,True,-15.726505170115749
wait6,S,14907,second_entry,True,7.98089591431054
wait6,L,14983,second_entry,True,14.409430761640571
wait6,S,15034,cross_blocked,True,80.84472139746285
wait6,S,15178,expired,True,62.44
wait6,S,15208,second_entry,True,92.2477447406528
wait6,S,15239,expired,True,102.73
wait6,S,15333,expired,True,-32.12854510613719
wait6,L,15389,expired,True,-45.13
wait6,L,15487,expired,True,172.21
wait6,S,15533,expired,True,-14.639615300437812
wait6,S,15564,expired,True,-78.87344448537709
wait6,L,15652,expired,True,14.28
wait6,S,15674,expired,True,148.7931589567837
wait6,L,15692,cross_blocked,True,10.701217234727928
wait6,L,15704,expired,False,
wait6,L,15723,expired,True,-48.45162021035141
wait6,S,15730,expired,True,-82.370157490192
wait6,S,15743,expired,False,
wait6,S,15845,expired,True,75.48
wait6,L,15894,expired,True,160.44
wait6,L,15910,second_entry,True,13.288721611657406
wait6,S,16043,cross_blocked,True,-30.699214648927462
wait6,L,16183,expired,True,131.9
wait6,L,16195,expired,True,-17.484150813836656
wait6,S,16228,expired,True,75.96
wait6,S,16250,expired,True,-19.05054979338639
wait6,L,16341,second_entry,True,52.36329893309847
wait6,S,16371,second_entry,True,-71.53129226295898
wait6,S,16396,second_entry,True,72.9212869674764
wait6,L,16420,expired,True,-73.83
wait6,S,16426,expired,True,-11.774269760284156
wait6,S,16548,second_entry,True,-57.044317650554845
wait6,L,16567,second_entry,True,0.9103785384182008
wait6,L,16874,second_entry,True,16.188383034854816
wait6,L,17012,expired,True,-41.91
wait6,L,17071,second_entry,True,12.2
wait6,L,17086,cross_blocked,True,17.30788007891263
wait6,S,17201,expired,True,-37.57390587939637
wait6,S,17255,second_entry,True,-27.695329760997605
wait6,L,17490,second_entry,True,1.489193586772778
wait12,S,381,second_entry,True,-33.06697761076196
wait12,S,417,second_entry,True,60.30062107569949
wait12,L,555,expired,True,-118.87835224213303
wait12,S,562,expired,True,83.43868175993198
wait12,L,622,cross_blocked,False,
wait12,L,626,second_entry,False,
wait12,L,730,cross_blocked,False,
wait12,L,742,expired,False,
wait12,S,748,second_entry,True,30.184195827172665
wait12,L,790,second_entry,False,
wait12,L,883,expired,False,
wait12,S,890,second_entry,True,30.899750260145684
wait12,L,920,expired,False,
wait12,L,934,second_entry,False,
wait12,L,958,second_entry,False,
wait12,S,1053,expired,True,4.56132973810542
wait12,S,1084,expired,True,92.57039151128552
wait12,L,1229,second_entry,False,
wait12,S,1277,second_entry,True,119.11
wait12,S,1294,expired,True,-26.319584650201666
wait12,L,1305,expired,True,35.7
wait12,L,1396,expired,True,-5.85
wait12,L,1428,expired,True,150.87
wait12,L,1471,second_entry,True,-19.5
wait12,S,1584,expired,True,79.16
wait12,S,1618,expired,True,109.26871198326111
wait12,S,1732,second_entry,True,-32.708625455419465
wait12,L,1784,expired,True,171.29
wait12,L,1876,expired,True,117.02
wait12,S,1900,expired,True,86.53
wait12,L,1927,expired,True,145.74423707527825
wait12,S,2070,second_entry,True,67.74
wait12,L,2083,second_entry,True,12.434559852911391
wait12,L,2118,cross_blocked,True,-25.40629451882355
wait12,S,2128,second_entry,True,25.4
wait12,S,2241,second_entry,True,114.86800046183971
wait12,L,2259,second_entry,True,117.09032214101276
wait12,L,2279,expired,True,25.26
wait12,L,2579,second_entry,True,24.178519545118508
wait12,L,2598,expired,True,18.45
wait12,S,2621,expired,True,39.61048804353377
wait12,S,2910,expired,True,96.76
wait12,S,2931,second_entry,True,-9.929805066018863
wait12,L,3070,expired,True,128.91884421936194
wait12,L,3149,expired,True,12.67829237499633
wait12,S,3268,second_entry,True,42.61885241412881
wait12,L,3408,expired,True,-11.361495806184626
wait12,L,3456,expired,True,21.671323681459864
wait12,L,3568,second_entry,True,148.92
wait12,L,3608,second_entry,True,-22.32
wait12,S,3635,expired,True,57.80491671542466
wait12,L,3658,expired,True,-150.13304620269395
wait12,L,3725,second_entry,True,5.37
wait12,S,3754,cross_blocked,True,68.75002274953377
wait12,L,3787,second_entry,True,-38.370646
wait12,S,3800,expired,True,-20.379039543491245
wait12,L,3814,expired,True,20.1
wait12,L,3939,second_entry,True,3.9080765193054
wait12,L,3967,second_entry,True,-19.10307913903424
wait12,S,3972,expired,True,-46.725689097206086
wait12,L,3986,second_entry,True,33.095048655712
wait12,S,4113,expired,True,-8.57
wait12,L,4134,expired,True,-65.3080305389704
wait12,S,4139,cross_blocked,True,87.0323945055605
wait12,S,4144,second_entry,False,
wait12,S,4240,expired,True,95.66441467629858
wait12,L,4275,cross_blocked,True,84.18188921242474
wait12,L,4396,second_entry,True,47.64
wait12,L,4422,second_entry,True,-32.56
wait12,L,4490,expired,True,10.453194557132376
wait12,S,4587,second_entry,True,13.152595087481362
wait12,L,4615,expired,True,57.29
wait12,S,4634,expired,True,64.31182297414328
wait12,S,4786,expired,True,51.58127157282073
wait12,S,4824,expired,True,121.48
wait12,L,4923,expired,True,29.685131122745357
wait12,S,4946,second_entry,True,-100.87719166278544
wait12,L,4996,cross_blocked,True,-38.23
wait12,L,5081,second_entry,True,43.72732161658876
wait12,L,5119,second_entry,True,-44.61
wait12,L,5164,second_entry,True,-7.09
wait12,L,5237,cross_blocked,True,86.52
wait12,L,5262,expired,True,-72.31
wait12,L,5306,cross_blocked,True,-18.697710294377117
wait12,L,5336,cross_blocked,True,3.1793970285887343
wait12,L,5434,expired,True,142.04400411870597
wait12,L,5493,second_entry,True,-19.05
wait12,S,5666,second_entry,True,-24.24351649480857
wait12,L,5790,expired,True,-61.414452234375
wait12,L,5835,expired,True,186.84080090782555
wait12,S,5974,second_entry,True,69.67268863439679
wait12,S,6105,expired,True,-55.41307763017488
wait12,L,6148,expired,True,41.48
wait12,L,6166,second_entry,True,40.91
wait12,S,6286,second_entry,True,-37.54973876459957
wait12,S,6324,second_entry,True,102.58773444623311
wait12,L,6462,second_entry,True,-17.258781041231497
wait12,S,6647,second_entry,True,-13.152449101698666
wait12,L,7135,second_entry,True,171.4366108876791
wait12,S,7178,expired,True,77.84126456666174
wait12,L,7274,expired,True,14.598468474864688
wait12,L,7305,expired,True,153.03961944791274
wait12,L,7319,second_entry,True,6.457374531951276
wait12,L,7346,second_entry,True,10.1947338460002
wait12,S,7438,expired,True,-0.1999032137732176
wait12,S,7618,expired,True,-65.72239703085592
wait12,S,7638,second_entry,True,73.53
wait12,S,7679,second_entry,True,-118.7880579376136
wait12,L,7779,expired,True,-3.3750996282391914
wait12,S,7808,cross_blocked,True,-6.16775802758338
wait12,L,7823,expired,True,-11.910136428037369
wait12,S,7835,expired,False,
wait12,S,7948,second_entry,True,42.104159480764565
wait12,L,7970,second_entry,True,-25.25810911720312
wait12,L,7996,expired,True,155.38
wait12,L,8026,expired,True,53.49459564149089
wait12,S,8167,second_entry,True,114.36
wait12,S,8195,expired,True,52.38533207335098
wait12,L,8309,second_entry,True,11.235773093488566
wait12,L,8357,second_entry,True,258.56
wait12,L,8503,expired,True,-108.70498856361512
wait12,L,8646,expired,True,106.13932753908308
wait12,S,8666,second_entry,True,67.33012066117392
wait12,L,8692,expired,True,19.76
wait12,L,8813,second_entry,True,60.12
wait12,L,8834,expired,True,2.1080313588061377
wait12,L,8851,expired,True,36.4154382598818
wait12,S,8962,expired,True,-28.80125801781819
wait12,L,8975,second_entry,True,-20.96498356164868
wait12,S,9024,expired,True,61.91382965079406
wait12,L,9155,expired,True,-31.256324779651557
wait12,S,9162,second_entry,True,37.53528688209362
wait12,L,9317,expired,True,26.470002936510344
wait12,L,9332,expired,True,21.46790377159957
wait12,L,9346,second_entry,True,42.67997500770344
wait12,S,9459,second_entry,True,131.48734078306495
wait12,S,9480,second_entry,True,-42.81743330077919
wait12,S,9503,second_entry,True,72.62093198287823
wait12,S,9539,expired,True,161.52264982376084
wait12,S,9626,expired,True,61.79
wait12,L,9675,second_entry,True,8.39967720662908
wait12,S,9699,expired,True,112.89144457772612
wait12,L,9763,second_entry,True,36.43169057145151
wait12,S,9792,expired,True,69.64
wait12,S,9822,second_entry,True,93.17578202527356
wait12,L,9843,expired,True,-43.43649404600532
wait12,S,9959,second_entry,True,-29.194422356638327
wait12,L,9970,cross_blocked,True,-46.30077322158823
wait12,S,9996,cross_blocked,True,31.38
wait12,S,10017,expired,True,43.96717865205059
wait12,L,10040,second_entry,True,-50.91885369833189
wait12,L,10161,expired,True,135.42378202999805
wait12,S,10179,second_entry,True,94.95194227347687
wait12,S,10206,expired,True,45.97
wait12,S,10306,expired,True,63.50143455484156
wait12,L,10326,expired,True,17.68
wait12,S,10356,expired,True,150.92
wait12,L,10442,expired,True,-8.081466595094817
wait12,L,10471,second_entry,True,86.84972659898285
wait12,S,10490,second_entry,True,85.8514001074663
wait12,S,10524,expired,True,122.34
wait12,S,10637,second_entry,True,-77.41757411070347
wait12,S,10662,second_entry,True,-167.78402024567558
wait12,L,10677,cross_blocked,True,-1.36
wait12,L,10803,second_entry,True,271.35118790097727
wait12,L,10823,expired,True,31.53532623239785
wait12,S,10858,cross_blocked,True,61.67965362546105
wait12,S,10882,expired,True,81.73582861091246
wait12,L,10949,second_entry,True,-6.1
wait12,S,11027,second_entry,True,-41.20485966989328
wait12,L,11190,expired,True,152.77
wait12,L,11214,cross_blocked,True,8.530966530756556
wait12,S,11307,expired,True,53.48206728184744
wait12,S,11334,second_entry,True,-40.47434393813037
wait12,L,11347,second_entry,True,-24.22000599256355
wait12,L,11386,expired,True,-86.13519406250734
wait12,L,11472,second_entry,True,31.223258065334655
wait12,L,11483,expired,True,-54.72910389957265
wait12,L,11504,second_entry,True,-38.69031923025649
wait12,L,11527,second_entry,True,-6.967563437213013
wait12,L,11651,second_entry,True,-6.489692340089176
wait12,S,11670,second_entry,False,
wait12,S,11691,expired,True,-25.37950492548435
wait12,S,11717,cross_blocked,False,
wait12,L,11810,second_entry,True,-0.1954359707156272
wait12,S,11892,expired,True,-35.80191220469256
wait12,S,11971,expired,True,86.84453337004038
wait12,S,12009,cross_blocked,True,34.14560340022936
wait12,S,12053,second_entry,True,-87.02647942206686
wait12,L,12131,cross_blocked,True,-33.122616705978864
wait12,L,12176,expired,False,
wait12,S,12203,expired,True,68.504161269521
wait12,S,12318,second_entry,True,84.89309727661998
wait12,S,12346,expired,True,81.10055603796255
wait12,L,12395,expired,True,174.53587356425035
wait12,S,12507,expired,True,35.51260529735108
wait12,L,12530,second_entry,True,16.300479594663777
wait12,S,12540,expired,True,77.44
wait12,L,12557,expired,True,149.8330174058244
wait12,L,12629,cross_blocked,True,-22.91
wait12,L,12675,expired,True,33.07253517570161
wait12,S,12682,cross_blocked,True,56.20509207864542
wait12,S,12706,second_entry,True,-62.7036096591622
wait12,S,12826,expired,True,-84.66124705779703
wait12,L,12835,second_entry,True,125.77774798619105
wait12,L,12848,expired,True,177.71939694253405
wait12,S,12875,expired,True,127.51566968578982
wait12,S,12895,expired,True,31.48
wait12,L,12971,expired,True,133.46868468381612
wait12,S,13036,second_entry,True,43.71198344652854
wait12,S,13062,expired,True,74.09
wait12,L,13157,second_entry,True,41.71195564497207
wait12,L,13220,expired,True,83.93
wait12,S,13351,expired,True,71.41
wait12,S,13372,second_entry,True,48.83
wait12,S,13538,expired,True,66.52865137191294
wait12,S,13566,expired,True,94.42
wait12,L,13637,second_entry,True,13.44
wait12,L,13677,cross_blocked,True,26.497242357905492
wait12,L,13682,expired,False,
wait12,S,13713,expired,True,-69.82605870102284
wait12,S,13737,cross_blocked,True,-8.018343569354231
wait12,S,13831,cross_blocked,True,-54.2989361228484
wait12,L,13850,expired,True,-0.7347229833096558
wait12,S,13859,expired,False,
wait12,S,13882,expired,True,-49.54087045461809
wait12,L,13904,expired,False,
wait12,L,13995,expired,True,-38.23081445445885
wait12,S,14003,cross_blocked,False,
wait12,S,14050,cross_blocked,False,
wait12,S,14169,second_entry,False,
wait12,L,14183,expired,True,34.35
wait12,S,14204,expired,False,
wait12,L,14398,expired,True,12.94
wait12,L,14496,second_entry,True,-24.653667223106485
wait12,L,14836,expired,True,-46.21
wait12,S,14840,second_entry,True,-15.726505170115749
wait12,S,14907,second_entry,True,7.98089591431054
wait12,L,14983,second_entry,True,14.409430761640571
wait12,S,15034,cross_blocked,True,80.84472139746285
wait12,S,15178,expired,True,62.44
wait12,S,15208,second_entry,True,92.2477447406528
wait12,S,15239,expired,True,102.73
wait12,S,15333,second_entry,True,-32.12854510613719
wait12,L,15389,cross_blocked,True,-45.13
wait12,L,15487,expired,True,172.21
wait12,S,15533,cross_blocked,True,-14.639615300437812
wait12,S,15564,expired,True,-78.87344448537709
wait12,L,15652,expired,True,14.28
wait12,S,15674,expired,True,148.7931589567837
wait12,L,15692,cross_blocked,True,10.701217234727928
wait12,L,15704,expired,False,
wait12,L,15723,expired,True,-48.45162021035141
wait12,S,15730,expired,True,-82.370157490192
wait12,S,15845,expired,True,75.48
wait12,L,15894,expired,True,160.44
wait12,L,15910,second_entry,True,13.288721611657406
wait12,S,16043,cross_blocked,True,-30.699214648927462
wait12,L,16183,expired,True,131.9
wait12,S,16228,expired,True,75.96
wait12,S,16250,expired,True,-19.05054979338639
wait12,L,16341,second_entry,True,52.36329893309847
wait12,S,16371,second_entry,True,-71.53129226295898
wait12,S,16396,second_entry,True,72.9212869674764
wait12,L,16420,expired,True,-73.83
wait12,S,16426,expired,True,-11.774269760284156
wait12,S,16548,second_entry,True,-57.044317650554845
wait12,L,16567,second_entry,True,0.9103785384182008
wait12,L,16874,second_entry,True,16.188383034854816
wait12,L,17012,expired,True,-41.91
wait12,L,17071,second_entry,True,12.2
wait12,L,17086,cross_blocked,True,17.30788007891263
wait12,S,17201,cross_blocked,True,-37.57390587939637
wait12,S,17255,second_entry,True,-27.695329760997605
wait12,L,17490,second_entry,True,1.489193586772778
wait24,S,381,second_entry,True,-33.06697761076196
wait24,S,417,second_entry,True,60.30062107569949
wait24,L,555,expired,True,-118.87835224213303
wait24,S,562,expired,True,83.43868175993198
wait24,L,622,cross_blocked,False,
wait24,L,626,second_entry,False,
wait24,L,730,cross_blocked,False,
wait24,L,742,second_entry,False,
wait24,S,748,second_entry,True,30.184195827172665
wait24,S,890,second_entry,True,30.899750260145684
wait24,S,1053,expired,True,4.56132973810542
wait24,S,1084,expired,True,92.57039151128552
wait24,S,1277,second_entry,True,119.11
wait24,S,1294,cross_blocked,True,-26.319584650201666
wait24,L,1305,expired,True,35.7
wait24,L,1396,second_entry,True,-5.85
wait24,L,1428,expired,True,150.87
wait24,L,1471,second_entry,True,-19.5
wait24,S,1584,second_entry,True,79.16
wait24,S,1618,expired,True,109.26871198326111
wait24,S,1732,second_entry,True,-32.708625455419465
wait24,L,1784,expired,True,171.29
wait24,L,1876,expired,True,117.02
wait24,S,1900,expired,True,86.53
wait24,L,1927,expired,True,145.74423707527825
wait24,S,2070,second_entry,True,67.74
wait24,L,2083,second_entry,True,12.434559852911391
wait24,L,2118,cross_blocked,True,-25.40629451882355
wait24,S,2128,second_entry,True,25.4
wait24,S,2241,second_entry,True,114.86800046183971
wait24,L,2259,second_entry,True,117.09032214101276
wait24,L,2279,expired,True,25.26
wait24,L,2579,second_entry,True,24.178519545118508
wait24,L,2598,second_entry,True,18.45
wait24,S,2621,expired,True,39.61048804353377
wait24,S,2910,expired,True,96.76
wait24,L,3070,expired,True,128.91884421936194
wait24,L,3149,expired,True,12.67829237499633
wait24,S,3268,second_entry,True,42.61885241412881
wait24,L,3408,expired,True,-11.361495806184626
wait24,L,3456,expired,True,21.671323681459864
wait24,L,3568,second_entry,True,148.92
wait24,L,3608,second_entry,True,-22.32
wait24,S,3635,expired,True,57.80491671542466
wait24,L,3658,expired,True,-150.13304620269395
wait24,L,3725,second_entry,True,5.37
wait24,S,3754,cross_blocked,True,68.75002274953377
wait24,L,3787,second_entry,True,-38.370646
wait24,S,3800,expired,True,-20.379039543491245
wait24,L,3814,expired,True,20.1
wait24,L,3939,second_entry,True,3.9080765193054
wait24,L,3967,second_entry,True,-19.10307913903424
wait24,S,3972,expired,True,-46.725689097206086
wait24,L,3986,second_entry,True,33.095048655712
wait24,S,4113,expired,True,-8.57
wait24,L,4134,expired,True,-65.3080305389704
wait24,S,4139,cross_blocked,True,87.0323945055605
wait24,S,4144,second_entry,False,
wait24,S,4240,expired,True,95.66441467629858
wait24,L,4275,cross_blocked,True,84.18188921242474
wait24,L,4396,second_entry,True,47.64
wait24,L,4422,second_entry,True,-32.56
wait24,L,4490,expired,True,10.453194557132376
wait24,S,4587,second_entry,True,13.152595087481362
wait24,L,4615,expired,True,57.29
wait24,S,4634,expired,True,64.31182297414328
wait24,S,4786,expired,True,51.58127157282073
wait24,S,4824,expired,True,121.48
wait24,L,4923,expired,True,29.685131122745357
wait24,S,4946,second_entry,True,-100.87719166278544
wait24,L,4996,cross_blocked,True,-38.23
wait24,L,5081,second_entry,True,43.72732161658876
wait24,L,5119,second_entry,True,-44.61
wait24,L,5164,second_entry,True,-7.09
wait24,L,5237,cross_blocked,True,86.52
wait24,L,5262,expired,True,-72.31
wait24,L,5306,cross_blocked,True,-18.697710294377117
wait24,L,5336,cross_blocked,True,3.1793970285887343
wait24,L,5434,expired,True,142.04400411870597
wait24,L,5493,second_entry,True,-19.05
wait24,S,5666,second_entry,True,-24.24351649480857
wait24,L,5790,second_entry,True,-61.414452234375
wait24,L,5835,expired,True,186.84080090782555
wait24,S,5974,second_entry,True,69.67268863439679
wait24,S,6105,expired,True,-55.41307763017488
wait24,L,6148,expired,True,41.48
wait24,S,6286,second_entry,True,-37.54973876459957
wait24,S,6324,second_entry,True,102.58773444623311
wait24,L,6462,second_entry,True,-17.258781041231497
wait24,S,6647,second_entry,True,-13.152449101698666
wait24,L,7135,second_entry,True,171.4366108876791
wait24,S,7178,expired,True,77.84126456666174
wait24,L,7274,expired,True,14.598468474864688
wait24,L,7305,expired,True,153.03961944791274
wait24,L,7346,second_entry,True,10.1947338460002
wait24,S,7438,second_entry,True,-0.1999032137732176
wait24,L,7779,second_entry,True,-3.3750996282391914
wait24,L,7823,expired,True,-11.910136428037369
wait24,S,7840,expired,False,
wait24,S,7948,second_entry,True,42.104159480764565
wait24,L,7970,second_entry,True,-25.25810911720312
wait24,L,7996,expired,True,155.38
wait24,L,8026,expired,True,53.49459564149089
wait24,S,8167,second_entry,True,114.36
wait24,S,8195,expired,True,52.38533207335098
wait24,L,8309,second_entry,True,11.235773093488566
wait24,L,8357,second_entry,True,258.56
wait24,L,8503,expired,True,-108.70498856361512
wait24,L,8646,expired,True,106.13932753908308
wait24,S,8666,second_entry,True,67.33012066117392
wait24,L,8692,expired,True,19.76
wait24,L,8813,second_entry,True,60.12
wait24,L,8834,expired,True,2.1080313588061377
wait24,S,8962,second_entry,True,-28.80125801781819
wait24,L,8975,second_entry,True,-20.96498356164868
wait24,S,9024,expired,True,61.91382965079406
wait24,L,9155,expired,True,-31.256324779651557
wait24,S,9162,second_entry,True,37.53528688209362
wait24,L,9317,expired,True,26.470002936510344
wait24,L,9345,second_entry,False,
wait24,S,9459,second_entry,True,131.48734078306495
wait24,S,9480,second_entry,True,-42.81743330077919
wait24,S,9503,second_entry,True,72.62093198287823
wait24,S,9539,expired,True,161.52264982376084
wait24,S,9626,second_entry,True,61.79
wait24,L,9675,second_entry,True,8.39967720662908
wait24,S,9699,cross_blocked,True,112.89144457772612
wait24,L,9763,second_entry,True,36.43169057145151
wait24,S,9792,second_entry,True,69.64
wait24,S,9822,second_entry,True,93.17578202527356
wait24,L,9843,second_entry,True,-43.43649404600532
wait24,S,9959,second_entry,True,-29.194422356638327
wait24,L,9970,cross_blocked,True,-46.30077322158823
wait24,S,9996,cross_blocked,True,31.38
wait24,S,10017,cross_blocked,True,43.96717865205059
wait24,L,10040,second_entry,True,-50.91885369833189
wait24,L,10161,expired,True,135.42378202999805
wait24,S,10179,second_entry,True,94.95194227347687
wait24,S,10206,expired,True,45.97
wait24,S,10306,expired,True,63.50143455484156
wait24,L,10326,cross_blocked,True,17.68
wait24,S,10356,expired,True,150.92
wait24,L,10442,expired,True,-8.081466595094817
wait24,L,10471,second_entry,True,86.84972659898285
wait24,S,10490,second_entry,True,85.8514001074663
wait24,S,10524,expired,True,122.34
wait24,S,10637,second_entry,True,-77.41757411070347
wait24,S,10662,second_entry,True,-167.78402024567558
wait24,L,10677,cross_blocked,True,-1.36
wait24,L,10803,second_entry,True,271.35118790097727
wait24,L,10823,expired,True,31.53532623239785
wait24,S,10858,cross_blocked,True,61.67965362546105
wait24,S,10882,expired,True,81.73582861091246
wait24,L,10949,second_entry,True,-6.1
wait24,S,11027,second_entry,True,-41.20485966989328
wait24,L,11190,second_entry,True,152.77
wait24,L,11219,cross_blocked,False,
wait24,S,11307,expired,True,53.48206728184744
wait24,S,11334,second_entry,True,-40.47434393813037
wait24,L,11347,second_entry,True,-24.22000599256355
wait24,S,11357,second_entry,True,-42.76915523102394
wait24,L,11386,expired,True,-86.13519406250734
wait24,L,11472,second_entry,True,31.223258065334655
wait24,L,11483,second_entry,True,-54.72910389957265
wait24,L,11527,second_entry,True,-6.967563437213013
wait24,L,11651,second_entry,True,-6.489692340089176
wait24,S,11670,second_entry,False,
wait24,S,11691,expired,True,-25.37950492548435
wait24,S,11717,cross_blocked,False,
wait24,L,11810,second_entry,True,-0.1954359707156272
wait24,S,11892,expired,True,-35.80191220469256
wait24,S,11971,expired,True,86.84453337004038
wait24,S,12009,cross_blocked,True,34.14560340022936
wait24,S,12053,second_entry,True,-87.02647942206686
wait24,L,12131,cross_blocked,True,-33.122616705978864
wait24,L,12176,expired,False,
wait24,S,12203,expired,True,68.504161269521
wait24,S,12318,second_entry,True,84.89309727661998
wait24,S,12346,expired,True,81.10055603796255
wait24,L,12395,expired,True,174.53587356425035
wait24,S,12507,expired,True,35.51260529735108
wait24,L,12530,second_entry,True,16.300479594663777
wait24,S,12540,expired,True,77.44
wait24,L,12557,expired,True,149.8330174058244
wait24,L,12629,cross_blocked,True,-22.91
wait24,L,12675,expired,True,33.07253517570161
wait24,S,12682,cross_blocked,True,56.20509207864542
wait24,S,12706,second_entry,True,-62.7036096591622
wait24,S,12826,expired,True,-84.66124705779703
wait24,L,12835,second_entry,True,125.77774798619105
wait24,L,12848,expired,True,177.71939694253405
wait24,S,12875,expired,True,127.51566968578982
wait24,L,12971,expired,True,133.46868468381612
wait24,S,13036,second_entry,True,43.71198344652854
wait24,S,13062,expired,True,74.09
wait24,L,13157,second_entry,True,41.71195564497207
wait24,L,13220,expired,True,83.93
wait24,S,13351,expired,True,71.41
wait24,S,13377,second_entry,False,
wait24,S,13538,expired,True,66.52865137191294
wait24,S,13566,expired,True,94.42
wait24,L,13637,second_entry,True,13.44
wait24,L,13677,cross_blocked,True,26.497242357905492
wait24,L,13682,expired,False,
wait24,S,13713,expired,True,-69.82605870102284
wait24,S,13831,cross_blocked,True,-54.2989361228484
wait24,L,13850,expired,True,-0.7347229833096558
wait24,S,13859,expired,False,
wait24,L,13904,expired,False,
wait24,L,13995,expired,True,-38.23081445445885
wait24,S,14003,cross_blocked,False,
wait24,S,14050,cross_blocked,False,
wait24,S,14169,second_entry,False,
wait24,L,14183,expired,True,34.35
wait24,S,14204,expired,False,
wait24,L,14398,expired,True,12.94
wait24,L,14496,second_entry,True,-24.653667223106485
wait24,L,14836,expired,True,-46.21
wait24,S,14840,second_entry,True,-15.726505170115749
wait24,S,14907,second_entry,True,7.98089591431054
wait24,L,14983,second_entry,True,14.409430761640571
wait24,S,15034,cross_blocked,True,80.84472139746285
wait24,S,15178,expired,True,62.44
wait24,S,15208,second_entry,True,92.2477447406528
wait24,S,15239,expired,True,102.73
wait24,S,15333,second_entry,True,-32.12854510613719
wait24,L,15389,cross_blocked,True,-45.13
wait24,L,15487,expired,True,172.21
wait24,S,15533,cross_blocked,True,-14.639615300437812
wait24,S,15564,expired,True,-78.87344448537709
wait24,L,15652,expired,True,14.28
wait24,S,15674,expired,True,148.7931589567837
wait24,L,15692,cross_blocked,True,10.701217234727928
wait24,L,15704,expired,False,
wait24,S,15730,expired,True,-82.370157490192
wait24,S,15845,second_entry,True,75.48
wait24,L,15894,expired,True,160.44
wait24,S,16043,cross_blocked,True,-30.699214648927462
wait24,L,16183,expired,True,131.9
wait24,S,16228,expired,True,75.96
wait24,L,16341,second_entry,True,52.36329893309847
wait24,S,16371,second_entry,True,-71.53129226295898
wait24,S,16396,second_entry,True,72.9212869674764
wait24,L,16420,expired,True,-73.83
wait24,S,16426,expired,True,-11.774269760284156
wait24,S,16548,second_entry,True,-57.044317650554845
wait24,L,16567,second_entry,True,0.9103785384182008
wait24,L,16874,second_entry,True,16.188383034854816
wait24,L,17012,second_entry,True,-41.91
wait24,L,17071,second_entry,True,12.2
wait24,L,17086,cross_blocked,True,17.30788007891263
wait24,S,17201,cross_blocked,True,-37.57390587939637
wait24,S,17255,second_entry,True,-27.695329760997605
wait24,L,17490,second_entry,True,1.489193586772778
