family,length,side,potential,after_regime,blocked,valid_after_common_start
fixed_joint,10,L,338,338,0,17009
fixed_joint,10,S,360,21,339,17009
fixed_joint,20,L,338,338,0,17009
fixed_joint,20,S,360,92,268,17009
fixed_joint,24,L,338,338,0,17009
fixed_joint,24,S,360,128,232,17009
fixed_joint,30,L,338,332,6,17009
fixed_joint,30,S,360,174,186,17009
fixed_joint,40,L,338,326,12,17009
fixed_joint,40,S,360,219,141,17009
fixed_joint,50,L,338,321,17,17009
fixed_joint,50,S,360,235,125,17009
fixed_joint,75,L,338,317,21,17009
fixed_joint,75,S,360,262,98,17009
fixed_joint,100,L,338,304,34,17009
fixed_joint,100,S,360,279,81,17009
fixed_joint,125,L,338,290,48,17009
fixed_joint,125,S,360,288,72,17009
fixed_joint,150,L,338,278,60,17009
fixed_joint,150,S,360,291,69,17009
fixed_joint,200,L,338,257,81,17009
fixed_joint,200,S,360,305,55,17009
fixed_joint,250,L,338,241,97,17009
fixed_joint,250,S,360,315,45,17009
fixed_joint,300,L,338,250,88,17009
fixed_joint,300,S,360,305,55,17009
fixed_gate_only,10,L,338,338,0,17009
fixed_gate_only,10,S,360,21,339,17009
fixed_gate_only,20,L,338,338,0,17009
fixed_gate_only,20,S,360,92,268,17009
fixed_gate_only,24,L,338,338,0,17009
fixed_gate_only,24,S,360,128,232,17009
fixed_gate_only,30,L,338,332,6,17009
fixed_gate_only,30,S,360,174,186,17009
fixed_gate_only,40,L,338,326,12,17009
fixed_gate_only,40,S,360,219,141,17009
fixed_gate_only,50,L,338,321,17,17009
fixed_gate_only,50,S,360,235,125,17009
fixed_gate_only,75,L,338,317,21,17009
fixed_gate_only,75,S,360,262,98,17009
fixed_gate_only,100,L,338,304,34,17009
fixed_gate_only,100,S,360,279,81,17009
fixed_gate_only,125,L,338,290,48,17009
fixed_gate_only,125,S,360,288,72,17009
fixed_gate_only,150,L,338,278,60,17009
fixed_gate_only,150,S,360,291,69,17009
fixed_gate_only,200,L,338,257,81,17009
fixed_gate_only,200,S,360,305,55,17009
fixed_gate_only,250,L,338,241,97,17009
fixed_gate_only,250,S,360,315,45,17009
fixed_gate_only,300,L,338,250,88,17009
fixed_gate_only,300,S,360,305,55,17009
scaled_joint,10,L,338,292,46,17009
scaled_joint,10,S,360,283,77,17009
scaled_joint,20,L,338,297,41,17009
scaled_joint,20,S,360,289,71,17009
scaled_joint,24,L,338,296,42,17009
scaled_joint,24,S,360,298,62,17009
scaled_joint,30,L,338,294,44,17009
scaled_joint,30,S,360,298,62,17009
scaled_joint,40,L,338,296,42,17009
scaled_joint,40,S,360,297,63,17009
scaled_joint,50,L,338,301,37,17009
scaled_joint,50,S,360,286,74,17009
scaled_joint,75,L,338,303,35,17009
scaled_joint,75,S,360,290,70,17009
scaled_joint,100,L,338,304,34,17009
scaled_joint,100,S,360,279,81,17009
scaled_joint,125,L,338,299,39,17009
scaled_joint,125,S,360,276,84,17009
scaled_joint,150,L,338,297,41,17009
scaled_joint,150,S,360,269,91,17009
scaled_joint,200,L,338,298,40,17009
scaled_joint,200,S,360,272,88,17009
scaled_joint,250,L,338,298,40,17009
scaled_joint,250,S,360,260,100,17009
scaled_joint,300,L,338,304,34,17009
scaled_joint,300,S,360,253,107,17009
